snapshot_date,store_id,product_sku,quantity_on_hand,reorder_point,_ingested_at
2026-03-17,FC001,FRS-MLK-001,177,30,2026-04-16 03:15:00
2026-03-17,FC001,FRS-YGT-002,137,30,2026-04-16 03:15:00
2026-03-17,FC001,FRS-CHD-003,115,30,2026-04-16 03:15:00
2026-03-17,FC001,FRS-BTR-004,113,30,2026-04-16 03:15:00
2026-03-17,FC001,BAK-BRD-001,119,30,2026-04-16 03:15:00
2026-03-17,FC001,BAK-CRS-002,134,30,2026-04-16 03:15:00
2026-03-17,FC001,BAK-SRD-003,120,30,2026-04-16 03:15:00
2026-03-17,FC001,BAK-BGL-004,133,30,2026-04-16 03:15:00
2026-03-17,FC001,PRD-BAN-001,179,30,2026-04-16 03:15:00
2026-03-17,FC001,PRD-TOM-002,166,30,2026-04-16 03:15:00
2026-03-17,FC001,PRD-BRC-003,195,30,2026-04-16 03:15:00
2026-03-17,FC001,PRD-APL-004,102,30,2026-04-16 03:15:00
2026-03-17,FC001,BEV-COL-001,133,30,2026-04-16 03:15:00
2026-03-17,FC001,BEV-OJU-002,147,30,2026-04-16 03:15:00
2026-03-17,FC001,BEV-WAT-003,135,30,2026-04-16 03:15:00
2026-03-17,FC001,BEV-BER-004,137,30,2026-04-16 03:15:00
2026-03-17,FC001,FRZ-PIZ-001,177,30,2026-04-16 03:15:00
2026-03-17,FC001,FRZ-ICE-002,184,30,2026-04-16 03:15:00
2026-03-17,FC001,FRZ-FRI-003,157,30,2026-04-16 03:15:00
2026-03-17,FC001,FRZ-PEA-004,142,30,2026-04-16 03:15:00
2026-03-17,FC001,SNK-CHP-001,161,30,2026-04-16 03:15:00
2026-03-17,FC001,SNK-CHC-002,172,30,2026-04-16 03:15:00
2026-03-17,FC001,SNK-BSC-003,172,30,2026-04-16 03:15:00
2026-03-17,FC001,SNK-NUT-004,119,30,2026-04-16 03:15:00
2026-03-17,FC002,FRS-MLK-001,123,30,2026-04-16 03:15:00
2026-03-17,FC002,FRS-YGT-002,126,30,2026-04-16 03:15:00
2026-03-17,FC002,FRS-CHD-003,120,30,2026-04-16 03:15:00
2026-03-17,FC002,FRS-BTR-004,144,30,2026-04-16 03:15:00
2026-03-17,FC002,BAK-BRD-001,135,30,2026-04-16 03:15:00
2026-03-17,FC002,BAK-CRS-002,143,30,2026-04-16 03:15:00
2026-03-17,FC002,BAK-SRD-003,183,30,2026-04-16 03:15:00
2026-03-17,FC002,BAK-BGL-004,137,30,2026-04-16 03:15:00
2026-03-17,FC002,PRD-BAN-001,156,30,2026-04-16 03:15:00
2026-03-17,FC002,PRD-TOM-002,194,30,2026-04-16 03:15:00
2026-03-17,FC002,PRD-BRC-003,176,30,2026-04-16 03:15:00
2026-03-17,FC002,PRD-APL-004,106,30,2026-04-16 03:15:00
2026-03-17,FC002,BEV-COL-001,163,30,2026-04-16 03:15:00
2026-03-17,FC002,BEV-OJU-002,122,30,2026-04-16 03:15:00
2026-03-17,FC002,BEV-WAT-003,185,30,2026-04-16 03:15:00
2026-03-17,FC002,BEV-BER-004,167,30,2026-04-16 03:15:00
2026-03-17,FC002,FRZ-PIZ-001,179,30,2026-04-16 03:15:00
2026-03-17,FC002,FRZ-ICE-002,165,30,2026-04-16 03:15:00
2026-03-17,FC002,FRZ-FRI-003,138,30,2026-04-16 03:15:00
2026-03-17,FC002,FRZ-PEA-004,102,30,2026-04-16 03:15:00
2026-03-17,FC002,SNK-CHP-001,162,30,2026-04-16 03:15:00
2026-03-17,FC002,SNK-CHC-002,151,30,2026-04-16 03:15:00
2026-03-17,FC002,SNK-BSC-003,159,30,2026-04-16 03:15:00
2026-03-17,FC002,SNK-NUT-004,163,30,2026-04-16 03:15:00
2026-03-17,FC003,FRS-MLK-001,137,30,2026-04-16 03:15:00
2026-03-17,FC003,FRS-YGT-002,115,30,2026-04-16 03:15:00
2026-03-17,FC003,FRS-CHD-003,149,30,2026-04-16 03:15:00
2026-03-17,FC003,FRS-BTR-004,143,30,2026-04-16 03:15:00
2026-03-17,FC003,BAK-BRD-001,130,30,2026-04-16 03:15:00
2026-03-17,FC003,BAK-CRS-002,117,30,2026-04-16 03:15:00
2026-03-17,FC003,BAK-SRD-003,158,30,2026-04-16 03:15:00
2026-03-17,FC003,BAK-BGL-004,114,30,2026-04-16 03:15:00
2026-03-17,FC003,PRD-BAN-001,132,30,2026-04-16 03:15:00
2026-03-17,FC003,PRD-TOM-002,124,30,2026-04-16 03:15:00
2026-03-17,FC003,PRD-BRC-003,157,30,2026-04-16 03:15:00
2026-03-17,FC003,PRD-APL-004,160,30,2026-04-16 03:15:00
2026-03-17,FC003,BEV-COL-001,148,30,2026-04-16 03:15:00
2026-03-17,FC003,BEV-OJU-002,138,30,2026-04-16 03:15:00
2026-03-17,FC003,BEV-WAT-003,192,30,2026-04-16 03:15:00
2026-03-17,FC003,BEV-BER-004,135,30,2026-04-16 03:15:00
2026-03-17,FC003,FRZ-PIZ-001,134,30,2026-04-16 03:15:00
2026-03-17,FC003,FRZ-ICE-002,167,30,2026-04-16 03:15:00
2026-03-17,FC003,FRZ-FRI-003,181,30,2026-04-16 03:15:00
2026-03-17,FC003,FRZ-PEA-004,134,30,2026-04-16 03:15:00
2026-03-17,FC003,SNK-CHP-001,180,30,2026-04-16 03:15:00
2026-03-17,FC003,SNK-CHC-002,128,30,2026-04-16 03:15:00
2026-03-17,FC003,SNK-BSC-003,162,30,2026-04-16 03:15:00
2026-03-17,FC003,SNK-NUT-004,121,30,2026-04-16 03:15:00
2026-03-17,FC004,FRS-MLK-001,54,15,2026-04-16 03:15:00
2026-03-17,FC004,FRS-YGT-002,64,15,2026-04-16 03:15:00
2026-03-17,FC004,FRS-CHD-003,47,15,2026-04-16 03:15:00
2026-03-17,FC004,FRS-BTR-004,47,15,2026-04-16 03:15:00
2026-03-17,FC004,BAK-BRD-001,53,15,2026-04-16 03:15:00
2026-03-17,FC004,BAK-CRS-002,47,15,2026-04-16 03:15:00
2026-03-17,FC004,BAK-SRD-003,49,15,2026-04-16 03:15:00
2026-03-17,FC004,BAK-BGL-004,56,15,2026-04-16 03:15:00
2026-03-17,FC004,PRD-BAN-001,47,15,2026-04-16 03:15:00
2026-03-17,FC004,PRD-TOM-002,50,15,2026-04-16 03:15:00
2026-03-17,FC004,PRD-BRC-003,47,15,2026-04-16 03:15:00
2026-03-17,FC004,PRD-APL-004,66,15,2026-04-16 03:15:00
2026-03-17,FC004,BEV-COL-001,55,15,2026-04-16 03:15:00
2026-03-17,FC004,BEV-OJU-002,60,15,2026-04-16 03:15:00
2026-03-17,FC004,BEV-WAT-003,70,15,2026-04-16 03:15:00
2026-03-17,FC004,BEV-BER-004,61,15,2026-04-16 03:15:00
2026-03-17,FC004,FRZ-PIZ-001,51,15,2026-04-16 03:15:00
2026-03-17,FC004,FRZ-ICE-002,61,15,2026-04-16 03:15:00
2026-03-17,FC004,FRZ-FRI-003,58,15,2026-04-16 03:15:00
2026-03-17,FC004,FRZ-PEA-004,45,15,2026-04-16 03:15:00
2026-03-17,FC004,SNK-CHP-001,57,15,2026-04-16 03:15:00
2026-03-17,FC004,SNK-CHC-002,58,15,2026-04-16 03:15:00
2026-03-17,FC004,SNK-BSC-003,40,15,2026-04-16 03:15:00
2026-03-17,FC004,SNK-NUT-004,56,15,2026-04-16 03:15:00
2026-03-17,FC005,FRS-MLK-001,174,30,2026-04-16 03:15:00
2026-03-17,FC005,FRS-YGT-002,121,30,2026-04-16 03:15:00
2026-03-17,FC005,FRS-CHD-003,175,30,2026-04-16 03:15:00
2026-03-17,FC005,FRS-BTR-004,120,30,2026-04-16 03:15:00
2026-03-17,FC005,BAK-BRD-001,161,30,2026-04-16 03:15:00
2026-03-17,FC005,BAK-CRS-002,116,30,2026-04-16 03:15:00
2026-03-17,FC005,BAK-SRD-003,128,30,2026-04-16 03:15:00
2026-03-17,FC005,BAK-BGL-004,126,30,2026-04-16 03:15:00
2026-03-17,FC005,PRD-BAN-001,168,30,2026-04-16 03:15:00
2026-03-17,FC005,PRD-TOM-002,130,30,2026-04-16 03:15:00
2026-03-17,FC005,PRD-BRC-003,161,30,2026-04-16 03:15:00
2026-03-17,FC005,PRD-APL-004,135,30,2026-04-16 03:15:00
2026-03-17,FC005,BEV-COL-001,130,30,2026-04-16 03:15:00
2026-03-17,FC005,BEV-OJU-002,152,30,2026-04-16 03:15:00
2026-03-17,FC005,BEV-WAT-003,135,30,2026-04-16 03:15:00
2026-03-17,FC005,BEV-BER-004,176,30,2026-04-16 03:15:00
2026-03-17,FC005,FRZ-PIZ-001,189,30,2026-04-16 03:15:00
2026-03-17,FC005,FRZ-ICE-002,131,30,2026-04-16 03:15:00
2026-03-17,FC005,FRZ-FRI-003,156,30,2026-04-16 03:15:00
2026-03-17,FC005,FRZ-PEA-004,185,30,2026-04-16 03:15:00
2026-03-17,FC005,SNK-CHP-001,176,30,2026-04-16 03:15:00
2026-03-17,FC005,SNK-CHC-002,126,30,2026-04-16 03:15:00
2026-03-17,FC005,SNK-BSC-003,138,30,2026-04-16 03:15:00
2026-03-17,FC005,SNK-NUT-004,110,30,2026-04-16 03:15:00
2026-03-17,FC006,FRS-MLK-001,177,30,2026-04-16 03:15:00
2026-03-17,FC006,FRS-YGT-002,186,30,2026-04-16 03:15:00
2026-03-17,FC006,FRS-CHD-003,195,30,2026-04-16 03:15:00
2026-03-17,FC006,FRS-BTR-004,168,30,2026-04-16 03:15:00
2026-03-17,FC006,BAK-BRD-001,131,30,2026-04-16 03:15:00
2026-03-17,FC006,BAK-CRS-002,174,30,2026-04-16 03:15:00
2026-03-17,FC006,BAK-SRD-003,159,30,2026-04-16 03:15:00
2026-03-17,FC006,BAK-BGL-004,106,30,2026-04-16 03:15:00
2026-03-17,FC006,PRD-BAN-001,128,30,2026-04-16 03:15:00
2026-03-17,FC006,PRD-TOM-002,135,30,2026-04-16 03:15:00
2026-03-17,FC006,PRD-BRC-003,156,30,2026-04-16 03:15:00
2026-03-17,FC006,PRD-APL-004,136,30,2026-04-16 03:15:00
2026-03-17,FC006,BEV-COL-001,110,30,2026-04-16 03:15:00
2026-03-17,FC006,BEV-OJU-002,116,30,2026-04-16 03:15:00
2026-03-17,FC006,BEV-WAT-003,145,30,2026-04-16 03:15:00
2026-03-17,FC006,BEV-BER-004,127,30,2026-04-16 03:15:00
2026-03-17,FC006,FRZ-PIZ-001,163,30,2026-04-16 03:15:00
2026-03-17,FC006,FRZ-ICE-002,111,30,2026-04-16 03:15:00
2026-03-17,FC006,FRZ-FRI-003,173,30,2026-04-16 03:15:00
2026-03-17,FC006,FRZ-PEA-004,129,30,2026-04-16 03:15:00
2026-03-17,FC006,SNK-CHP-001,136,30,2026-04-16 03:15:00
2026-03-17,FC006,SNK-CHC-002,108,30,2026-04-16 03:15:00
2026-03-17,FC006,SNK-BSC-003,118,30,2026-04-16 03:15:00
2026-03-17,FC006,SNK-NUT-004,149,30,2026-04-16 03:15:00
2026-03-17,FC007,FRS-MLK-001,64,15,2026-04-16 03:15:00
2026-03-17,FC007,FRS-YGT-002,48,15,2026-04-16 03:15:00
2026-03-17,FC007,FRS-CHD-003,70,15,2026-04-16 03:15:00
2026-03-17,FC007,FRS-BTR-004,64,15,2026-04-16 03:15:00
2026-03-17,FC007,BAK-BRD-001,56,15,2026-04-16 03:15:00
2026-03-17,FC007,BAK-CRS-002,75,15,2026-04-16 03:15:00
2026-03-17,FC007,BAK-SRD-003,48,15,2026-04-16 03:15:00
2026-03-17,FC007,BAK-BGL-004,71,15,2026-04-16 03:15:00
2026-03-17,FC007,PRD-BAN-001,40,15,2026-04-16 03:15:00
2026-03-17,FC007,PRD-TOM-002,68,15,2026-04-16 03:15:00
2026-03-17,FC007,PRD-BRC-003,43,15,2026-04-16 03:15:00
2026-03-17,FC007,PRD-APL-004,52,15,2026-04-16 03:15:00
2026-03-17,FC007,BEV-COL-001,47,15,2026-04-16 03:15:00
2026-03-17,FC007,BEV-OJU-002,43,15,2026-04-16 03:15:00
2026-03-17,FC007,BEV-WAT-003,52,15,2026-04-16 03:15:00
2026-03-17,FC007,BEV-BER-004,67,15,2026-04-16 03:15:00
2026-03-17,FC007,FRZ-PIZ-001,61,15,2026-04-16 03:15:00
2026-03-17,FC007,FRZ-ICE-002,65,15,2026-04-16 03:15:00
2026-03-17,FC007,FRZ-FRI-003,45,15,2026-04-16 03:15:00
2026-03-17,FC007,FRZ-PEA-004,40,15,2026-04-16 03:15:00
2026-03-17,FC007,SNK-CHP-001,72,15,2026-04-16 03:15:00
2026-03-17,FC007,SNK-CHC-002,49,15,2026-04-16 03:15:00
2026-03-17,FC007,SNK-BSC-003,59,15,2026-04-16 03:15:00
2026-03-17,FC007,SNK-NUT-004,70,15,2026-04-16 03:15:00
2026-03-17,FC008,FRS-MLK-001,48,15,2026-04-16 03:15:00
2026-03-17,FC008,FRS-YGT-002,54,15,2026-04-16 03:15:00
2026-03-17,FC008,FRS-CHD-003,63,15,2026-04-16 03:15:00
2026-03-17,FC008,FRS-BTR-004,72,15,2026-04-16 03:15:00
2026-03-17,FC008,BAK-BRD-001,74,15,2026-04-16 03:15:00
2026-03-17,FC008,BAK-CRS-002,32,15,2026-04-16 03:15:00
2026-03-17,FC008,BAK-SRD-003,49,15,2026-04-16 03:15:00
2026-03-17,FC008,BAK-BGL-004,51,15,2026-04-16 03:15:00
2026-03-17,FC008,PRD-BAN-001,41,15,2026-04-16 03:15:00
2026-03-17,FC008,PRD-TOM-002,52,15,2026-04-16 03:15:00
2026-03-17,FC008,PRD-BRC-003,61,15,2026-04-16 03:15:00
2026-03-17,FC008,PRD-APL-004,44,15,2026-04-16 03:15:00
2026-03-17,FC008,BEV-COL-001,56,15,2026-04-16 03:15:00
2026-03-17,FC008,BEV-OJU-002,32,15,2026-04-16 03:15:00
2026-03-17,FC008,BEV-WAT-003,57,15,2026-04-16 03:15:00
2026-03-17,FC008,BEV-BER-004,43,15,2026-04-16 03:15:00
2026-03-17,FC008,FRZ-PIZ-001,56,15,2026-04-16 03:15:00
2026-03-17,FC008,FRZ-ICE-002,70,15,2026-04-16 03:15:00
2026-03-17,FC008,FRZ-FRI-003,50,15,2026-04-16 03:15:00
2026-03-17,FC008,FRZ-PEA-004,47,15,2026-04-16 03:15:00
2026-03-17,FC008,SNK-CHP-001,44,15,2026-04-16 03:15:00
2026-03-17,FC008,SNK-CHC-002,66,15,2026-04-16 03:15:00
2026-03-17,FC008,SNK-BSC-003,53,15,2026-04-16 03:15:00
2026-03-17,FC008,SNK-NUT-004,34,15,2026-04-16 03:15:00
2026-03-18,FC001,FRS-MLK-001,170,30,2026-04-16 03:15:00
2026-03-18,FC001,FRS-YGT-002,122,30,2026-04-16 03:15:00
2026-03-18,FC001,FRS-CHD-003,105,30,2026-04-16 03:15:00
2026-03-18,FC001,FRS-BTR-004,102,30,2026-04-16 03:15:00
2026-03-18,FC001,BAK-BRD-001,117,30,2026-04-16 03:15:00
2026-03-18,FC001,BAK-CRS-002,132,30,2026-04-16 03:15:00
2026-03-18,FC001,BAK-SRD-003,111,30,2026-04-16 03:15:00
2026-03-18,FC001,BAK-BGL-004,124,30,2026-04-16 03:15:00
2026-03-18,FC001,PRD-BAN-001,174,30,2026-04-16 03:15:00
2026-03-18,FC001,PRD-TOM-002,161,30,2026-04-16 03:15:00
2026-03-18,FC001,PRD-BRC-003,192,30,2026-04-16 03:15:00
2026-03-18,FC001,PRD-APL-004,90,30,2026-04-16 03:15:00
2026-03-18,FC001,BEV-COL-001,115,30,2026-04-16 03:15:00
2026-03-18,FC001,BEV-OJU-002,141,30,2026-04-16 03:15:00
2026-03-18,FC001,BEV-WAT-003,117,30,2026-04-16 03:15:00
2026-03-18,FC001,BEV-BER-004,126,30,2026-04-16 03:15:00
2026-03-18,FC001,FRZ-PIZ-001,165,30,2026-04-16 03:15:00
2026-03-18,FC001,FRZ-ICE-002,174,30,2026-04-16 03:15:00
2026-03-18,FC001,FRZ-FRI-003,143,30,2026-04-16 03:15:00
2026-03-18,FC001,FRZ-PEA-004,123,30,2026-04-16 03:15:00
2026-03-18,FC001,SNK-CHP-001,145,30,2026-04-16 03:15:00
2026-03-18,FC001,SNK-CHC-002,167,30,2026-04-16 03:15:00
2026-03-18,FC001,SNK-BSC-003,161,30,2026-04-16 03:15:00
2026-03-18,FC001,SNK-NUT-004,111,30,2026-04-16 03:15:00
2026-03-18,FC002,FRS-MLK-001,103,30,2026-04-16 03:15:00
2026-03-18,FC002,FRS-YGT-002,108,30,2026-04-16 03:15:00
2026-03-18,FC002,FRS-CHD-003,109,30,2026-04-16 03:15:00
2026-03-18,FC002,FRS-BTR-004,124,30,2026-04-16 03:15:00
2026-03-18,FC002,BAK-BRD-001,131,30,2026-04-16 03:15:00
2026-03-18,FC002,BAK-CRS-002,127,30,2026-04-16 03:15:00
2026-03-18,FC002,BAK-SRD-003,172,30,2026-04-16 03:15:00
2026-03-18,FC002,BAK-BGL-004,123,30,2026-04-16 03:15:00
2026-03-18,FC002,PRD-BAN-001,148,30,2026-04-16 03:15:00
2026-03-18,FC002,PRD-TOM-002,177,30,2026-04-16 03:15:00
2026-03-18,FC002,PRD-BRC-003,170,30,2026-04-16 03:15:00
2026-03-18,FC002,PRD-APL-004,89,30,2026-04-16 03:15:00
2026-03-18,FC002,BEV-COL-001,158,30,2026-04-16 03:15:00
2026-03-18,FC002,BEV-OJU-002,109,30,2026-04-16 03:15:00
2026-03-18,FC002,BEV-WAT-003,175,30,2026-04-16 03:15:00
2026-03-18,FC002,BEV-BER-004,149,30,2026-04-16 03:15:00
2026-03-18,FC002,FRZ-PIZ-001,171,30,2026-04-16 03:15:00
2026-03-18,FC002,FRZ-ICE-002,148,30,2026-04-16 03:15:00
2026-03-18,FC002,FRZ-FRI-003,125,30,2026-04-16 03:15:00
2026-03-18,FC002,FRZ-PEA-004,93,30,2026-04-16 03:15:00
2026-03-18,FC002,SNK-CHP-001,144,30,2026-04-16 03:15:00
2026-03-18,FC002,SNK-CHC-002,142,30,2026-04-16 03:15:00
2026-03-18,FC002,SNK-BSC-003,147,30,2026-04-16 03:15:00
2026-03-18,FC002,SNK-NUT-004,149,30,2026-04-16 03:15:00
2026-03-18,FC003,FRS-MLK-001,117,30,2026-04-16 03:15:00
2026-03-18,FC003,FRS-YGT-002,110,30,2026-04-16 03:15:00
2026-03-18,FC003,FRS-CHD-003,134,30,2026-04-16 03:15:00
2026-03-18,FC003,FRS-BTR-004,135,30,2026-04-16 03:15:00
2026-03-18,FC003,BAK-BRD-001,113,30,2026-04-16 03:15:00
2026-03-18,FC003,BAK-CRS-002,107,30,2026-04-16 03:15:00
2026-03-18,FC003,BAK-SRD-003,149,30,2026-04-16 03:15:00
2026-03-18,FC003,BAK-BGL-004,103,30,2026-04-16 03:15:00
2026-03-18,FC003,PRD-BAN-001,128,30,2026-04-16 03:15:00
2026-03-18,FC003,PRD-TOM-002,114,30,2026-04-16 03:15:00
2026-03-18,FC003,PRD-BRC-003,150,30,2026-04-16 03:15:00
2026-03-18,FC003,PRD-APL-004,142,30,2026-04-16 03:15:00
2026-03-18,FC003,BEV-COL-001,130,30,2026-04-16 03:15:00
2026-03-18,FC003,BEV-OJU-002,128,30,2026-04-16 03:15:00
2026-03-18,FC003,BEV-WAT-003,172,30,2026-04-16 03:15:00
2026-03-18,FC003,BEV-BER-004,116,30,2026-04-16 03:15:00
2026-03-18,FC003,FRZ-PIZ-001,123,30,2026-04-16 03:15:00
2026-03-18,FC003,FRZ-ICE-002,159,30,2026-04-16 03:15:00
2026-03-18,FC003,FRZ-FRI-003,174,30,2026-04-16 03:15:00
2026-03-18,FC003,FRZ-PEA-004,116,30,2026-04-16 03:15:00
2026-03-18,FC003,SNK-CHP-001,167,30,2026-04-16 03:15:00
2026-03-18,FC003,SNK-CHC-002,113,30,2026-04-16 03:15:00
2026-03-18,FC003,SNK-BSC-003,154,30,2026-04-16 03:15:00
2026-03-18,FC003,SNK-NUT-004,111,30,2026-04-16 03:15:00
2026-03-18,FC004,FRS-MLK-001,46,15,2026-04-16 03:15:00
2026-03-18,FC004,FRS-YGT-002,61,15,2026-04-16 03:15:00
2026-03-18,FC004,FRS-CHD-003,40,15,2026-04-16 03:15:00
2026-03-18,FC004,FRS-BTR-004,38,15,2026-04-16 03:15:00
2026-03-18,FC004,BAK-BRD-001,47,15,2026-04-16 03:15:00
2026-03-18,FC004,BAK-CRS-002,44,15,2026-04-16 03:15:00
2026-03-18,FC004,BAK-SRD-003,41,15,2026-04-16 03:15:00
2026-03-18,FC004,BAK-BGL-004,54,15,2026-04-16 03:15:00
2026-03-18,FC004,PRD-BAN-001,40,15,2026-04-16 03:15:00
2026-03-18,FC004,PRD-TOM-002,42,15,2026-04-16 03:15:00
2026-03-18,FC004,PRD-BRC-003,43,15,2026-04-16 03:15:00
2026-03-18,FC004,PRD-APL-004,56,15,2026-04-16 03:15:00
2026-03-18,FC004,BEV-COL-001,54,15,2026-04-16 03:15:00
2026-03-18,FC004,BEV-OJU-002,53,15,2026-04-16 03:15:00
2026-03-18,FC004,BEV-WAT-003,63,15,2026-04-16 03:15:00
2026-03-18,FC004,BEV-BER-004,55,15,2026-04-16 03:15:00
2026-03-18,FC004,FRZ-PIZ-001,50,15,2026-04-16 03:15:00
2026-03-18,FC004,FRZ-ICE-002,60,15,2026-04-16 03:15:00
2026-03-18,FC004,FRZ-FRI-003,49,15,2026-04-16 03:15:00
2026-03-18,FC004,FRZ-PEA-004,40,15,2026-04-16 03:15:00
2026-03-18,FC004,SNK-CHP-001,47,15,2026-04-16 03:15:00
2026-03-18,FC004,SNK-CHC-002,51,15,2026-04-16 03:15:00
2026-03-18,FC004,SNK-BSC-003,33,15,2026-04-16 03:15:00
2026-03-18,FC004,SNK-NUT-004,49,15,2026-04-16 03:15:00
2026-03-18,FC005,FRS-MLK-001,171,30,2026-04-16 03:15:00
2026-03-18,FC005,FRS-YGT-002,118,30,2026-04-16 03:15:00
2026-03-18,FC005,FRS-CHD-003,165,30,2026-04-16 03:15:00
2026-03-18,FC005,FRS-BTR-004,110,30,2026-04-16 03:15:00
2026-03-18,FC005,BAK-BRD-001,148,30,2026-04-16 03:15:00
2026-03-18,FC005,BAK-CRS-002,108,30,2026-04-16 03:15:00
2026-03-18,FC005,BAK-SRD-003,114,30,2026-04-16 03:15:00
2026-03-18,FC005,BAK-BGL-004,119,30,2026-04-16 03:15:00
2026-03-18,FC005,PRD-BAN-001,160,30,2026-04-16 03:15:00
2026-03-18,FC005,PRD-TOM-002,111,30,2026-04-16 03:15:00
2026-03-18,FC005,PRD-BRC-003,145,30,2026-04-16 03:15:00
2026-03-18,FC005,PRD-APL-004,133,30,2026-04-16 03:15:00
2026-03-18,FC005,BEV-COL-001,113,30,2026-04-16 03:15:00
2026-03-18,FC005,BEV-OJU-002,142,30,2026-04-16 03:15:00
2026-03-18,FC005,BEV-WAT-003,116,30,2026-04-16 03:15:00
2026-03-18,FC005,BEV-BER-004,174,30,2026-04-16 03:15:00
2026-03-18,FC005,FRZ-PIZ-001,184,30,2026-04-16 03:15:00
2026-03-18,FC005,FRZ-ICE-002,116,30,2026-04-16 03:15:00
2026-03-18,FC005,FRZ-FRI-003,140,30,2026-04-16 03:15:00
2026-03-18,FC005,FRZ-PEA-004,165,30,2026-04-16 03:15:00
2026-03-18,FC005,SNK-CHP-001,156,30,2026-04-16 03:15:00
2026-03-18,FC005,SNK-CHC-002,113,30,2026-04-16 03:15:00
2026-03-18,FC005,SNK-BSC-003,125,30,2026-04-16 03:15:00
2026-03-18,FC005,SNK-NUT-004,98,30,2026-04-16 03:15:00
2026-03-18,FC006,FRS-MLK-001,169,30,2026-04-16 03:15:00
2026-03-18,FC006,FRS-YGT-002,184,30,2026-04-16 03:15:00
2026-03-18,FC006,FRS-CHD-003,176,30,2026-04-16 03:15:00
2026-03-18,FC006,FRS-BTR-004,160,30,2026-04-16 03:15:00
2026-03-18,FC006,BAK-BRD-001,122,30,2026-04-16 03:15:00
2026-03-18,FC006,BAK-CRS-002,155,30,2026-04-16 03:15:00
2026-03-18,FC006,BAK-SRD-003,157,30,2026-04-16 03:15:00
2026-03-18,FC006,BAK-BGL-004,96,30,2026-04-16 03:15:00
2026-03-18,FC006,PRD-BAN-001,126,30,2026-04-16 03:15:00
2026-03-18,FC006,PRD-TOM-002,118,30,2026-04-16 03:15:00
2026-03-18,FC006,PRD-BRC-003,140,30,2026-04-16 03:15:00
2026-03-18,FC006,PRD-APL-004,129,30,2026-04-16 03:15:00
2026-03-18,FC006,BEV-COL-001,92,30,2026-04-16 03:15:00
2026-03-18,FC006,BEV-OJU-002,114,30,2026-04-16 03:15:00
2026-03-18,FC006,BEV-WAT-003,133,30,2026-04-16 03:15:00
2026-03-18,FC006,BEV-BER-004,112,30,2026-04-16 03:15:00
2026-03-18,FC006,FRZ-PIZ-001,155,30,2026-04-16 03:15:00
2026-03-18,FC006,FRZ-ICE-002,106,30,2026-04-16 03:15:00
2026-03-18,FC006,FRZ-FRI-003,164,30,2026-04-16 03:15:00
2026-03-18,FC006,FRZ-PEA-004,113,30,2026-04-16 03:15:00
2026-03-18,FC006,SNK-CHP-001,127,30,2026-04-16 03:15:00
2026-03-18,FC006,SNK-CHC-002,88,30,2026-04-16 03:15:00
2026-03-18,FC006,SNK-BSC-003,106,30,2026-04-16 03:15:00
2026-03-18,FC006,SNK-NUT-004,137,30,2026-04-16 03:15:00
2026-03-18,FC007,FRS-MLK-001,58,15,2026-04-16 03:15:00
2026-03-18,FC007,FRS-YGT-002,41,15,2026-04-16 03:15:00
2026-03-18,FC007,FRS-CHD-003,60,15,2026-04-16 03:15:00
2026-03-18,FC007,FRS-BTR-004,57,15,2026-04-16 03:15:00
2026-03-18,FC007,BAK-BRD-001,51,15,2026-04-16 03:15:00
2026-03-18,FC007,BAK-CRS-002,66,15,2026-04-16 03:15:00
2026-03-18,FC007,BAK-SRD-003,44,15,2026-04-16 03:15:00
2026-03-18,FC007,BAK-BGL-004,61,15,2026-04-16 03:15:00
2026-03-18,FC007,PRD-BAN-001,34,15,2026-04-16 03:15:00
2026-03-18,FC007,PRD-TOM-002,59,15,2026-04-16 03:15:00
2026-03-18,FC007,PRD-BRC-003,38,15,2026-04-16 03:15:00
2026-03-18,FC007,PRD-APL-004,43,15,2026-04-16 03:15:00
2026-03-18,FC007,BEV-COL-001,43,15,2026-04-16 03:15:00
2026-03-18,FC007,BEV-OJU-002,42,15,2026-04-16 03:15:00
2026-03-18,FC007,BEV-WAT-003,51,15,2026-04-16 03:15:00
2026-03-18,FC007,BEV-BER-004,62,15,2026-04-16 03:15:00
2026-03-18,FC007,FRZ-PIZ-001,60,15,2026-04-16 03:15:00
2026-03-18,FC007,FRZ-ICE-002,61,15,2026-04-16 03:15:00
2026-03-18,FC007,FRZ-FRI-003,37,15,2026-04-16 03:15:00
2026-03-18,FC007,FRZ-PEA-004,39,15,2026-04-16 03:15:00
2026-03-18,FC007,SNK-CHP-001,62,15,2026-04-16 03:15:00
2026-03-18,FC007,SNK-CHC-002,39,15,2026-04-16 03:15:00
2026-03-18,FC007,SNK-BSC-003,52,15,2026-04-16 03:15:00
2026-03-18,FC007,SNK-NUT-004,61,15,2026-04-16 03:15:00
2026-03-18,FC008,FRS-MLK-001,126,15,2026-04-16 03:15:00
2026-03-18,FC008,FRS-YGT-002,49,15,2026-04-16 03:15:00
2026-03-18,FC008,FRS-CHD-003,44,15,2026-04-16 03:15:00
2026-03-18,FC008,FRS-BTR-004,55,15,2026-04-16 03:15:00
2026-03-18,FC008,BAK-BRD-001,69,15,2026-04-16 03:15:00
2026-03-18,FC008,BAK-CRS-002,124,15,2026-04-16 03:15:00
2026-03-18,FC008,BAK-SRD-003,32,15,2026-04-16 03:15:00
2026-03-18,FC008,BAK-BGL-004,41,15,2026-04-16 03:15:00
2026-03-18,FC008,PRD-BAN-001,35,15,2026-04-16 03:15:00
2026-03-18,FC008,PRD-TOM-002,35,15,2026-04-16 03:15:00
2026-03-18,FC008,PRD-BRC-003,52,15,2026-04-16 03:15:00
2026-03-18,FC008,PRD-APL-004,146,15,2026-04-16 03:15:00
2026-03-18,FC008,BEV-COL-001,50,15,2026-04-16 03:15:00
2026-03-18,FC008,BEV-OJU-002,25,15,2026-04-16 03:15:00
2026-03-18,FC008,BEV-WAT-003,54,15,2026-04-16 03:15:00
2026-03-18,FC008,BEV-BER-004,40,15,2026-04-16 03:15:00
2026-03-18,FC008,FRZ-PIZ-001,36,15,2026-04-16 03:15:00
2026-03-18,FC008,FRZ-ICE-002,53,15,2026-04-16 03:15:00
2026-03-18,FC008,FRZ-FRI-003,33,15,2026-04-16 03:15:00
2026-03-18,FC008,FRZ-PEA-004,39,15,2026-04-16 03:15:00
2026-03-18,FC008,SNK-CHP-001,39,15,2026-04-16 03:15:00
2026-03-18,FC008,SNK-CHC-002,48,15,2026-04-16 03:15:00
2026-03-18,FC008,SNK-BSC-003,39,15,2026-04-16 03:15:00
2026-03-18,FC008,SNK-NUT-004,29,15,2026-04-16 03:15:00
2026-03-19,FC001,FRS-MLK-001,158,30,2026-04-16 03:15:00
2026-03-19,FC001,FRS-YGT-002,116,30,2026-04-16 03:15:00
2026-03-19,FC001,FRS-CHD-003,85,30,2026-04-16 03:15:00
2026-03-19,FC001,FRS-BTR-004,86,30,2026-04-16 03:15:00
2026-03-19,FC001,BAK-BRD-001,114,30,2026-04-16 03:15:00
2026-03-19,FC001,BAK-CRS-002,123,30,2026-04-16 03:15:00
2026-03-19,FC001,BAK-SRD-003,99,30,2026-04-16 03:15:00
2026-03-19,FC001,BAK-BGL-004,117,30,2026-04-16 03:15:00
2026-03-19,FC001,PRD-BAN-001,162,30,2026-04-16 03:15:00
2026-03-19,FC001,PRD-TOM-002,151,30,2026-04-16 03:15:00
2026-03-19,FC001,PRD-BRC-003,176,30,2026-04-16 03:15:00
2026-03-19,FC001,PRD-APL-004,85,30,2026-04-16 03:15:00
2026-03-19,FC001,BEV-COL-001,109,30,2026-04-16 03:15:00
2026-03-19,FC001,BEV-OJU-002,137,30,2026-04-16 03:15:00
2026-03-19,FC001,BEV-WAT-003,98,30,2026-04-16 03:15:00
2026-03-19,FC001,BEV-BER-004,106,30,2026-04-16 03:15:00
2026-03-19,FC001,FRZ-PIZ-001,160,30,2026-04-16 03:15:00
2026-03-19,FC001,FRZ-ICE-002,167,30,2026-04-16 03:15:00
2026-03-19,FC001,FRZ-FRI-003,127,30,2026-04-16 03:15:00
2026-03-19,FC001,FRZ-PEA-004,116,30,2026-04-16 03:15:00
2026-03-19,FC001,SNK-CHP-001,131,30,2026-04-16 03:15:00
2026-03-19,FC001,SNK-CHC-002,163,30,2026-04-16 03:15:00
2026-03-19,FC001,SNK-BSC-003,154,30,2026-04-16 03:15:00
2026-03-19,FC001,SNK-NUT-004,109,30,2026-04-16 03:15:00
2026-03-19,FC002,FRS-MLK-001,89,30,2026-04-16 03:15:00
2026-03-19,FC002,FRS-YGT-002,101,30,2026-04-16 03:15:00
2026-03-19,FC002,FRS-CHD-003,105,30,2026-04-16 03:15:00
2026-03-19,FC002,FRS-BTR-004,117,30,2026-04-16 03:15:00
2026-03-19,FC002,BAK-BRD-001,113,30,2026-04-16 03:15:00
2026-03-19,FC002,BAK-CRS-002,124,30,2026-04-16 03:15:00
2026-03-19,FC002,BAK-SRD-003,170,30,2026-04-16 03:15:00
2026-03-19,FC002,BAK-BGL-004,116,30,2026-04-16 03:15:00
2026-03-19,FC002,PRD-BAN-001,138,30,2026-04-16 03:15:00
2026-03-19,FC002,PRD-TOM-002,163,30,2026-04-16 03:15:00
2026-03-19,FC002,PRD-BRC-003,154,30,2026-04-16 03:15:00
2026-03-19,FC002,PRD-APL-004,70,30,2026-04-16 03:15:00
2026-03-19,FC002,BEV-COL-001,153,30,2026-04-16 03:15:00
2026-03-19,FC002,BEV-OJU-002,91,30,2026-04-16 03:15:00
2026-03-19,FC002,BEV-WAT-003,160,30,2026-04-16 03:15:00
2026-03-19,FC002,BEV-BER-004,141,30,2026-04-16 03:15:00
2026-03-19,FC002,FRZ-PIZ-001,168,30,2026-04-16 03:15:00
2026-03-19,FC002,FRZ-ICE-002,140,30,2026-04-16 03:15:00
2026-03-19,FC002,FRZ-FRI-003,107,30,2026-04-16 03:15:00
2026-03-19,FC002,FRZ-PEA-004,87,30,2026-04-16 03:15:00
2026-03-19,FC002,SNK-CHP-001,127,30,2026-04-16 03:15:00
2026-03-19,FC002,SNK-CHC-002,127,30,2026-04-16 03:15:00
2026-03-19,FC002,SNK-BSC-003,144,30,2026-04-16 03:15:00
2026-03-19,FC002,SNK-NUT-004,134,30,2026-04-16 03:15:00
2026-03-19,FC003,FRS-MLK-001,100,30,2026-04-16 03:15:00
2026-03-19,FC003,FRS-YGT-002,100,30,2026-04-16 03:15:00
2026-03-19,FC003,FRS-CHD-003,115,30,2026-04-16 03:15:00
2026-03-19,FC003,FRS-BTR-004,116,30,2026-04-16 03:15:00
2026-03-19,FC003,BAK-BRD-001,105,30,2026-04-16 03:15:00
2026-03-19,FC003,BAK-CRS-002,100,30,2026-04-16 03:15:00
2026-03-19,FC003,BAK-SRD-003,135,30,2026-04-16 03:15:00
2026-03-19,FC003,BAK-BGL-004,99,30,2026-04-16 03:15:00
2026-03-19,FC003,PRD-BAN-001,117,30,2026-04-16 03:15:00
2026-03-19,FC003,PRD-TOM-002,102,30,2026-04-16 03:15:00
2026-03-19,FC003,PRD-BRC-003,144,30,2026-04-16 03:15:00
2026-03-19,FC003,PRD-APL-004,138,30,2026-04-16 03:15:00
2026-03-19,FC003,BEV-COL-001,111,30,2026-04-16 03:15:00
2026-03-19,FC003,BEV-OJU-002,108,30,2026-04-16 03:15:00
2026-03-19,FC003,BEV-WAT-003,167,30,2026-04-16 03:15:00
2026-03-19,FC003,BEV-BER-004,96,30,2026-04-16 03:15:00
2026-03-19,FC003,FRZ-PIZ-001,107,30,2026-04-16 03:15:00
2026-03-19,FC003,FRZ-ICE-002,150,30,2026-04-16 03:15:00
2026-03-19,FC003,FRZ-FRI-003,155,30,2026-04-16 03:15:00
2026-03-19,FC003,FRZ-PEA-004,102,30,2026-04-16 03:15:00
2026-03-19,FC003,SNK-CHP-001,164,30,2026-04-16 03:15:00
2026-03-19,FC003,SNK-CHC-002,104,30,2026-04-16 03:15:00
2026-03-19,FC003,SNK-BSC-003,145,30,2026-04-16 03:15:00
2026-03-19,FC003,SNK-NUT-004,97,30,2026-04-16 03:15:00
2026-03-19,FC004,FRS-MLK-001,42,15,2026-04-16 03:15:00
2026-03-19,FC004,FRS-YGT-002,53,15,2026-04-16 03:15:00
2026-03-19,FC004,FRS-CHD-003,33,15,2026-04-16 03:15:00
2026-03-19,FC004,FRS-BTR-004,32,15,2026-04-16 03:15:00
2026-03-19,FC004,BAK-BRD-001,40,15,2026-04-16 03:15:00
2026-03-19,FC004,BAK-CRS-002,41,15,2026-04-16 03:15:00
2026-03-19,FC004,BAK-SRD-003,37,15,2026-04-16 03:15:00
2026-03-19,FC004,BAK-BGL-004,50,15,2026-04-16 03:15:00
2026-03-19,FC004,PRD-BAN-001,39,15,2026-04-16 03:15:00
2026-03-19,FC004,PRD-TOM-002,37,15,2026-04-16 03:15:00
2026-03-19,FC004,PRD-BRC-003,38,15,2026-04-16 03:15:00
2026-03-19,FC004,PRD-APL-004,47,15,2026-04-16 03:15:00
2026-03-19,FC004,BEV-COL-001,53,15,2026-04-16 03:15:00
2026-03-19,FC004,BEV-OJU-002,52,15,2026-04-16 03:15:00
2026-03-19,FC004,BEV-WAT-003,58,15,2026-04-16 03:15:00
2026-03-19,FC004,BEV-BER-004,50,15,2026-04-16 03:15:00
2026-03-19,FC004,FRZ-PIZ-001,45,15,2026-04-16 03:15:00
2026-03-19,FC004,FRZ-ICE-002,55,15,2026-04-16 03:15:00
2026-03-19,FC004,FRZ-FRI-003,44,15,2026-04-16 03:15:00
2026-03-19,FC004,FRZ-PEA-004,36,15,2026-04-16 03:15:00
2026-03-19,FC004,SNK-CHP-001,45,15,2026-04-16 03:15:00
2026-03-19,FC004,SNK-CHC-002,48,15,2026-04-16 03:15:00
2026-03-19,FC004,SNK-BSC-003,31,15,2026-04-16 03:15:00
2026-03-19,FC004,SNK-NUT-004,43,15,2026-04-16 03:15:00
2026-03-19,FC005,FRS-MLK-001,160,30,2026-04-16 03:15:00
2026-03-19,FC005,FRS-YGT-002,111,30,2026-04-16 03:15:00
2026-03-19,FC005,FRS-CHD-003,145,30,2026-04-16 03:15:00
2026-03-19,FC005,FRS-BTR-004,101,30,2026-04-16 03:15:00
2026-03-19,FC005,BAK-BRD-001,133,30,2026-04-16 03:15:00
2026-03-19,FC005,BAK-CRS-002,88,30,2026-04-16 03:15:00
2026-03-19,FC005,BAK-SRD-003,100,30,2026-04-16 03:15:00
2026-03-19,FC005,BAK-BGL-004,101,30,2026-04-16 03:15:00
2026-03-19,FC005,PRD-BAN-001,156,30,2026-04-16 03:15:00
2026-03-19,FC005,PRD-TOM-002,97,30,2026-04-16 03:15:00
2026-03-19,FC005,PRD-BRC-003,128,30,2026-04-16 03:15:00
2026-03-19,FC005,PRD-APL-004,121,30,2026-04-16 03:15:00
2026-03-19,FC005,BEV-COL-001,103,30,2026-04-16 03:15:00
2026-03-19,FC005,BEV-OJU-002,122,30,2026-04-16 03:15:00
2026-03-19,FC005,BEV-WAT-003,110,30,2026-04-16 03:15:00
2026-03-19,FC005,BEV-BER-004,158,30,2026-04-16 03:15:00
2026-03-19,FC005,FRZ-PIZ-001,180,30,2026-04-16 03:15:00
2026-03-19,FC005,FRZ-ICE-002,99,30,2026-04-16 03:15:00
2026-03-19,FC005,FRZ-FRI-003,121,30,2026-04-16 03:15:00
2026-03-19,FC005,FRZ-PEA-004,161,30,2026-04-16 03:15:00
2026-03-19,FC005,SNK-CHP-001,147,30,2026-04-16 03:15:00
2026-03-19,FC005,SNK-CHC-002,94,30,2026-04-16 03:15:00
2026-03-19,FC005,SNK-BSC-003,116,30,2026-04-16 03:15:00
2026-03-19,FC005,SNK-NUT-004,87,30,2026-04-16 03:15:00
2026-03-19,FC006,FRS-MLK-001,155,30,2026-04-16 03:15:00
2026-03-19,FC006,FRS-YGT-002,171,30,2026-04-16 03:15:00
2026-03-19,FC006,FRS-CHD-003,164,30,2026-04-16 03:15:00
2026-03-19,FC006,FRS-BTR-004,144,30,2026-04-16 03:15:00
2026-03-19,FC006,BAK-BRD-001,110,30,2026-04-16 03:15:00
2026-03-19,FC006,BAK-CRS-002,148,30,2026-04-16 03:15:00
2026-03-19,FC006,BAK-SRD-003,147,30,2026-04-16 03:15:00
2026-03-19,FC006,BAK-BGL-004,89,30,2026-04-16 03:15:00
2026-03-19,FC006,PRD-BAN-001,109,30,2026-04-16 03:15:00
2026-03-19,FC006,PRD-TOM-002,106,30,2026-04-16 03:15:00
2026-03-19,FC006,PRD-BRC-003,121,30,2026-04-16 03:15:00
2026-03-19,FC006,PRD-APL-004,114,30,2026-04-16 03:15:00
2026-03-19,FC006,BEV-COL-001,84,30,2026-04-16 03:15:00
2026-03-19,FC006,BEV-OJU-002,103,30,2026-04-16 03:15:00
2026-03-19,FC006,BEV-WAT-003,124,30,2026-04-16 03:15:00
2026-03-19,FC006,BEV-BER-004,100,30,2026-04-16 03:15:00
2026-03-19,FC006,FRZ-PIZ-001,152,30,2026-04-16 03:15:00
2026-03-19,FC006,FRZ-ICE-002,86,30,2026-04-16 03:15:00
2026-03-19,FC006,FRZ-FRI-003,145,30,2026-04-16 03:15:00
2026-03-19,FC006,FRZ-PEA-004,96,30,2026-04-16 03:15:00
2026-03-19,FC006,SNK-CHP-001,115,30,2026-04-16 03:15:00
2026-03-19,FC006,SNK-CHC-002,74,30,2026-04-16 03:15:00
2026-03-19,FC006,SNK-BSC-003,88,30,2026-04-16 03:15:00
2026-03-19,FC006,SNK-NUT-004,122,30,2026-04-16 03:15:00
2026-03-19,FC007,FRS-MLK-001,51,15,2026-04-16 03:15:00
2026-03-19,FC007,FRS-YGT-002,38,15,2026-04-16 03:15:00
2026-03-19,FC007,FRS-CHD-003,56,15,2026-04-16 03:15:00
2026-03-19,FC007,FRS-BTR-004,53,15,2026-04-16 03:15:00
2026-03-19,FC007,BAK-BRD-001,47,15,2026-04-16 03:15:00
2026-03-19,FC007,BAK-CRS-002,60,15,2026-04-16 03:15:00
2026-03-19,FC007,BAK-SRD-003,41,15,2026-04-16 03:15:00
2026-03-19,FC007,BAK-BGL-004,55,15,2026-04-16 03:15:00
2026-03-19,FC007,PRD-BAN-001,28,15,2026-04-16 03:15:00
2026-03-19,FC007,PRD-TOM-002,51,15,2026-04-16 03:15:00
2026-03-19,FC007,PRD-BRC-003,32,15,2026-04-16 03:15:00
2026-03-19,FC007,PRD-APL-004,41,15,2026-04-16 03:15:00
2026-03-19,FC007,BEV-COL-001,34,15,2026-04-16 03:15:00
2026-03-19,FC007,BEV-OJU-002,39,15,2026-04-16 03:15:00
2026-03-19,FC007,BEV-WAT-003,49,15,2026-04-16 03:15:00
2026-03-19,FC007,BEV-BER-004,52,15,2026-04-16 03:15:00
2026-03-19,FC007,FRZ-PIZ-001,52,15,2026-04-16 03:15:00
2026-03-19,FC007,FRZ-ICE-002,58,15,2026-04-16 03:15:00
2026-03-19,FC007,FRZ-FRI-003,32,15,2026-04-16 03:15:00
2026-03-19,FC007,FRZ-PEA-004,38,15,2026-04-16 03:15:00
2026-03-19,FC007,SNK-CHP-001,56,15,2026-04-16 03:15:00
2026-03-19,FC007,SNK-CHC-002,99,15,2026-04-16 03:15:00
2026-03-19,FC007,SNK-BSC-003,43,15,2026-04-16 03:15:00
2026-03-19,FC007,SNK-NUT-004,60,15,2026-04-16 03:15:00
2026-03-19,FC008,FRS-MLK-001,107,15,2026-04-16 03:15:00
2026-03-19,FC008,FRS-YGT-002,34,15,2026-04-16 03:15:00
2026-03-19,FC008,FRS-CHD-003,27,15,2026-04-16 03:15:00
2026-03-19,FC008,FRS-BTR-004,53,15,2026-04-16 03:15:00
2026-03-19,FC008,BAK-BRD-001,67,15,2026-04-16 03:15:00
2026-03-19,FC008,BAK-CRS-002,119,15,2026-04-16 03:15:00
2026-03-19,FC008,BAK-SRD-003,19,15,2026-04-16 03:15:00
2026-03-19,FC008,BAK-BGL-004,116,15,2026-04-16 03:15:00
2026-03-19,FC008,PRD-BAN-001,29,15,2026-04-16 03:15:00
2026-03-19,FC008,PRD-TOM-002,25,15,2026-04-16 03:15:00
2026-03-19,FC008,PRD-BRC-003,42,15,2026-04-16 03:15:00
2026-03-19,FC008,PRD-APL-004,129,15,2026-04-16 03:15:00
2026-03-19,FC008,BEV-COL-001,38,15,2026-04-16 03:15:00
2026-03-19,FC008,BEV-OJU-002,14,15,2026-04-16 03:15:00
2026-03-19,FC008,BEV-WAT-003,36,15,2026-04-16 03:15:00
2026-03-19,FC008,BEV-BER-004,134,15,2026-04-16 03:15:00
2026-03-19,FC008,FRZ-PIZ-001,25,15,2026-04-16 03:15:00
2026-03-19,FC008,FRZ-ICE-002,38,15,2026-04-16 03:15:00
2026-03-19,FC008,FRZ-FRI-003,70,15,2026-04-16 03:15:00
2026-03-19,FC008,FRZ-PEA-004,116,15,2026-04-16 03:15:00
2026-03-19,FC008,SNK-CHP-001,35,15,2026-04-16 03:15:00
2026-03-19,FC008,SNK-CHC-002,37,15,2026-04-16 03:15:00
2026-03-19,FC008,SNK-BSC-003,32,15,2026-04-16 03:15:00
2026-03-19,FC008,SNK-NUT-004,148,15,2026-04-16 03:15:00
2026-03-20,FC001,FRS-MLK-001,142,30,2026-04-16 03:15:00
2026-03-20,FC001,FRS-YGT-002,113,30,2026-04-16 03:15:00
2026-03-20,FC001,FRS-CHD-003,78,30,2026-04-16 03:15:00
2026-03-20,FC001,FRS-BTR-004,76,30,2026-04-16 03:15:00
2026-03-20,FC001,BAK-BRD-001,109,30,2026-04-16 03:15:00
2026-03-20,FC001,BAK-CRS-002,118,30,2026-04-16 03:15:00
2026-03-20,FC001,BAK-SRD-003,87,30,2026-04-16 03:15:00
2026-03-20,FC001,BAK-BGL-004,102,30,2026-04-16 03:15:00
2026-03-20,FC001,PRD-BAN-001,153,30,2026-04-16 03:15:00
2026-03-20,FC001,PRD-TOM-002,145,30,2026-04-16 03:15:00
2026-03-20,FC001,PRD-BRC-003,166,30,2026-04-16 03:15:00
2026-03-20,FC001,PRD-APL-004,83,30,2026-04-16 03:15:00
2026-03-20,FC001,BEV-COL-001,90,30,2026-04-16 03:15:00
2026-03-20,FC001,BEV-OJU-002,124,30,2026-04-16 03:15:00
2026-03-20,FC001,BEV-WAT-003,94,30,2026-04-16 03:15:00
2026-03-20,FC001,BEV-BER-004,104,30,2026-04-16 03:15:00
2026-03-20,FC001,FRZ-PIZ-001,157,30,2026-04-16 03:15:00
2026-03-20,FC001,FRZ-ICE-002,156,30,2026-04-16 03:15:00
2026-03-20,FC001,FRZ-FRI-003,111,30,2026-04-16 03:15:00
2026-03-20,FC001,FRZ-PEA-004,112,30,2026-04-16 03:15:00
2026-03-20,FC001,SNK-CHP-001,118,30,2026-04-16 03:15:00
2026-03-20,FC001,SNK-CHC-002,148,30,2026-04-16 03:15:00
2026-03-20,FC001,SNK-BSC-003,137,30,2026-04-16 03:15:00
2026-03-20,FC001,SNK-NUT-004,100,30,2026-04-16 03:15:00
2026-03-20,FC002,FRS-MLK-001,82,30,2026-04-16 03:15:00
2026-03-20,FC002,FRS-YGT-002,83,30,2026-04-16 03:15:00
2026-03-20,FC002,FRS-CHD-003,85,30,2026-04-16 03:15:00
2026-03-20,FC002,FRS-BTR-004,99,30,2026-04-16 03:15:00
2026-03-20,FC002,BAK-BRD-001,107,30,2026-04-16 03:15:00
2026-03-20,FC002,BAK-CRS-002,105,30,2026-04-16 03:15:00
2026-03-20,FC002,BAK-SRD-003,156,30,2026-04-16 03:15:00
2026-03-20,FC002,BAK-BGL-004,97,30,2026-04-16 03:15:00
2026-03-20,FC002,PRD-BAN-001,127,30,2026-04-16 03:15:00
2026-03-20,FC002,PRD-TOM-002,155,30,2026-04-16 03:15:00
2026-03-20,FC002,PRD-BRC-003,144,30,2026-04-16 03:15:00
2026-03-20,FC002,PRD-APL-004,55,30,2026-04-16 03:15:00
2026-03-20,FC002,BEV-COL-001,150,30,2026-04-16 03:15:00
2026-03-20,FC002,BEV-OJU-002,72,30,2026-04-16 03:15:00
2026-03-20,FC002,BEV-WAT-003,141,30,2026-04-16 03:15:00
2026-03-20,FC002,BEV-BER-004,134,30,2026-04-16 03:15:00
2026-03-20,FC002,FRZ-PIZ-001,164,30,2026-04-16 03:15:00
2026-03-20,FC002,FRZ-ICE-002,129,30,2026-04-16 03:15:00
2026-03-20,FC002,FRZ-FRI-003,98,30,2026-04-16 03:15:00
2026-03-20,FC002,FRZ-PEA-004,76,30,2026-04-16 03:15:00
2026-03-20,FC002,SNK-CHP-001,109,30,2026-04-16 03:15:00
2026-03-20,FC002,SNK-CHC-002,113,30,2026-04-16 03:15:00
2026-03-20,FC002,SNK-BSC-003,142,30,2026-04-16 03:15:00
2026-03-20,FC002,SNK-NUT-004,116,30,2026-04-16 03:15:00
2026-03-20,FC003,FRS-MLK-001,83,30,2026-04-16 03:15:00
2026-03-20,FC003,FRS-YGT-002,87,30,2026-04-16 03:15:00
2026-03-20,FC003,FRS-CHD-003,96,30,2026-04-16 03:15:00
2026-03-20,FC003,FRS-BTR-004,96,30,2026-04-16 03:15:00
2026-03-20,FC003,BAK-BRD-001,88,30,2026-04-16 03:15:00
2026-03-20,FC003,BAK-CRS-002,93,30,2026-04-16 03:15:00
2026-03-20,FC003,BAK-SRD-003,123,30,2026-04-16 03:15:00
2026-03-20,FC003,BAK-BGL-004,97,30,2026-04-16 03:15:00
2026-03-20,FC003,PRD-BAN-001,109,30,2026-04-16 03:15:00
2026-03-20,FC003,PRD-TOM-002,99,30,2026-04-16 03:15:00
2026-03-20,FC003,PRD-BRC-003,126,30,2026-04-16 03:15:00
2026-03-20,FC003,PRD-APL-004,126,30,2026-04-16 03:15:00
2026-03-20,FC003,BEV-COL-001,108,30,2026-04-16 03:15:00
2026-03-20,FC003,BEV-OJU-002,100,30,2026-04-16 03:15:00
2026-03-20,FC003,BEV-WAT-003,155,30,2026-04-16 03:15:00
2026-03-20,FC003,BEV-BER-004,88,30,2026-04-16 03:15:00
2026-03-20,FC003,FRZ-PIZ-001,87,30,2026-04-16 03:15:00
2026-03-20,FC003,FRZ-ICE-002,140,30,2026-04-16 03:15:00
2026-03-20,FC003,FRZ-FRI-003,151,30,2026-04-16 03:15:00
2026-03-20,FC003,FRZ-PEA-004,91,30,2026-04-16 03:15:00
2026-03-20,FC003,SNK-CHP-001,159,30,2026-04-16 03:15:00
2026-03-20,FC003,SNK-CHC-002,101,30,2026-04-16 03:15:00
2026-03-20,FC003,SNK-BSC-003,135,30,2026-04-16 03:15:00
2026-03-20,FC003,SNK-NUT-004,81,30,2026-04-16 03:15:00
2026-03-20,FC004,FRS-MLK-001,32,15,2026-04-16 03:15:00
2026-03-20,FC004,FRS-YGT-002,46,15,2026-04-16 03:15:00
2026-03-20,FC004,FRS-CHD-003,31,15,2026-04-16 03:15:00
2026-03-20,FC004,FRS-BTR-004,31,15,2026-04-16 03:15:00
2026-03-20,FC004,BAK-BRD-001,37,15,2026-04-16 03:15:00
2026-03-20,FC004,BAK-CRS-002,35,15,2026-04-16 03:15:00
2026-03-20,FC004,BAK-SRD-003,33,15,2026-04-16 03:15:00
2026-03-20,FC004,BAK-BGL-004,40,15,2026-04-16 03:15:00
2026-03-20,FC004,PRD-BAN-001,31,15,2026-04-16 03:15:00
2026-03-20,FC004,PRD-TOM-002,32,15,2026-04-16 03:15:00
2026-03-20,FC004,PRD-BRC-003,36,15,2026-04-16 03:15:00
2026-03-20,FC004,PRD-APL-004,41,15,2026-04-16 03:15:00
2026-03-20,FC004,BEV-COL-001,48,15,2026-04-16 03:15:00
2026-03-20,FC004,BEV-OJU-002,47,15,2026-04-16 03:15:00
2026-03-20,FC004,BEV-WAT-003,49,15,2026-04-16 03:15:00
2026-03-20,FC004,BEV-BER-004,44,15,2026-04-16 03:15:00
2026-03-20,FC004,FRZ-PIZ-001,42,15,2026-04-16 03:15:00
2026-03-20,FC004,FRZ-ICE-002,54,15,2026-04-16 03:15:00
2026-03-20,FC004,FRZ-FRI-003,37,15,2026-04-16 03:15:00
2026-03-20,FC004,FRZ-PEA-004,81,15,2026-04-16 03:15:00
2026-03-20,FC004,SNK-CHP-001,44,15,2026-04-16 03:15:00
2026-03-20,FC004,SNK-CHC-002,45,15,2026-04-16 03:15:00
2026-03-20,FC004,SNK-BSC-003,147,15,2026-04-16 03:15:00
2026-03-20,FC004,SNK-NUT-004,40,15,2026-04-16 03:15:00
2026-03-20,FC005,FRS-MLK-001,150,30,2026-04-16 03:15:00
2026-03-20,FC005,FRS-YGT-002,91,30,2026-04-16 03:15:00
2026-03-20,FC005,FRS-CHD-003,133,30,2026-04-16 03:15:00
2026-03-20,FC005,FRS-BTR-004,99,30,2026-04-16 03:15:00
2026-03-20,FC005,BAK-BRD-001,117,30,2026-04-16 03:15:00
2026-03-20,FC005,BAK-CRS-002,74,30,2026-04-16 03:15:00
2026-03-20,FC005,BAK-SRD-003,93,30,2026-04-16 03:15:00
2026-03-20,FC005,BAK-BGL-004,94,30,2026-04-16 03:15:00
2026-03-20,FC005,PRD-BAN-001,147,30,2026-04-16 03:15:00
2026-03-20,FC005,PRD-TOM-002,85,30,2026-04-16 03:15:00
2026-03-20,FC005,PRD-BRC-003,109,30,2026-04-16 03:15:00
2026-03-20,FC005,PRD-APL-004,104,30,2026-04-16 03:15:00
2026-03-20,FC005,BEV-COL-001,93,30,2026-04-16 03:15:00
2026-03-20,FC005,BEV-OJU-002,114,30,2026-04-16 03:15:00
2026-03-20,FC005,BEV-WAT-003,95,30,2026-04-16 03:15:00
2026-03-20,FC005,BEV-BER-004,153,30,2026-04-16 03:15:00
2026-03-20,FC005,FRZ-PIZ-001,168,30,2026-04-16 03:15:00
2026-03-20,FC005,FRZ-ICE-002,87,30,2026-04-16 03:15:00
2026-03-20,FC005,FRZ-FRI-003,116,30,2026-04-16 03:15:00
2026-03-20,FC005,FRZ-PEA-004,150,30,2026-04-16 03:15:00
2026-03-20,FC005,SNK-CHP-001,140,30,2026-04-16 03:15:00
2026-03-20,FC005,SNK-CHC-002,87,30,2026-04-16 03:15:00
2026-03-20,FC005,SNK-BSC-003,103,30,2026-04-16 03:15:00
2026-03-20,FC005,SNK-NUT-004,83,30,2026-04-16 03:15:00
2026-03-20,FC006,FRS-MLK-001,147,30,2026-04-16 03:15:00
2026-03-20,FC006,FRS-YGT-002,158,30,2026-04-16 03:15:00
2026-03-20,FC006,FRS-CHD-003,158,30,2026-04-16 03:15:00
2026-03-20,FC006,FRS-BTR-004,125,30,2026-04-16 03:15:00
2026-03-20,FC006,BAK-BRD-001,99,30,2026-04-16 03:15:00
2026-03-20,FC006,BAK-CRS-002,134,30,2026-04-16 03:15:00
2026-03-20,FC006,BAK-SRD-003,145,30,2026-04-16 03:15:00
2026-03-20,FC006,BAK-BGL-004,76,30,2026-04-16 03:15:00
2026-03-20,FC006,PRD-BAN-001,97,30,2026-04-16 03:15:00
2026-03-20,FC006,PRD-TOM-002,89,30,2026-04-16 03:15:00
2026-03-20,FC006,PRD-BRC-003,103,30,2026-04-16 03:15:00
2026-03-20,FC006,PRD-APL-004,108,30,2026-04-16 03:15:00
2026-03-20,FC006,BEV-COL-001,79,30,2026-04-16 03:15:00
2026-03-20,FC006,BEV-OJU-002,89,30,2026-04-16 03:15:00
2026-03-20,FC006,BEV-WAT-003,120,30,2026-04-16 03:15:00
2026-03-20,FC006,BEV-BER-004,96,30,2026-04-16 03:15:00
2026-03-20,FC006,FRZ-PIZ-001,135,30,2026-04-16 03:15:00
2026-03-20,FC006,FRZ-ICE-002,68,30,2026-04-16 03:15:00
2026-03-20,FC006,FRZ-FRI-003,128,30,2026-04-16 03:15:00
2026-03-20,FC006,FRZ-PEA-004,81,30,2026-04-16 03:15:00
2026-03-20,FC006,SNK-CHP-001,95,30,2026-04-16 03:15:00
2026-03-20,FC006,SNK-CHC-002,67,30,2026-04-16 03:15:00
2026-03-20,FC006,SNK-BSC-003,73,30,2026-04-16 03:15:00
2026-03-20,FC006,SNK-NUT-004,116,30,2026-04-16 03:15:00
2026-03-20,FC007,FRS-MLK-001,41,15,2026-04-16 03:15:00
2026-03-20,FC007,FRS-YGT-002,31,15,2026-04-16 03:15:00
2026-03-20,FC007,FRS-CHD-003,47,15,2026-04-16 03:15:00
2026-03-20,FC007,FRS-BTR-004,45,15,2026-04-16 03:15:00
2026-03-20,FC007,BAK-BRD-001,42,15,2026-04-16 03:15:00
2026-03-20,FC007,BAK-CRS-002,58,15,2026-04-16 03:15:00
2026-03-20,FC007,BAK-SRD-003,34,15,2026-04-16 03:15:00
2026-03-20,FC007,BAK-BGL-004,47,15,2026-04-16 03:15:00
2026-03-20,FC007,PRD-BAN-001,26,15,2026-04-16 03:15:00
2026-03-20,FC007,PRD-TOM-002,42,15,2026-04-16 03:15:00
2026-03-20,FC007,PRD-BRC-003,25,15,2026-04-16 03:15:00
2026-03-20,FC007,PRD-APL-004,38,15,2026-04-16 03:15:00
2026-03-20,FC007,BEV-COL-001,28,15,2026-04-16 03:15:00
2026-03-20,FC007,BEV-OJU-002,36,15,2026-04-16 03:15:00
2026-03-20,FC007,BEV-WAT-003,46,15,2026-04-16 03:15:00
2026-03-20,FC007,BEV-BER-004,47,15,2026-04-16 03:15:00
2026-03-20,FC007,FRZ-PIZ-001,44,15,2026-04-16 03:15:00
2026-03-20,FC007,FRZ-ICE-002,55,15,2026-04-16 03:15:00
2026-03-20,FC007,FRZ-FRI-003,27,15,2026-04-16 03:15:00
2026-03-20,FC007,FRZ-PEA-004,35,15,2026-04-16 03:15:00
2026-03-20,FC007,SNK-CHP-001,55,15,2026-04-16 03:15:00
2026-03-20,FC007,SNK-CHC-002,98,15,2026-04-16 03:15:00
2026-03-20,FC007,SNK-BSC-003,36,15,2026-04-16 03:15:00
2026-03-20,FC007,SNK-NUT-004,58,15,2026-04-16 03:15:00
2026-03-20,FC008,FRS-MLK-001,105,15,2026-04-16 03:15:00
2026-03-20,FC008,FRS-YGT-002,16,15,2026-04-16 03:15:00
2026-03-20,FC008,FRS-CHD-003,124,15,2026-04-16 03:15:00
2026-03-20,FC008,FRS-BTR-004,35,15,2026-04-16 03:15:00
2026-03-20,FC008,BAK-BRD-001,50,15,2026-04-16 03:15:00
2026-03-20,FC008,BAK-CRS-002,101,15,2026-04-16 03:15:00
2026-03-20,FC008,BAK-SRD-003,5,15,2026-04-16 03:15:00
2026-03-20,FC008,BAK-BGL-004,110,15,2026-04-16 03:15:00
2026-03-20,FC008,PRD-BAN-001,137,15,2026-04-16 03:15:00
2026-03-20,FC008,PRD-TOM-002,156,15,2026-04-16 03:15:00
2026-03-20,FC008,PRD-BRC-003,40,15,2026-04-16 03:15:00
2026-03-20,FC008,PRD-APL-004,111,15,2026-04-16 03:15:00
2026-03-20,FC008,BEV-COL-001,23,15,2026-04-16 03:15:00
2026-03-20,FC008,BEV-OJU-002,11,15,2026-04-16 03:15:00
2026-03-20,FC008,BEV-WAT-003,25,15,2026-04-16 03:15:00
2026-03-20,FC008,BEV-BER-004,126,15,2026-04-16 03:15:00
2026-03-20,FC008,FRZ-PIZ-001,63,15,2026-04-16 03:15:00
2026-03-20,FC008,FRZ-ICE-002,26,15,2026-04-16 03:15:00
2026-03-20,FC008,FRZ-FRI-003,63,15,2026-04-16 03:15:00
2026-03-20,FC008,FRZ-PEA-004,102,15,2026-04-16 03:15:00
2026-03-20,FC008,SNK-CHP-001,19,15,2026-04-16 03:15:00
2026-03-20,FC008,SNK-CHC-002,28,15,2026-04-16 03:15:00
2026-03-20,FC008,SNK-BSC-003,27,15,2026-04-16 03:15:00
2026-03-20,FC008,SNK-NUT-004,146,15,2026-04-16 03:15:00
2026-03-21,FC001,FRS-MLK-001,132,30,2026-04-16 03:15:00
2026-03-21,FC001,FRS-YGT-002,92,30,2026-04-16 03:15:00
2026-03-21,FC001,FRS-CHD-003,49,30,2026-04-16 03:15:00
2026-03-21,FC001,FRS-BTR-004,71,30,2026-04-16 03:15:00
2026-03-21,FC001,BAK-BRD-001,92,30,2026-04-16 03:15:00
2026-03-21,FC001,BAK-CRS-002,104,30,2026-04-16 03:15:00
2026-03-21,FC001,BAK-SRD-003,68,30,2026-04-16 03:15:00
2026-03-21,FC001,BAK-BGL-004,92,30,2026-04-16 03:15:00
2026-03-21,FC001,PRD-BAN-001,143,30,2026-04-16 03:15:00
2026-03-21,FC001,PRD-TOM-002,127,30,2026-04-16 03:15:00
2026-03-21,FC001,PRD-BRC-003,159,30,2026-04-16 03:15:00
2026-03-21,FC001,PRD-APL-004,72,30,2026-04-16 03:15:00
2026-03-21,FC001,BEV-COL-001,66,30,2026-04-16 03:15:00
2026-03-21,FC001,BEV-OJU-002,110,30,2026-04-16 03:15:00
2026-03-21,FC001,BEV-WAT-003,90,30,2026-04-16 03:15:00
2026-03-21,FC001,BEV-BER-004,79,30,2026-04-16 03:15:00
2026-03-21,FC001,FRZ-PIZ-001,143,30,2026-04-16 03:15:00
2026-03-21,FC001,FRZ-ICE-002,148,30,2026-04-16 03:15:00
2026-03-21,FC001,FRZ-FRI-003,89,30,2026-04-16 03:15:00
2026-03-21,FC001,FRZ-PEA-004,100,30,2026-04-16 03:15:00
2026-03-21,FC001,SNK-CHP-001,100,30,2026-04-16 03:15:00
2026-03-21,FC001,SNK-CHC-002,132,30,2026-04-16 03:15:00
2026-03-21,FC001,SNK-BSC-003,113,30,2026-04-16 03:15:00
2026-03-21,FC001,SNK-NUT-004,88,30,2026-04-16 03:15:00
2026-03-21,FC002,FRS-MLK-001,62,30,2026-04-16 03:15:00
2026-03-21,FC002,FRS-YGT-002,72,30,2026-04-16 03:15:00
2026-03-21,FC002,FRS-CHD-003,79,30,2026-04-16 03:15:00
2026-03-21,FC002,FRS-BTR-004,88,30,2026-04-16 03:15:00
2026-03-21,FC002,BAK-BRD-001,103,30,2026-04-16 03:15:00
2026-03-21,FC002,BAK-CRS-002,88,30,2026-04-16 03:15:00
2026-03-21,FC002,BAK-SRD-003,140,30,2026-04-16 03:15:00
2026-03-21,FC002,BAK-BGL-004,73,30,2026-04-16 03:15:00
2026-03-21,FC002,PRD-BAN-001,123,30,2026-04-16 03:15:00
2026-03-21,FC002,PRD-TOM-002,137,30,2026-04-16 03:15:00
2026-03-21,FC002,PRD-BRC-003,130,30,2026-04-16 03:15:00
2026-03-21,FC002,PRD-APL-004,30,30,2026-04-16 03:15:00
2026-03-21,FC002,BEV-COL-001,146,30,2026-04-16 03:15:00
2026-03-21,FC002,BEV-OJU-002,58,30,2026-04-16 03:15:00
2026-03-21,FC002,BEV-WAT-003,129,30,2026-04-16 03:15:00
2026-03-21,FC002,BEV-BER-004,116,30,2026-04-16 03:15:00
2026-03-21,FC002,FRZ-PIZ-001,160,30,2026-04-16 03:15:00
2026-03-21,FC002,FRZ-ICE-002,107,30,2026-04-16 03:15:00
2026-03-21,FC002,FRZ-FRI-003,82,30,2026-04-16 03:15:00
2026-03-21,FC002,FRZ-PEA-004,69,30,2026-04-16 03:15:00
2026-03-21,FC002,SNK-CHP-001,87,30,2026-04-16 03:15:00
2026-03-21,FC002,SNK-CHC-002,99,30,2026-04-16 03:15:00
2026-03-21,FC002,SNK-BSC-003,121,30,2026-04-16 03:15:00
2026-03-21,FC002,SNK-NUT-004,107,30,2026-04-16 03:15:00
2026-03-21,FC003,FRS-MLK-001,71,30,2026-04-16 03:15:00
2026-03-21,FC003,FRS-YGT-002,64,30,2026-04-16 03:15:00
2026-03-21,FC003,FRS-CHD-003,77,30,2026-04-16 03:15:00
2026-03-21,FC003,FRS-BTR-004,82,30,2026-04-16 03:15:00
2026-03-21,FC003,BAK-BRD-001,80,30,2026-04-16 03:15:00
2026-03-21,FC003,BAK-CRS-002,70,30,2026-04-16 03:15:00
2026-03-21,FC003,BAK-SRD-003,102,30,2026-04-16 03:15:00
2026-03-21,FC003,BAK-BGL-004,78,30,2026-04-16 03:15:00
2026-03-21,FC003,PRD-BAN-001,105,30,2026-04-16 03:15:00
2026-03-21,FC003,PRD-TOM-002,94,30,2026-04-16 03:15:00
2026-03-21,FC003,PRD-BRC-003,121,30,2026-04-16 03:15:00
2026-03-21,FC003,PRD-APL-004,104,30,2026-04-16 03:15:00
2026-03-21,FC003,BEV-COL-001,86,30,2026-04-16 03:15:00
2026-03-21,FC003,BEV-OJU-002,96,30,2026-04-16 03:15:00
2026-03-21,FC003,BEV-WAT-003,140,30,2026-04-16 03:15:00
2026-03-21,FC003,BEV-BER-004,80,30,2026-04-16 03:15:00
2026-03-21,FC003,FRZ-PIZ-001,77,30,2026-04-16 03:15:00
2026-03-21,FC003,FRZ-ICE-002,111,30,2026-04-16 03:15:00
2026-03-21,FC003,FRZ-FRI-003,142,30,2026-04-16 03:15:00
2026-03-21,FC003,FRZ-PEA-004,71,30,2026-04-16 03:15:00
2026-03-21,FC003,SNK-CHP-001,140,30,2026-04-16 03:15:00
2026-03-21,FC003,SNK-CHC-002,85,30,2026-04-16 03:15:00
2026-03-21,FC003,SNK-BSC-003,115,30,2026-04-16 03:15:00
2026-03-21,FC003,SNK-NUT-004,71,30,2026-04-16 03:15:00
2026-03-21,FC004,FRS-MLK-001,117,15,2026-04-16 03:15:00
2026-03-21,FC004,FRS-YGT-002,35,15,2026-04-16 03:15:00
2026-03-21,FC004,FRS-CHD-003,27,15,2026-04-16 03:15:00
2026-03-21,FC004,FRS-BTR-004,24,15,2026-04-16 03:15:00
2026-03-21,FC004,BAK-BRD-001,31,15,2026-04-16 03:15:00
2026-03-21,FC004,BAK-CRS-002,31,15,2026-04-16 03:15:00
2026-03-21,FC004,BAK-SRD-003,81,15,2026-04-16 03:15:00
2026-03-21,FC004,BAK-BGL-004,31,15,2026-04-16 03:15:00
2026-03-21,FC004,PRD-BAN-001,26,15,2026-04-16 03:15:00
2026-03-21,FC004,PRD-TOM-002,139,15,2026-04-16 03:15:00
2026-03-21,FC004,PRD-BRC-003,30,15,2026-04-16 03:15:00
2026-03-21,FC004,PRD-APL-004,27,15,2026-04-16 03:15:00
2026-03-21,FC004,BEV-COL-001,39,15,2026-04-16 03:15:00
2026-03-21,FC004,BEV-OJU-002,39,15,2026-04-16 03:15:00
2026-03-21,FC004,BEV-WAT-003,46,15,2026-04-16 03:15:00
2026-03-21,FC004,BEV-BER-004,42,15,2026-04-16 03:15:00
2026-03-21,FC004,FRZ-PIZ-001,30,15,2026-04-16 03:15:00
2026-03-21,FC004,FRZ-ICE-002,42,15,2026-04-16 03:15:00
2026-03-21,FC004,FRZ-FRI-003,35,15,2026-04-16 03:15:00
2026-03-21,FC004,FRZ-PEA-004,79,15,2026-04-16 03:15:00
2026-03-21,FC004,SNK-CHP-001,39,15,2026-04-16 03:15:00
2026-03-21,FC004,SNK-CHC-002,32,15,2026-04-16 03:15:00
2026-03-21,FC004,SNK-BSC-003,145,15,2026-04-16 03:15:00
2026-03-21,FC004,SNK-NUT-004,27,15,2026-04-16 03:15:00
2026-03-21,FC005,FRS-MLK-001,143,30,2026-04-16 03:15:00
2026-03-21,FC005,FRS-YGT-002,83,30,2026-04-16 03:15:00
2026-03-21,FC005,FRS-CHD-003,108,30,2026-04-16 03:15:00
2026-03-21,FC005,FRS-BTR-004,84,30,2026-04-16 03:15:00
2026-03-21,FC005,BAK-BRD-001,100,30,2026-04-16 03:15:00
2026-03-21,FC005,BAK-CRS-002,54,30,2026-04-16 03:15:00
2026-03-21,FC005,BAK-SRD-003,81,30,2026-04-16 03:15:00
2026-03-21,FC005,BAK-BGL-004,69,30,2026-04-16 03:15:00
2026-03-21,FC005,PRD-BAN-001,143,30,2026-04-16 03:15:00
2026-03-21,FC005,PRD-TOM-002,75,30,2026-04-16 03:15:00
2026-03-21,FC005,PRD-BRC-003,100,30,2026-04-16 03:15:00
2026-03-21,FC005,PRD-APL-004,97,30,2026-04-16 03:15:00
2026-03-21,FC005,BEV-COL-001,67,30,2026-04-16 03:15:00
2026-03-21,FC005,BEV-OJU-002,90,30,2026-04-16 03:15:00
2026-03-21,FC005,BEV-WAT-003,72,30,2026-04-16 03:15:00
2026-03-21,FC005,BEV-BER-004,144,30,2026-04-16 03:15:00
2026-03-21,FC005,FRZ-PIZ-001,161,30,2026-04-16 03:15:00
2026-03-21,FC005,FRZ-ICE-002,77,30,2026-04-16 03:15:00
2026-03-21,FC005,FRZ-FRI-003,101,30,2026-04-16 03:15:00
2026-03-21,FC005,FRZ-PEA-004,128,30,2026-04-16 03:15:00
2026-03-21,FC005,SNK-CHP-001,131,30,2026-04-16 03:15:00
2026-03-21,FC005,SNK-CHC-002,80,30,2026-04-16 03:15:00
2026-03-21,FC005,SNK-BSC-003,82,30,2026-04-16 03:15:00
2026-03-21,FC005,SNK-NUT-004,59,30,2026-04-16 03:15:00
2026-03-21,FC006,FRS-MLK-001,132,30,2026-04-16 03:15:00
2026-03-21,FC006,FRS-YGT-002,147,30,2026-04-16 03:15:00
2026-03-21,FC006,FRS-CHD-003,145,30,2026-04-16 03:15:00
2026-03-21,FC006,FRS-BTR-004,109,30,2026-04-16 03:15:00
2026-03-21,FC006,BAK-BRD-001,87,30,2026-04-16 03:15:00
2026-03-21,FC006,BAK-CRS-002,117,30,2026-04-16 03:15:00
2026-03-21,FC006,BAK-SRD-003,128,30,2026-04-16 03:15:00
2026-03-21,FC006,BAK-BGL-004,66,30,2026-04-16 03:15:00
2026-03-21,FC006,PRD-BAN-001,92,30,2026-04-16 03:15:00
2026-03-21,FC006,PRD-TOM-002,82,30,2026-04-16 03:15:00
2026-03-21,FC006,PRD-BRC-003,90,30,2026-04-16 03:15:00
2026-03-21,FC006,PRD-APL-004,101,30,2026-04-16 03:15:00
2026-03-21,FC006,BEV-COL-001,69,30,2026-04-16 03:15:00
2026-03-21,FC006,BEV-OJU-002,76,30,2026-04-16 03:15:00
2026-03-21,FC006,BEV-WAT-003,116,30,2026-04-16 03:15:00
2026-03-21,FC006,BEV-BER-004,84,30,2026-04-16 03:15:00
2026-03-21,FC006,FRZ-PIZ-001,116,30,2026-04-16 03:15:00
2026-03-21,FC006,FRZ-ICE-002,45,30,2026-04-16 03:15:00
2026-03-21,FC006,FRZ-FRI-003,104,30,2026-04-16 03:15:00
2026-03-21,FC006,FRZ-PEA-004,53,30,2026-04-16 03:15:00
2026-03-21,FC006,SNK-CHP-001,67,30,2026-04-16 03:15:00
2026-03-21,FC006,SNK-CHC-002,54,30,2026-04-16 03:15:00
2026-03-21,FC006,SNK-BSC-003,46,30,2026-04-16 03:15:00
2026-03-21,FC006,SNK-NUT-004,111,30,2026-04-16 03:15:00
2026-03-21,FC007,FRS-MLK-001,35,15,2026-04-16 03:15:00
2026-03-21,FC007,FRS-YGT-002,114,15,2026-04-16 03:15:00
2026-03-21,FC007,FRS-CHD-003,33,15,2026-04-16 03:15:00
2026-03-21,FC007,FRS-BTR-004,43,15,2026-04-16 03:15:00
2026-03-21,FC007,BAK-BRD-001,33,15,2026-04-16 03:15:00
2026-03-21,FC007,BAK-CRS-002,50,15,2026-04-16 03:15:00
2026-03-21,FC007,BAK-SRD-003,21,15,2026-04-16 03:15:00
2026-03-21,FC007,BAK-BGL-004,44,15,2026-04-16 03:15:00
2026-03-21,FC007,PRD-BAN-001,14,15,2026-04-16 03:15:00
2026-03-21,FC007,PRD-TOM-002,32,15,2026-04-16 03:15:00
2026-03-21,FC007,PRD-BRC-003,135,15,2026-04-16 03:15:00
2026-03-21,FC007,PRD-APL-004,31,15,2026-04-16 03:15:00
2026-03-21,FC007,BEV-COL-001,15,15,2026-04-16 03:15:00
2026-03-21,FC007,BEV-OJU-002,33,15,2026-04-16 03:15:00
2026-03-21,FC007,BEV-WAT-003,37,15,2026-04-16 03:15:00
2026-03-21,FC007,BEV-BER-004,43,15,2026-04-16 03:15:00
2026-03-21,FC007,FRZ-PIZ-001,39,15,2026-04-16 03:15:00
2026-03-21,FC007,FRZ-ICE-002,50,15,2026-04-16 03:15:00
2026-03-21,FC007,FRZ-FRI-003,102,15,2026-04-16 03:15:00
2026-03-21,FC007,FRZ-PEA-004,30,15,2026-04-16 03:15:00
2026-03-21,FC007,SNK-CHP-001,44,15,2026-04-16 03:15:00
2026-03-21,FC007,SNK-CHC-002,83,15,2026-04-16 03:15:00
2026-03-21,FC007,SNK-BSC-003,26,15,2026-04-16 03:15:00
2026-03-21,FC007,SNK-NUT-004,46,15,2026-04-16 03:15:00
2026-03-21,FC008,FRS-MLK-001,77,15,2026-04-16 03:15:00
2026-03-21,FC008,FRS-YGT-002,10,15,2026-04-16 03:15:00
2026-03-21,FC008,FRS-CHD-003,98,15,2026-04-16 03:15:00
2026-03-21,FC008,FRS-BTR-004,152,15,2026-04-16 03:15:00
2026-03-21,FC008,BAK-BRD-001,30,15,2026-04-16 03:15:00
2026-03-21,FC008,BAK-CRS-002,75,15,2026-04-16 03:15:00
2026-03-21,FC008,BAK-SRD-003,0,15,2026-04-16 03:15:00
2026-03-21,FC008,BAK-BGL-004,105,15,2026-04-16 03:15:00
2026-03-21,FC008,PRD-BAN-001,130,15,2026-04-16 03:15:00
2026-03-21,FC008,PRD-TOM-002,129,15,2026-04-16 03:15:00
2026-03-21,FC008,PRD-BRC-003,154,15,2026-04-16 03:15:00
2026-03-21,FC008,PRD-APL-004,98,15,2026-04-16 03:15:00
2026-03-21,FC008,BEV-COL-001,19,15,2026-04-16 03:15:00
2026-03-21,FC008,BEV-OJU-002,68,15,2026-04-16 03:15:00
2026-03-21,FC008,BEV-WAT-003,0,15,2026-04-16 03:15:00
2026-03-21,FC008,BEV-BER-004,111,15,2026-04-16 03:15:00
2026-03-21,FC008,FRZ-PIZ-001,35,15,2026-04-16 03:15:00
2026-03-21,FC008,FRZ-ICE-002,11,15,2026-04-16 03:15:00
2026-03-21,FC008,FRZ-FRI-003,42,15,2026-04-16 03:15:00
2026-03-21,FC008,FRZ-PEA-004,77,15,2026-04-16 03:15:00
2026-03-21,FC008,SNK-CHP-001,0,15,2026-04-16 03:15:00
2026-03-21,FC008,SNK-CHC-002,13,15,2026-04-16 03:15:00
2026-03-21,FC008,SNK-BSC-003,11,15,2026-04-16 03:15:00
2026-03-21,FC008,SNK-NUT-004,124,15,2026-04-16 03:15:00
2026-03-22,FC001,FRS-MLK-001,125,30,2026-04-16 03:15:00
2026-03-22,FC001,FRS-YGT-002,70,30,2026-04-16 03:15:00
2026-03-22,FC001,FRS-CHD-003,38,30,2026-04-16 03:15:00
2026-03-22,FC001,FRS-BTR-004,50,30,2026-04-16 03:15:00
2026-03-22,FC001,BAK-BRD-001,83,30,2026-04-16 03:15:00
2026-03-22,FC001,BAK-CRS-002,78,30,2026-04-16 03:15:00
2026-03-22,FC001,BAK-SRD-003,47,30,2026-04-16 03:15:00
2026-03-22,FC001,BAK-BGL-004,86,30,2026-04-16 03:15:00
2026-03-22,FC001,PRD-BAN-001,114,30,2026-04-16 03:15:00
2026-03-22,FC001,PRD-TOM-002,99,30,2026-04-16 03:15:00
2026-03-22,FC001,PRD-BRC-003,144,30,2026-04-16 03:15:00
2026-03-22,FC001,PRD-APL-004,46,30,2026-04-16 03:15:00
2026-03-22,FC001,BEV-COL-001,43,30,2026-04-16 03:15:00
2026-03-22,FC001,BEV-OJU-002,105,30,2026-04-16 03:15:00
2026-03-22,FC001,BEV-WAT-003,66,30,2026-04-16 03:15:00
2026-03-22,FC001,BEV-BER-004,49,30,2026-04-16 03:15:00
2026-03-22,FC001,FRZ-PIZ-001,131,30,2026-04-16 03:15:00
2026-03-22,FC001,FRZ-ICE-002,130,30,2026-04-16 03:15:00
2026-03-22,FC001,FRZ-FRI-003,79,30,2026-04-16 03:15:00
2026-03-22,FC001,FRZ-PEA-004,82,30,2026-04-16 03:15:00
2026-03-22,FC001,SNK-CHP-001,87,30,2026-04-16 03:15:00
2026-03-22,FC001,SNK-CHC-002,126,30,2026-04-16 03:15:00
2026-03-22,FC001,SNK-BSC-003,83,30,2026-04-16 03:15:00
2026-03-22,FC001,SNK-NUT-004,77,30,2026-04-16 03:15:00
2026-03-22,FC002,FRS-MLK-001,40,30,2026-04-16 03:15:00
2026-03-22,FC002,FRS-YGT-002,63,30,2026-04-16 03:15:00
2026-03-22,FC002,FRS-CHD-003,75,30,2026-04-16 03:15:00
2026-03-22,FC002,FRS-BTR-004,67,30,2026-04-16 03:15:00
2026-03-22,FC002,BAK-BRD-001,82,30,2026-04-16 03:15:00
2026-03-22,FC002,BAK-CRS-002,69,30,2026-04-16 03:15:00
2026-03-22,FC002,BAK-SRD-003,111,30,2026-04-16 03:15:00
2026-03-22,FC002,BAK-BGL-004,43,30,2026-04-16 03:15:00
2026-03-22,FC002,PRD-BAN-001,96,30,2026-04-16 03:15:00
2026-03-22,FC002,PRD-TOM-002,121,30,2026-04-16 03:15:00
2026-03-22,FC002,PRD-BRC-003,122,30,2026-04-16 03:15:00
2026-03-22,FC002,PRD-APL-004,2,30,2026-04-16 03:15:00
2026-03-22,FC002,BEV-COL-001,129,30,2026-04-16 03:15:00
2026-03-22,FC002,BEV-OJU-002,37,30,2026-04-16 03:15:00
2026-03-22,FC002,BEV-WAT-003,102,30,2026-04-16 03:15:00
2026-03-22,FC002,BEV-BER-004,87,30,2026-04-16 03:15:00
2026-03-22,FC002,FRZ-PIZ-001,140,30,2026-04-16 03:15:00
2026-03-22,FC002,FRZ-ICE-002,80,30,2026-04-16 03:15:00
2026-03-22,FC002,FRZ-FRI-003,52,30,2026-04-16 03:15:00
2026-03-22,FC002,FRZ-PEA-004,44,30,2026-04-16 03:15:00
2026-03-22,FC002,SNK-CHP-001,71,30,2026-04-16 03:15:00
2026-03-22,FC002,SNK-CHC-002,94,30,2026-04-16 03:15:00
2026-03-22,FC002,SNK-BSC-003,92,30,2026-04-16 03:15:00
2026-03-22,FC002,SNK-NUT-004,83,30,2026-04-16 03:15:00
2026-03-22,FC003,FRS-MLK-001,51,30,2026-04-16 03:15:00
2026-03-22,FC003,FRS-YGT-002,43,30,2026-04-16 03:15:00
2026-03-22,FC003,FRS-CHD-003,56,30,2026-04-16 03:15:00
2026-03-22,FC003,FRS-BTR-004,58,30,2026-04-16 03:15:00
2026-03-22,FC003,BAK-BRD-001,58,30,2026-04-16 03:15:00
2026-03-22,FC003,BAK-CRS-002,44,30,2026-04-16 03:15:00
2026-03-22,FC003,BAK-SRD-003,82,30,2026-04-16 03:15:00
2026-03-22,FC003,BAK-BGL-004,58,30,2026-04-16 03:15:00
2026-03-22,FC003,PRD-BAN-001,84,30,2026-04-16 03:15:00
2026-03-22,FC003,PRD-TOM-002,74,30,2026-04-16 03:15:00
2026-03-22,FC003,PRD-BRC-003,106,30,2026-04-16 03:15:00
2026-03-22,FC003,PRD-APL-004,91,30,2026-04-16 03:15:00
2026-03-22,FC003,BEV-COL-001,69,30,2026-04-16 03:15:00
2026-03-22,FC003,BEV-OJU-002,84,30,2026-04-16 03:15:00
2026-03-22,FC003,BEV-WAT-003,123,30,2026-04-16 03:15:00
2026-03-22,FC003,BEV-BER-004,57,30,2026-04-16 03:15:00
2026-03-22,FC003,FRZ-PIZ-001,50,30,2026-04-16 03:15:00
2026-03-22,FC003,FRZ-ICE-002,89,30,2026-04-16 03:15:00
2026-03-22,FC003,FRZ-FRI-003,131,30,2026-04-16 03:15:00
2026-03-22,FC003,FRZ-PEA-004,58,30,2026-04-16 03:15:00
2026-03-22,FC003,SNK-CHP-001,129,30,2026-04-16 03:15:00
2026-03-22,FC003,SNK-CHC-002,79,30,2026-04-16 03:15:00
2026-03-22,FC003,SNK-BSC-003,92,30,2026-04-16 03:15:00
2026-03-22,FC003,SNK-NUT-004,43,30,2026-04-16 03:15:00
2026-03-22,FC004,FRS-MLK-001,104,15,2026-04-16 03:15:00
2026-03-22,FC004,FRS-YGT-002,137,15,2026-04-16 03:15:00
2026-03-22,FC004,FRS-CHD-003,21,15,2026-04-16 03:15:00
2026-03-22,FC004,FRS-BTR-004,16,15,2026-04-16 03:15:00
2026-03-22,FC004,BAK-BRD-001,165,15,2026-04-16 03:15:00
2026-03-22,FC004,BAK-CRS-002,121,15,2026-04-16 03:15:00
2026-03-22,FC004,BAK-SRD-003,68,15,2026-04-16 03:15:00
2026-03-22,FC004,BAK-BGL-004,21,15,2026-04-16 03:15:00
2026-03-22,FC004,PRD-BAN-001,116,15,2026-04-16 03:15:00
2026-03-22,FC004,PRD-TOM-002,136,15,2026-04-16 03:15:00
2026-03-22,FC004,PRD-BRC-003,18,15,2026-04-16 03:15:00
2026-03-22,FC004,PRD-APL-004,25,15,2026-04-16 03:15:00
2026-03-22,FC004,BEV-COL-001,79,15,2026-04-16 03:15:00
2026-03-22,FC004,BEV-OJU-002,25,15,2026-04-16 03:15:00
2026-03-22,FC004,BEV-WAT-003,44,15,2026-04-16 03:15:00
2026-03-22,FC004,BEV-BER-004,36,15,2026-04-16 03:15:00
2026-03-22,FC004,FRZ-PIZ-001,84,15,2026-04-16 03:15:00
2026-03-22,FC004,FRZ-ICE-002,40,15,2026-04-16 03:15:00
2026-03-22,FC004,FRZ-FRI-003,33,15,2026-04-16 03:15:00
2026-03-22,FC004,FRZ-PEA-004,77,15,2026-04-16 03:15:00
2026-03-22,FC004,SNK-CHP-001,31,15,2026-04-16 03:15:00
2026-03-22,FC004,SNK-CHC-002,124,15,2026-04-16 03:15:00
2026-03-22,FC004,SNK-BSC-003,134,15,2026-04-16 03:15:00
2026-03-22,FC004,SNK-NUT-004,21,15,2026-04-16 03:15:00
2026-03-22,FC005,FRS-MLK-001,115,30,2026-04-16 03:15:00
2026-03-22,FC005,FRS-YGT-002,63,30,2026-04-16 03:15:00
2026-03-22,FC005,FRS-CHD-003,86,30,2026-04-16 03:15:00
2026-03-22,FC005,FRS-BTR-004,71,30,2026-04-16 03:15:00
2026-03-22,FC005,BAK-BRD-001,87,30,2026-04-16 03:15:00
2026-03-22,FC005,BAK-CRS-002,37,30,2026-04-16 03:15:00
2026-03-22,FC005,BAK-SRD-003,51,30,2026-04-16 03:15:00
2026-03-22,FC005,BAK-BGL-004,63,30,2026-04-16 03:15:00
2026-03-22,FC005,PRD-BAN-001,115,30,2026-04-16 03:15:00
2026-03-22,FC005,PRD-TOM-002,70,30,2026-04-16 03:15:00
2026-03-22,FC005,PRD-BRC-003,90,30,2026-04-16 03:15:00
2026-03-22,FC005,PRD-APL-004,92,30,2026-04-16 03:15:00
2026-03-22,FC005,BEV-COL-001,56,30,2026-04-16 03:15:00
2026-03-22,FC005,BEV-OJU-002,71,30,2026-04-16 03:15:00
2026-03-22,FC005,BEV-WAT-003,47,30,2026-04-16 03:15:00
2026-03-22,FC005,BEV-BER-004,116,30,2026-04-16 03:15:00
2026-03-22,FC005,FRZ-PIZ-001,157,30,2026-04-16 03:15:00
2026-03-22,FC005,FRZ-ICE-002,61,30,2026-04-16 03:15:00
2026-03-22,FC005,FRZ-FRI-003,74,30,2026-04-16 03:15:00
2026-03-22,FC005,FRZ-PEA-004,100,30,2026-04-16 03:15:00
2026-03-22,FC005,SNK-CHP-001,121,30,2026-04-16 03:15:00
2026-03-22,FC005,SNK-CHC-002,72,30,2026-04-16 03:15:00
2026-03-22,FC005,SNK-BSC-003,54,30,2026-04-16 03:15:00
2026-03-22,FC005,SNK-NUT-004,40,30,2026-04-16 03:15:00
2026-03-22,FC006,FRS-MLK-001,115,30,2026-04-16 03:15:00
2026-03-22,FC006,FRS-YGT-002,141,30,2026-04-16 03:15:00
2026-03-22,FC006,FRS-CHD-003,130,30,2026-04-16 03:15:00
2026-03-22,FC006,FRS-BTR-004,105,30,2026-04-16 03:15:00
2026-03-22,FC006,BAK-BRD-001,68,30,2026-04-16 03:15:00
2026-03-22,FC006,BAK-CRS-002,88,30,2026-04-16 03:15:00
2026-03-22,FC006,BAK-SRD-003,118,30,2026-04-16 03:15:00
2026-03-22,FC006,BAK-BGL-004,44,30,2026-04-16 03:15:00
2026-03-22,FC006,PRD-BAN-001,83,30,2026-04-16 03:15:00
2026-03-22,FC006,PRD-TOM-002,66,30,2026-04-16 03:15:00
2026-03-22,FC006,PRD-BRC-003,69,30,2026-04-16 03:15:00
2026-03-22,FC006,PRD-APL-004,86,30,2026-04-16 03:15:00
2026-03-22,FC006,BEV-COL-001,57,30,2026-04-16 03:15:00
2026-03-22,FC006,BEV-OJU-002,48,30,2026-04-16 03:15:00
2026-03-22,FC006,BEV-WAT-003,111,30,2026-04-16 03:15:00
2026-03-22,FC006,BEV-BER-004,73,30,2026-04-16 03:15:00
2026-03-22,FC006,FRZ-PIZ-001,102,30,2026-04-16 03:15:00
2026-03-22,FC006,FRZ-ICE-002,19,30,2026-04-16 03:15:00
2026-03-22,FC006,FRZ-FRI-003,94,30,2026-04-16 03:15:00
2026-03-22,FC006,FRZ-PEA-004,25,30,2026-04-16 03:15:00
2026-03-22,FC006,SNK-CHP-001,41,30,2026-04-16 03:15:00
2026-03-22,FC006,SNK-CHC-002,34,30,2026-04-16 03:15:00
2026-03-22,FC006,SNK-BSC-003,18,30,2026-04-16 03:15:00
2026-03-22,FC006,SNK-NUT-004,88,30,2026-04-16 03:15:00
2026-03-22,FC007,FRS-MLK-001,31,15,2026-04-16 03:15:00
2026-03-22,FC007,FRS-YGT-002,110,15,2026-04-16 03:15:00
2026-03-22,FC007,FRS-CHD-003,19,15,2026-04-16 03:15:00
2026-03-22,FC007,FRS-BTR-004,40,15,2026-04-16 03:15:00
2026-03-22,FC007,BAK-BRD-001,141,15,2026-04-16 03:15:00
2026-03-22,FC007,BAK-CRS-002,35,15,2026-04-16 03:15:00
2026-03-22,FC007,BAK-SRD-003,13,15,2026-04-16 03:15:00
2026-03-22,FC007,BAK-BGL-004,41,15,2026-04-16 03:15:00
2026-03-22,FC007,PRD-BAN-001,122,15,2026-04-16 03:15:00
2026-03-22,FC007,PRD-TOM-002,98,15,2026-04-16 03:15:00
2026-03-22,FC007,PRD-BRC-003,130,15,2026-04-16 03:15:00
2026-03-22,FC007,PRD-APL-004,82,15,2026-04-16 03:15:00
2026-03-22,FC007,BEV-COL-001,3,15,2026-04-16 03:15:00
2026-03-22,FC007,BEV-OJU-002,30,15,2026-04-16 03:15:00
2026-03-22,FC007,BEV-WAT-003,27,15,2026-04-16 03:15:00
2026-03-22,FC007,BEV-BER-004,34,15,2026-04-16 03:15:00
2026-03-22,FC007,FRZ-PIZ-001,27,15,2026-04-16 03:15:00
2026-03-22,FC007,FRZ-ICE-002,45,15,2026-04-16 03:15:00
2026-03-22,FC007,FRZ-FRI-003,98,15,2026-04-16 03:15:00
2026-03-22,FC007,FRZ-PEA-004,122,15,2026-04-16 03:15:00
2026-03-22,FC007,SNK-CHP-001,34,15,2026-04-16 03:15:00
2026-03-22,FC007,SNK-CHC-002,80,15,2026-04-16 03:15:00
2026-03-22,FC007,SNK-BSC-003,123,15,2026-04-16 03:15:00
2026-03-22,FC007,SNK-NUT-004,42,15,2026-04-16 03:15:00
2026-03-22,FC008,FRS-MLK-001,60,15,2026-04-16 03:15:00
2026-03-22,FC008,FRS-YGT-002,84,15,2026-04-16 03:15:00
2026-03-22,FC008,FRS-CHD-003,81,15,2026-04-16 03:15:00
2026-03-22,FC008,FRS-BTR-004,122,15,2026-04-16 03:15:00
2026-03-22,FC008,BAK-BRD-001,15,15,2026-04-16 03:15:00
2026-03-22,FC008,BAK-CRS-002,55,15,2026-04-16 03:15:00
2026-03-22,FC008,BAK-SRD-003,0,15,2026-04-16 03:15:00
2026-03-22,FC008,BAK-BGL-004,97,15,2026-04-16 03:15:00
2026-03-22,FC008,PRD-BAN-001,107,15,2026-04-16 03:15:00
2026-03-22,FC008,PRD-TOM-002,111,15,2026-04-16 03:15:00
2026-03-22,FC008,PRD-BRC-003,149,15,2026-04-16 03:15:00
2026-03-22,FC008,PRD-APL-004,70,15,2026-04-16 03:15:00
2026-03-22,FC008,BEV-COL-001,90,15,2026-04-16 03:15:00
2026-03-22,FC008,BEV-OJU-002,40,15,2026-04-16 03:15:00
2026-03-22,FC008,BEV-WAT-003,0,15,2026-04-16 03:15:00
2026-03-22,FC008,BEV-BER-004,101,15,2026-04-16 03:15:00
2026-03-22,FC008,FRZ-PIZ-001,27,15,2026-04-16 03:15:00
2026-03-22,FC008,FRZ-ICE-002,0,15,2026-04-16 03:15:00
2026-03-22,FC008,FRZ-FRI-003,15,15,2026-04-16 03:15:00
2026-03-22,FC008,FRZ-PEA-004,49,15,2026-04-16 03:15:00
2026-03-22,FC008,SNK-CHP-001,0,15,2026-04-16 03:15:00
2026-03-22,FC008,SNK-CHC-002,0,15,2026-04-16 03:15:00
2026-03-22,FC008,SNK-BSC-003,100,15,2026-04-16 03:15:00
2026-03-22,FC008,SNK-NUT-004,104,15,2026-04-16 03:15:00
2026-03-23,FC001,FRS-MLK-001,119,30,2026-04-16 03:15:00
2026-03-23,FC001,FRS-YGT-002,54,30,2026-04-16 03:15:00
2026-03-23,FC001,FRS-CHD-003,118,30,2026-04-16 03:15:00
2026-03-23,FC001,FRS-BTR-004,42,30,2026-04-16 03:15:00
2026-03-23,FC001,BAK-BRD-001,79,30,2026-04-16 03:15:00
2026-03-23,FC001,BAK-CRS-002,68,30,2026-04-16 03:15:00
2026-03-23,FC001,BAK-SRD-003,43,30,2026-04-16 03:15:00
2026-03-23,FC001,BAK-BGL-004,70,30,2026-04-16 03:15:00
2026-03-23,FC001,PRD-BAN-001,104,30,2026-04-16 03:15:00
2026-03-23,FC001,PRD-TOM-002,89,30,2026-04-16 03:15:00
2026-03-23,FC001,PRD-BRC-003,137,30,2026-04-16 03:15:00
2026-03-23,FC001,PRD-APL-004,30,30,2026-04-16 03:15:00
2026-03-23,FC001,BEV-COL-001,28,30,2026-04-16 03:15:00
2026-03-23,FC001,BEV-OJU-002,93,30,2026-04-16 03:15:00
2026-03-23,FC001,BEV-WAT-003,58,30,2026-04-16 03:15:00
2026-03-23,FC001,BEV-BER-004,34,30,2026-04-16 03:15:00
2026-03-23,FC001,FRZ-PIZ-001,114,30,2026-04-16 03:15:00
2026-03-23,FC001,FRZ-ICE-002,124,30,2026-04-16 03:15:00
2026-03-23,FC001,FRZ-FRI-003,65,30,2026-04-16 03:15:00
2026-03-23,FC001,FRZ-PEA-004,69,30,2026-04-16 03:15:00
2026-03-23,FC001,SNK-CHP-001,83,30,2026-04-16 03:15:00
2026-03-23,FC001,SNK-CHC-002,123,30,2026-04-16 03:15:00
2026-03-23,FC001,SNK-BSC-003,63,30,2026-04-16 03:15:00
2026-03-23,FC001,SNK-NUT-004,60,30,2026-04-16 03:15:00
2026-03-23,FC002,FRS-MLK-001,21,30,2026-04-16 03:15:00
2026-03-23,FC002,FRS-YGT-002,60,30,2026-04-16 03:15:00
2026-03-23,FC002,FRS-CHD-003,66,30,2026-04-16 03:15:00
2026-03-23,FC002,FRS-BTR-004,48,30,2026-04-16 03:15:00
2026-03-23,FC002,BAK-BRD-001,65,30,2026-04-16 03:15:00
2026-03-23,FC002,BAK-CRS-002,56,30,2026-04-16 03:15:00
2026-03-23,FC002,BAK-SRD-003,109,30,2026-04-16 03:15:00
2026-03-23,FC002,BAK-BGL-004,39,30,2026-04-16 03:15:00
2026-03-23,FC002,PRD-BAN-001,88,30,2026-04-16 03:15:00
2026-03-23,FC002,PRD-TOM-002,115,30,2026-04-16 03:15:00
2026-03-23,FC002,PRD-BRC-003,105,30,2026-04-16 03:15:00
2026-03-23,FC002,PRD-APL-004,0,30,2026-04-16 03:15:00
2026-03-23,FC002,BEV-COL-001,119,30,2026-04-16 03:15:00
2026-03-23,FC002,BEV-OJU-002,140,30,2026-04-16 03:15:00
2026-03-23,FC002,BEV-WAT-003,92,30,2026-04-16 03:15:00
2026-03-23,FC002,BEV-BER-004,79,30,2026-04-16 03:15:00
2026-03-23,FC002,FRZ-PIZ-001,132,30,2026-04-16 03:15:00
2026-03-23,FC002,FRZ-ICE-002,71,30,2026-04-16 03:15:00
2026-03-23,FC002,FRZ-FRI-003,42,30,2026-04-16 03:15:00
2026-03-23,FC002,FRZ-PEA-004,40,30,2026-04-16 03:15:00
2026-03-23,FC002,SNK-CHP-001,57,30,2026-04-16 03:15:00
2026-03-23,FC002,SNK-CHC-002,92,30,2026-04-16 03:15:00
2026-03-23,FC002,SNK-BSC-003,85,30,2026-04-16 03:15:00
2026-03-23,FC002,SNK-NUT-004,70,30,2026-04-16 03:15:00
2026-03-23,FC003,FRS-MLK-001,46,30,2026-04-16 03:15:00
2026-03-23,FC003,FRS-YGT-002,80,30,2026-04-16 03:15:00
2026-03-23,FC003,FRS-CHD-003,43,30,2026-04-16 03:15:00
2026-03-23,FC003,FRS-BTR-004,38,30,2026-04-16 03:15:00
2026-03-23,FC003,BAK-BRD-001,51,30,2026-04-16 03:15:00
2026-03-23,FC003,BAK-CRS-002,27,30,2026-04-16 03:15:00
2026-03-23,FC003,BAK-SRD-003,78,30,2026-04-16 03:15:00
2026-03-23,FC003,BAK-BGL-004,51,30,2026-04-16 03:15:00
2026-03-23,FC003,PRD-BAN-001,77,30,2026-04-16 03:15:00
2026-03-23,FC003,PRD-TOM-002,59,30,2026-04-16 03:15:00
2026-03-23,FC003,PRD-BRC-003,88,30,2026-04-16 03:15:00
2026-03-23,FC003,PRD-APL-004,76,30,2026-04-16 03:15:00
2026-03-23,FC003,BEV-COL-001,64,30,2026-04-16 03:15:00
2026-03-23,FC003,BEV-OJU-002,66,30,2026-04-16 03:15:00
2026-03-23,FC003,BEV-WAT-003,108,30,2026-04-16 03:15:00
2026-03-23,FC003,BEV-BER-004,46,30,2026-04-16 03:15:00
2026-03-23,FC003,FRZ-PIZ-001,34,30,2026-04-16 03:15:00
2026-03-23,FC003,FRZ-ICE-002,85,30,2026-04-16 03:15:00
2026-03-23,FC003,FRZ-FRI-003,111,30,2026-04-16 03:15:00
2026-03-23,FC003,FRZ-PEA-004,52,30,2026-04-16 03:15:00
2026-03-23,FC003,SNK-CHP-001,121,30,2026-04-16 03:15:00
2026-03-23,FC003,SNK-CHC-002,60,30,2026-04-16 03:15:00
2026-03-23,FC003,SNK-BSC-003,72,30,2026-04-16 03:15:00
2026-03-23,FC003,SNK-NUT-004,36,30,2026-04-16 03:15:00
2026-03-23,FC004,FRS-MLK-001,95,15,2026-04-16 03:15:00
2026-03-23,FC004,FRS-YGT-002,132,15,2026-04-16 03:15:00
2026-03-23,FC004,FRS-CHD-003,12,15,2026-04-16 03:15:00
2026-03-23,FC004,FRS-BTR-004,8,15,2026-04-16 03:15:00
2026-03-23,FC004,BAK-BRD-001,162,15,2026-04-16 03:15:00
2026-03-23,FC004,BAK-CRS-002,115,15,2026-04-16 03:15:00
2026-03-23,FC004,BAK-SRD-003,62,15,2026-04-16 03:15:00
2026-03-23,FC004,BAK-BGL-004,116,15,2026-04-16 03:15:00
2026-03-23,FC004,PRD-BAN-001,109,15,2026-04-16 03:15:00
2026-03-23,FC004,PRD-TOM-002,133,15,2026-04-16 03:15:00
2026-03-23,FC004,PRD-BRC-003,15,15,2026-04-16 03:15:00
2026-03-23,FC004,PRD-APL-004,19,15,2026-04-16 03:15:00
2026-03-23,FC004,BEV-COL-001,71,15,2026-04-16 03:15:00
2026-03-23,FC004,BEV-OJU-002,22,15,2026-04-16 03:15:00
2026-03-23,FC004,BEV-WAT-003,37,15,2026-04-16 03:15:00
2026-03-23,FC004,BEV-BER-004,28,15,2026-04-16 03:15:00
2026-03-23,FC004,FRZ-PIZ-001,77,15,2026-04-16 03:15:00
2026-03-23,FC004,FRZ-ICE-002,39,15,2026-04-16 03:15:00
2026-03-23,FC004,FRZ-FRI-003,27,15,2026-04-16 03:15:00
2026-03-23,FC004,FRZ-PEA-004,75,15,2026-04-16 03:15:00
2026-03-23,FC004,SNK-CHP-001,78,15,2026-04-16 03:15:00
2026-03-23,FC004,SNK-CHC-002,121,15,2026-04-16 03:15:00
2026-03-23,FC004,SNK-BSC-003,124,15,2026-04-16 03:15:00
2026-03-23,FC004,SNK-NUT-004,18,15,2026-04-16 03:15:00
2026-03-23,FC005,FRS-MLK-001,113,30,2026-04-16 03:15:00
2026-03-23,FC005,FRS-YGT-002,56,30,2026-04-16 03:15:00
2026-03-23,FC005,FRS-CHD-003,78,30,2026-04-16 03:15:00
2026-03-23,FC005,FRS-BTR-004,67,30,2026-04-16 03:15:00
2026-03-23,FC005,BAK-BRD-001,77,30,2026-04-16 03:15:00
2026-03-23,FC005,BAK-CRS-002,34,30,2026-04-16 03:15:00
2026-03-23,FC005,BAK-SRD-003,40,30,2026-04-16 03:15:00
2026-03-23,FC005,BAK-BGL-004,45,30,2026-04-16 03:15:00
2026-03-23,FC005,PRD-BAN-001,96,30,2026-04-16 03:15:00
2026-03-23,FC005,PRD-TOM-002,63,30,2026-04-16 03:15:00
2026-03-23,FC005,PRD-BRC-003,88,30,2026-04-16 03:15:00
2026-03-23,FC005,PRD-APL-004,89,30,2026-04-16 03:15:00
2026-03-23,FC005,BEV-COL-001,47,30,2026-04-16 03:15:00
2026-03-23,FC005,BEV-OJU-002,60,30,2026-04-16 03:15:00
2026-03-23,FC005,BEV-WAT-003,37,30,2026-04-16 03:15:00
2026-03-23,FC005,BEV-BER-004,112,30,2026-04-16 03:15:00
2026-03-23,FC005,FRZ-PIZ-001,148,30,2026-04-16 03:15:00
2026-03-23,FC005,FRZ-ICE-002,54,30,2026-04-16 03:15:00
2026-03-23,FC005,FRZ-FRI-003,64,30,2026-04-16 03:15:00
2026-03-23,FC005,FRZ-PEA-004,85,30,2026-04-16 03:15:00
2026-03-23,FC005,SNK-CHP-001,111,30,2026-04-16 03:15:00
2026-03-23,FC005,SNK-CHC-002,65,30,2026-04-16 03:15:00
2026-03-23,FC005,SNK-BSC-003,52,30,2026-04-16 03:15:00
2026-03-23,FC005,SNK-NUT-004,22,30,2026-04-16 03:15:00
2026-03-23,FC006,FRS-MLK-001,100,30,2026-04-16 03:15:00
2026-03-23,FC006,FRS-YGT-002,137,30,2026-04-16 03:15:00
2026-03-23,FC006,FRS-CHD-003,116,30,2026-04-16 03:15:00
2026-03-23,FC006,FRS-BTR-004,88,30,2026-04-16 03:15:00
2026-03-23,FC006,BAK-BRD-001,59,30,2026-04-16 03:15:00
2026-03-23,FC006,BAK-CRS-002,79,30,2026-04-16 03:15:00
2026-03-23,FC006,BAK-SRD-003,112,30,2026-04-16 03:15:00
2026-03-23,FC006,BAK-BGL-004,32,30,2026-04-16 03:15:00
2026-03-23,FC006,PRD-BAN-001,63,30,2026-04-16 03:15:00
2026-03-23,FC006,PRD-TOM-002,58,30,2026-04-16 03:15:00
2026-03-23,FC006,PRD-BRC-003,53,30,2026-04-16 03:15:00
2026-03-23,FC006,PRD-APL-004,74,30,2026-04-16 03:15:00
2026-03-23,FC006,BEV-COL-001,49,30,2026-04-16 03:15:00
2026-03-23,FC006,BEV-OJU-002,34,30,2026-04-16 03:15:00
2026-03-23,FC006,BEV-WAT-003,108,30,2026-04-16 03:15:00
2026-03-23,FC006,BEV-BER-004,61,30,2026-04-16 03:15:00
2026-03-23,FC006,FRZ-PIZ-001,86,30,2026-04-16 03:15:00
2026-03-23,FC006,FRZ-ICE-002,2,30,2026-04-16 03:15:00
2026-03-23,FC006,FRZ-FRI-003,77,30,2026-04-16 03:15:00
2026-03-23,FC006,FRZ-PEA-004,65,30,2026-04-16 03:15:00
2026-03-23,FC006,SNK-CHP-001,36,30,2026-04-16 03:15:00
2026-03-23,FC006,SNK-CHC-002,22,30,2026-04-16 03:15:00
2026-03-23,FC006,SNK-BSC-003,1,30,2026-04-16 03:15:00
2026-03-23,FC006,SNK-NUT-004,73,30,2026-04-16 03:15:00
2026-03-23,FC007,FRS-MLK-001,30,15,2026-04-16 03:15:00
2026-03-23,FC007,FRS-YGT-002,104,15,2026-04-16 03:15:00
2026-03-23,FC007,FRS-CHD-003,84,15,2026-04-16 03:15:00
2026-03-23,FC007,FRS-BTR-004,37,15,2026-04-16 03:15:00
2026-03-23,FC007,BAK-BRD-001,135,15,2026-04-16 03:15:00
2026-03-23,FC007,BAK-CRS-002,30,15,2026-04-16 03:15:00
2026-03-23,FC007,BAK-SRD-003,9,15,2026-04-16 03:15:00
2026-03-23,FC007,BAK-BGL-004,40,15,2026-04-16 03:15:00
2026-03-23,FC007,PRD-BAN-001,116,15,2026-04-16 03:15:00
2026-03-23,FC007,PRD-TOM-002,88,15,2026-04-16 03:15:00
2026-03-23,FC007,PRD-BRC-003,125,15,2026-04-16 03:15:00
2026-03-23,FC007,PRD-APL-004,76,15,2026-04-16 03:15:00
2026-03-23,FC007,BEV-COL-001,0,15,2026-04-16 03:15:00
2026-03-23,FC007,BEV-OJU-002,29,15,2026-04-16 03:15:00
2026-03-23,FC007,BEV-WAT-003,19,15,2026-04-16 03:15:00
2026-03-23,FC007,BEV-BER-004,31,15,2026-04-16 03:15:00
2026-03-23,FC007,FRZ-PIZ-001,91,15,2026-04-16 03:15:00
2026-03-23,FC007,FRZ-ICE-002,42,15,2026-04-16 03:15:00
2026-03-23,FC007,FRZ-FRI-003,96,15,2026-04-16 03:15:00
2026-03-23,FC007,FRZ-PEA-004,120,15,2026-04-16 03:15:00
2026-03-23,FC007,SNK-CHP-001,32,15,2026-04-16 03:15:00
2026-03-23,FC007,SNK-CHC-002,74,15,2026-04-16 03:15:00
2026-03-23,FC007,SNK-BSC-003,121,15,2026-04-16 03:15:00
2026-03-23,FC007,SNK-NUT-004,36,15,2026-04-16 03:15:00
2026-03-23,FC008,FRS-MLK-001,56,15,2026-04-16 03:15:00
2026-03-23,FC008,FRS-YGT-002,66,15,2026-04-16 03:15:00
2026-03-23,FC008,FRS-CHD-003,65,15,2026-04-16 03:15:00
2026-03-23,FC008,FRS-BTR-004,114,15,2026-04-16 03:15:00
2026-03-23,FC008,BAK-BRD-001,8,15,2026-04-16 03:15:00
2026-03-23,FC008,BAK-CRS-002,46,15,2026-04-16 03:15:00
2026-03-23,FC008,BAK-SRD-003,0,15,2026-04-16 03:15:00
2026-03-23,FC008,BAK-BGL-004,93,15,2026-04-16 03:15:00
2026-03-23,FC008,PRD-BAN-001,101,15,2026-04-16 03:15:00
2026-03-23,FC008,PRD-TOM-002,99,15,2026-04-16 03:15:00
2026-03-23,FC008,PRD-BRC-003,146,15,2026-04-16 03:15:00
2026-03-23,FC008,PRD-APL-004,67,15,2026-04-16 03:15:00
2026-03-23,FC008,BEV-COL-001,86,15,2026-04-16 03:15:00
2026-03-23,FC008,BEV-OJU-002,22,15,2026-04-16 03:15:00
2026-03-23,FC008,BEV-WAT-003,0,15,2026-04-16 03:15:00
2026-03-23,FC008,BEV-BER-004,96,15,2026-04-16 03:15:00
2026-03-23,FC008,FRZ-PIZ-001,69,15,2026-04-16 03:15:00
2026-03-23,FC008,FRZ-ICE-002,55,15,2026-04-16 03:15:00
2026-03-23,FC008,FRZ-FRI-003,0,15,2026-04-16 03:15:00
2026-03-23,FC008,FRZ-PEA-004,30,15,2026-04-16 03:15:00
2026-03-23,FC008,SNK-CHP-001,130,15,2026-04-16 03:15:00
2026-03-23,FC008,SNK-CHC-002,0,15,2026-04-16 03:15:00
2026-03-23,FC008,SNK-BSC-003,86,15,2026-04-16 03:15:00
2026-03-23,FC008,SNK-NUT-004,95,15,2026-04-16 03:15:00
2026-03-24,FC001,FRS-MLK-001,102,30,2026-04-16 03:15:00
2026-03-24,FC001,FRS-YGT-002,40,30,2026-04-16 03:15:00
2026-03-24,FC001,FRS-CHD-003,105,30,2026-04-16 03:15:00
2026-03-24,FC001,FRS-BTR-004,38,30,2026-04-16 03:15:00
2026-03-24,FC001,BAK-BRD-001,64,30,2026-04-16 03:15:00
2026-03-24,FC001,BAK-CRS-002,62,30,2026-04-16 03:15:00
2026-03-24,FC001,BAK-SRD-003,35,30,2026-04-16 03:15:00
2026-03-24,FC001,BAK-BGL-004,63,30,2026-04-16 03:15:00
2026-03-24,FC001,PRD-BAN-001,93,30,2026-04-16 03:15:00
2026-03-24,FC001,PRD-TOM-002,86,30,2026-04-16 03:15:00
2026-03-24,FC001,PRD-BRC-003,124,30,2026-04-16 03:15:00
2026-03-24,FC001,PRD-APL-004,16,30,2026-04-16 03:15:00
2026-03-24,FC001,BEV-COL-001,103,30,2026-04-16 03:15:00
2026-03-24,FC001,BEV-OJU-002,88,30,2026-04-16 03:15:00
2026-03-24,FC001,BEV-WAT-003,42,30,2026-04-16 03:15:00
2026-03-24,FC001,BEV-BER-004,107,30,2026-04-16 03:15:00
2026-03-24,FC001,FRZ-PIZ-001,106,30,2026-04-16 03:15:00
2026-03-24,FC001,FRZ-ICE-002,119,30,2026-04-16 03:15:00
2026-03-24,FC001,FRZ-FRI-003,59,30,2026-04-16 03:15:00
2026-03-24,FC001,FRZ-PEA-004,51,30,2026-04-16 03:15:00
2026-03-24,FC001,SNK-CHP-001,66,30,2026-04-16 03:15:00
2026-03-24,FC001,SNK-CHC-002,121,30,2026-04-16 03:15:00
2026-03-24,FC001,SNK-BSC-003,61,30,2026-04-16 03:15:00
2026-03-24,FC001,SNK-NUT-004,54,30,2026-04-16 03:15:00
2026-03-24,FC002,FRS-MLK-001,138,30,2026-04-16 03:15:00
2026-03-24,FC002,FRS-YGT-002,42,30,2026-04-16 03:15:00
2026-03-24,FC002,FRS-CHD-003,47,30,2026-04-16 03:15:00
2026-03-24,FC002,FRS-BTR-004,42,30,2026-04-16 03:15:00
2026-03-24,FC002,BAK-BRD-001,50,30,2026-04-16 03:15:00
2026-03-24,FC002,BAK-CRS-002,36,30,2026-04-16 03:15:00
2026-03-24,FC002,BAK-SRD-003,103,30,2026-04-16 03:15:00
2026-03-24,FC002,BAK-BGL-004,37,30,2026-04-16 03:15:00
2026-03-24,FC002,PRD-BAN-001,80,30,2026-04-16 03:15:00
2026-03-24,FC002,PRD-TOM-002,100,30,2026-04-16 03:15:00
2026-03-24,FC002,PRD-BRC-003,98,30,2026-04-16 03:15:00
2026-03-24,FC002,PRD-APL-004,138,30,2026-04-16 03:15:00
2026-03-24,FC002,BEV-COL-001,104,30,2026-04-16 03:15:00
2026-03-24,FC002,BEV-OJU-002,124,30,2026-04-16 03:15:00
2026-03-24,FC002,BEV-WAT-003,90,30,2026-04-16 03:15:00
2026-03-24,FC002,BEV-BER-004,61,30,2026-04-16 03:15:00
2026-03-24,FC002,FRZ-PIZ-001,117,30,2026-04-16 03:15:00
2026-03-24,FC002,FRZ-ICE-002,54,30,2026-04-16 03:15:00
2026-03-24,FC002,FRZ-FRI-003,34,30,2026-04-16 03:15:00
2026-03-24,FC002,FRZ-PEA-004,26,30,2026-04-16 03:15:00
2026-03-24,FC002,SNK-CHP-001,37,30,2026-04-16 03:15:00
2026-03-24,FC002,SNK-CHC-002,90,30,2026-04-16 03:15:00
2026-03-24,FC002,SNK-BSC-003,83,30,2026-04-16 03:15:00
2026-03-24,FC002,SNK-NUT-004,67,30,2026-04-16 03:15:00
2026-03-24,FC003,FRS-MLK-001,31,30,2026-04-16 03:15:00
2026-03-24,FC003,FRS-YGT-002,69,30,2026-04-16 03:15:00
2026-03-24,FC003,FRS-CHD-003,35,30,2026-04-16 03:15:00
2026-03-24,FC003,FRS-BTR-004,19,30,2026-04-16 03:15:00
2026-03-24,FC003,BAK-BRD-001,41,30,2026-04-16 03:15:00
2026-03-24,FC003,BAK-CRS-002,140,30,2026-04-16 03:15:00
2026-03-24,FC003,BAK-SRD-003,68,30,2026-04-16 03:15:00
2026-03-24,FC003,BAK-BGL-004,47,30,2026-04-16 03:15:00
2026-03-24,FC003,PRD-BAN-001,64,30,2026-04-16 03:15:00
2026-03-24,FC003,PRD-TOM-002,51,30,2026-04-16 03:15:00
2026-03-24,FC003,PRD-BRC-003,72,30,2026-04-16 03:15:00
2026-03-24,FC003,PRD-APL-004,57,30,2026-04-16 03:15:00
2026-03-24,FC003,BEV-COL-001,53,30,2026-04-16 03:15:00
2026-03-24,FC003,BEV-OJU-002,61,30,2026-04-16 03:15:00
2026-03-24,FC003,BEV-WAT-003,94,30,2026-04-16 03:15:00
2026-03-24,FC003,BEV-BER-004,31,30,2026-04-16 03:15:00
2026-03-24,FC003,FRZ-PIZ-001,144,30,2026-04-16 03:15:00
2026-03-24,FC003,FRZ-ICE-002,65,30,2026-04-16 03:15:00
2026-03-24,FC003,FRZ-FRI-003,94,30,2026-04-16 03:15:00
2026-03-24,FC003,FRZ-PEA-004,35,30,2026-04-16 03:15:00
2026-03-24,FC003,SNK-CHP-001,112,30,2026-04-16 03:15:00
2026-03-24,FC003,SNK-CHC-002,52,30,2026-04-16 03:15:00
2026-03-24,FC003,SNK-BSC-003,55,30,2026-04-16 03:15:00
2026-03-24,FC003,SNK-NUT-004,19,30,2026-04-16 03:15:00
2026-03-24,FC004,FRS-MLK-001,92,15,2026-04-16 03:15:00
2026-03-24,FC004,FRS-YGT-002,127,15,2026-04-16 03:15:00
2026-03-24,FC004,FRS-CHD-003,140,15,2026-04-16 03:15:00
2026-03-24,FC004,FRS-BTR-004,72,15,2026-04-16 03:15:00
2026-03-24,FC004,BAK-BRD-001,161,15,2026-04-16 03:15:00
2026-03-24,FC004,BAK-CRS-002,112,15,2026-04-16 03:15:00
2026-03-24,FC004,BAK-SRD-003,60,15,2026-04-16 03:15:00
2026-03-24,FC004,BAK-BGL-004,112,15,2026-04-16 03:15:00
2026-03-24,FC004,PRD-BAN-001,107,15,2026-04-16 03:15:00
2026-03-24,FC004,PRD-TOM-002,125,15,2026-04-16 03:15:00
2026-03-24,FC004,PRD-BRC-003,9,15,2026-04-16 03:15:00
2026-03-24,FC004,PRD-APL-004,75,15,2026-04-16 03:15:00
2026-03-24,FC004,BEV-COL-001,64,15,2026-04-16 03:15:00
2026-03-24,FC004,BEV-OJU-002,17,15,2026-04-16 03:15:00
2026-03-24,FC004,BEV-WAT-003,32,15,2026-04-16 03:15:00
2026-03-24,FC004,BEV-BER-004,115,15,2026-04-16 03:15:00
2026-03-24,FC004,FRZ-PIZ-001,73,15,2026-04-16 03:15:00
2026-03-24,FC004,FRZ-ICE-002,36,15,2026-04-16 03:15:00
2026-03-24,FC004,FRZ-FRI-003,116,15,2026-04-16 03:15:00
2026-03-24,FC004,FRZ-PEA-004,73,15,2026-04-16 03:15:00
2026-03-24,FC004,SNK-CHP-001,73,15,2026-04-16 03:15:00
2026-03-24,FC004,SNK-CHC-002,118,15,2026-04-16 03:15:00
2026-03-24,FC004,SNK-BSC-003,122,15,2026-04-16 03:15:00
2026-03-24,FC004,SNK-NUT-004,9,15,2026-04-16 03:15:00
2026-03-24,FC005,FRS-MLK-001,96,30,2026-04-16 03:15:00
2026-03-24,FC005,FRS-YGT-002,36,30,2026-04-16 03:15:00
2026-03-24,FC005,FRS-CHD-003,67,30,2026-04-16 03:15:00
2026-03-24,FC005,FRS-BTR-004,56,30,2026-04-16 03:15:00
2026-03-24,FC005,BAK-BRD-001,63,30,2026-04-16 03:15:00
2026-03-24,FC005,BAK-CRS-002,20,30,2026-04-16 03:15:00
2026-03-24,FC005,BAK-SRD-003,36,30,2026-04-16 03:15:00
2026-03-24,FC005,BAK-BGL-004,81,30,2026-04-16 03:15:00
2026-03-24,FC005,PRD-BAN-001,89,30,2026-04-16 03:15:00
2026-03-24,FC005,PRD-TOM-002,50,30,2026-04-16 03:15:00
2026-03-24,FC005,PRD-BRC-003,72,30,2026-04-16 03:15:00
2026-03-24,FC005,PRD-APL-004,69,30,2026-04-16 03:15:00
2026-03-24,FC005,BEV-COL-001,39,30,2026-04-16 03:15:00
2026-03-24,FC005,BEV-OJU-002,46,30,2026-04-16 03:15:00
2026-03-24,FC005,BEV-WAT-003,157,30,2026-04-16 03:15:00
2026-03-24,FC005,BEV-BER-004,99,30,2026-04-16 03:15:00
2026-03-24,FC005,FRZ-PIZ-001,141,30,2026-04-16 03:15:00
2026-03-24,FC005,FRZ-ICE-002,38,30,2026-04-16 03:15:00
2026-03-24,FC005,FRZ-FRI-003,54,30,2026-04-16 03:15:00
2026-03-24,FC005,FRZ-PEA-004,66,30,2026-04-16 03:15:00
2026-03-24,FC005,SNK-CHP-001,94,30,2026-04-16 03:15:00
2026-03-24,FC005,SNK-CHC-002,54,30,2026-04-16 03:15:00
2026-03-24,FC005,SNK-BSC-003,42,30,2026-04-16 03:15:00
2026-03-24,FC005,SNK-NUT-004,2,30,2026-04-16 03:15:00
2026-03-24,FC006,FRS-MLK-001,89,30,2026-04-16 03:15:00
2026-03-24,FC006,FRS-YGT-002,132,30,2026-04-16 03:15:00
2026-03-24,FC006,FRS-CHD-003,103,30,2026-04-16 03:15:00
2026-03-24,FC006,FRS-BTR-004,82,30,2026-04-16 03:15:00
2026-03-24,FC006,BAK-BRD-001,54,30,2026-04-16 03:15:00
2026-03-24,FC006,BAK-CRS-002,68,30,2026-04-16 03:15:00
2026-03-24,FC006,BAK-SRD-003,94,30,2026-04-16 03:15:00
2026-03-24,FC006,BAK-BGL-004,151,30,2026-04-16 03:15:00
2026-03-24,FC006,PRD-BAN-001,60,30,2026-04-16 03:15:00
2026-03-24,FC006,PRD-TOM-002,48,30,2026-04-16 03:15:00
2026-03-24,FC006,PRD-BRC-003,37,30,2026-04-16 03:15:00
2026-03-24,FC006,PRD-APL-004,54,30,2026-04-16 03:15:00
2026-03-24,FC006,BEV-COL-001,46,30,2026-04-16 03:15:00
2026-03-24,FC006,BEV-OJU-002,31,30,2026-04-16 03:15:00
2026-03-24,FC006,BEV-WAT-003,94,30,2026-04-16 03:15:00
2026-03-24,FC006,BEV-BER-004,51,30,2026-04-16 03:15:00
2026-03-24,FC006,FRZ-PIZ-001,79,30,2026-04-16 03:15:00
2026-03-24,FC006,FRZ-ICE-002,0,30,2026-04-16 03:15:00
2026-03-24,FC006,FRZ-FRI-003,62,30,2026-04-16 03:15:00
2026-03-24,FC006,FRZ-PEA-004,56,30,2026-04-16 03:15:00
2026-03-24,FC006,SNK-CHP-001,24,30,2026-04-16 03:15:00
2026-03-24,FC006,SNK-CHC-002,14,30,2026-04-16 03:15:00
2026-03-24,FC006,SNK-BSC-003,54,30,2026-04-16 03:15:00
2026-03-24,FC006,SNK-NUT-004,53,30,2026-04-16 03:15:00
2026-03-24,FC007,FRS-MLK-001,23,15,2026-04-16 03:15:00
2026-03-24,FC007,FRS-YGT-002,95,15,2026-04-16 03:15:00
2026-03-24,FC007,FRS-CHD-003,77,15,2026-04-16 03:15:00
2026-03-24,FC007,FRS-BTR-004,34,15,2026-04-16 03:15:00
2026-03-24,FC007,BAK-BRD-001,125,15,2026-04-16 03:15:00
2026-03-24,FC007,BAK-CRS-002,21,15,2026-04-16 03:15:00
2026-03-24,FC007,BAK-SRD-003,95,15,2026-04-16 03:15:00
2026-03-24,FC007,BAK-BGL-004,39,15,2026-04-16 03:15:00
2026-03-24,FC007,PRD-BAN-001,110,15,2026-04-16 03:15:00
2026-03-24,FC007,PRD-TOM-002,79,15,2026-04-16 03:15:00
2026-03-24,FC007,PRD-BRC-003,119,15,2026-04-16 03:15:00
2026-03-24,FC007,PRD-APL-004,75,15,2026-04-16 03:15:00
2026-03-24,FC007,BEV-COL-001,0,15,2026-04-16 03:15:00
2026-03-24,FC007,BEV-OJU-002,26,15,2026-04-16 03:15:00
2026-03-24,FC007,BEV-WAT-003,9,15,2026-04-16 03:15:00
2026-03-24,FC007,BEV-BER-004,27,15,2026-04-16 03:15:00
2026-03-24,FC007,FRZ-PIZ-001,88,15,2026-04-16 03:15:00
2026-03-24,FC007,FRZ-ICE-002,37,15,2026-04-16 03:15:00
2026-03-24,FC007,FRZ-FRI-003,90,15,2026-04-16 03:15:00
2026-03-24,FC007,FRZ-PEA-004,113,15,2026-04-16 03:15:00
2026-03-24,FC007,SNK-CHP-001,173,15,2026-04-16 03:15:00
2026-03-24,FC007,SNK-CHC-002,67,15,2026-04-16 03:15:00
2026-03-24,FC007,SNK-BSC-003,114,15,2026-04-16 03:15:00
2026-03-24,FC007,SNK-NUT-004,34,15,2026-04-16 03:15:00
2026-03-24,FC008,FRS-MLK-001,45,15,2026-04-16 03:15:00
2026-03-24,FC008,FRS-YGT-002,61,15,2026-04-16 03:15:00
2026-03-24,FC008,FRS-CHD-003,58,15,2026-04-16 03:15:00
2026-03-24,FC008,FRS-BTR-004,94,15,2026-04-16 03:15:00
2026-03-24,FC008,BAK-BRD-001,0,15,2026-04-16 03:15:00
2026-03-24,FC008,BAK-CRS-002,120,15,2026-04-16 03:15:00
2026-03-24,FC008,BAK-SRD-003,0,15,2026-04-16 03:15:00
2026-03-24,FC008,BAK-BGL-004,89,15,2026-04-16 03:15:00
2026-03-24,FC008,PRD-BAN-001,96,15,2026-04-16 03:15:00
2026-03-24,FC008,PRD-TOM-002,87,15,2026-04-16 03:15:00
2026-03-24,FC008,PRD-BRC-003,140,15,2026-04-16 03:15:00
2026-03-24,FC008,PRD-APL-004,65,15,2026-04-16 03:15:00
2026-03-24,FC008,BEV-COL-001,80,15,2026-04-16 03:15:00
2026-03-24,FC008,BEV-OJU-002,5,15,2026-04-16 03:15:00
2026-03-24,FC008,BEV-WAT-003,140,15,2026-04-16 03:15:00
2026-03-24,FC008,BEV-BER-004,79,15,2026-04-16 03:15:00
2026-03-24,FC008,FRZ-PIZ-001,51,15,2026-04-16 03:15:00
2026-03-24,FC008,FRZ-ICE-002,39,15,2026-04-16 03:15:00
2026-03-24,FC008,FRZ-FRI-003,73,15,2026-04-16 03:15:00
2026-03-24,FC008,FRZ-PEA-004,106,15,2026-04-16 03:15:00
2026-03-24,FC008,SNK-CHP-001,124,15,2026-04-16 03:15:00
2026-03-24,FC008,SNK-CHC-002,0,15,2026-04-16 03:15:00
2026-03-24,FC008,SNK-BSC-003,67,15,2026-04-16 03:15:00
2026-03-24,FC008,SNK-NUT-004,82,15,2026-04-16 03:15:00
2026-03-25,FC001,FRS-MLK-001,99,30,2026-04-16 03:15:00
2026-03-25,FC001,FRS-YGT-002,86,30,2026-04-16 03:15:00
2026-03-25,FC001,FRS-CHD-003,97,30,2026-04-16 03:15:00
2026-03-25,FC001,FRS-BTR-004,84,30,2026-04-16 03:15:00
2026-03-25,FC001,BAK-BRD-001,61,30,2026-04-16 03:15:00
2026-03-25,FC001,BAK-CRS-002,56,30,2026-04-16 03:15:00
2026-03-25,FC001,BAK-SRD-003,92,30,2026-04-16 03:15:00
2026-03-25,FC001,BAK-BGL-004,57,30,2026-04-16 03:15:00
2026-03-25,FC001,PRD-BAN-001,83,30,2026-04-16 03:15:00
2026-03-25,FC001,PRD-TOM-002,79,30,2026-04-16 03:15:00
2026-03-25,FC001,PRD-BRC-003,121,30,2026-04-16 03:15:00
2026-03-25,FC001,PRD-APL-004,0,30,2026-04-16 03:15:00
2026-03-25,FC001,BEV-COL-001,95,30,2026-04-16 03:15:00
2026-03-25,FC001,BEV-OJU-002,81,30,2026-04-16 03:15:00
2026-03-25,FC001,BEV-WAT-003,39,30,2026-04-16 03:15:00
2026-03-25,FC001,BEV-BER-004,101,30,2026-04-16 03:15:00
2026-03-25,FC001,FRZ-PIZ-001,101,30,2026-04-16 03:15:00
2026-03-25,FC001,FRZ-ICE-002,102,30,2026-04-16 03:15:00
2026-03-25,FC001,FRZ-FRI-003,51,30,2026-04-16 03:15:00
2026-03-25,FC001,FRZ-PEA-004,35,30,2026-04-16 03:15:00
2026-03-25,FC001,SNK-CHP-001,61,30,2026-04-16 03:15:00
2026-03-25,FC001,SNK-CHC-002,102,30,2026-04-16 03:15:00
2026-03-25,FC001,SNK-BSC-003,42,30,2026-04-16 03:15:00
2026-03-25,FC001,SNK-NUT-004,39,30,2026-04-16 03:15:00
2026-03-25,FC002,FRS-MLK-001,131,30,2026-04-16 03:15:00
2026-03-25,FC002,FRS-YGT-002,154,30,2026-04-16 03:15:00
2026-03-25,FC002,FRS-CHD-003,44,30,2026-04-16 03:15:00
2026-03-25,FC002,FRS-BTR-004,29,30,2026-04-16 03:15:00
2026-03-25,FC002,BAK-BRD-001,40,30,2026-04-16 03:15:00
2026-03-25,FC002,BAK-CRS-002,22,30,2026-04-16 03:15:00
2026-03-25,FC002,BAK-SRD-003,86,30,2026-04-16 03:15:00
2026-03-25,FC002,BAK-BGL-004,149,30,2026-04-16 03:15:00
2026-03-25,FC002,PRD-BAN-001,63,30,2026-04-16 03:15:00
2026-03-25,FC002,PRD-TOM-002,82,30,2026-04-16 03:15:00
2026-03-25,FC002,PRD-BRC-003,87,30,2026-04-16 03:15:00
2026-03-25,FC002,PRD-APL-004,123,30,2026-04-16 03:15:00
2026-03-25,FC002,BEV-COL-001,97,30,2026-04-16 03:15:00
2026-03-25,FC002,BEV-OJU-002,116,30,2026-04-16 03:15:00
2026-03-25,FC002,BEV-WAT-003,86,30,2026-04-16 03:15:00
2026-03-25,FC002,BEV-BER-004,57,30,2026-04-16 03:15:00
2026-03-25,FC002,FRZ-PIZ-001,110,30,2026-04-16 03:15:00
2026-03-25,FC002,FRZ-ICE-002,49,30,2026-04-16 03:15:00
2026-03-25,FC002,FRZ-FRI-003,16,30,2026-04-16 03:15:00
2026-03-25,FC002,FRZ-PEA-004,121,30,2026-04-16 03:15:00
2026-03-25,FC002,SNK-CHP-001,26,30,2026-04-16 03:15:00
2026-03-25,FC002,SNK-CHC-002,77,30,2026-04-16 03:15:00
2026-03-25,FC002,SNK-BSC-003,63,30,2026-04-16 03:15:00
2026-03-25,FC002,SNK-NUT-004,47,30,2026-04-16 03:15:00
2026-03-25,FC003,FRS-MLK-001,125,30,2026-04-16 03:15:00
2026-03-25,FC003,FRS-YGT-002,62,30,2026-04-16 03:15:00
2026-03-25,FC003,FRS-CHD-003,18,30,2026-04-16 03:15:00
2026-03-25,FC003,FRS-BTR-004,127,30,2026-04-16 03:15:00
2026-03-25,FC003,BAK-BRD-001,21,30,2026-04-16 03:15:00
2026-03-25,FC003,BAK-CRS-002,132,30,2026-04-16 03:15:00
2026-03-25,FC003,BAK-SRD-003,63,30,2026-04-16 03:15:00
2026-03-25,FC003,BAK-BGL-004,35,30,2026-04-16 03:15:00
2026-03-25,FC003,PRD-BAN-001,47,30,2026-04-16 03:15:00
2026-03-25,FC003,PRD-TOM-002,35,30,2026-04-16 03:15:00
2026-03-25,FC003,PRD-BRC-003,66,30,2026-04-16 03:15:00
2026-03-25,FC003,PRD-APL-004,37,30,2026-04-16 03:15:00
2026-03-25,FC003,BEV-COL-001,48,30,2026-04-16 03:15:00
2026-03-25,FC003,BEV-OJU-002,53,30,2026-04-16 03:15:00
2026-03-25,FC003,BEV-WAT-003,74,30,2026-04-16 03:15:00
2026-03-25,FC003,BEV-BER-004,22,30,2026-04-16 03:15:00
2026-03-25,FC003,FRZ-PIZ-001,134,30,2026-04-16 03:15:00
2026-03-25,FC003,FRZ-ICE-002,55,30,2026-04-16 03:15:00
2026-03-25,FC003,FRZ-FRI-003,76,30,2026-04-16 03:15:00
2026-03-25,FC003,FRZ-PEA-004,30,30,2026-04-16 03:15:00
2026-03-25,FC003,SNK-CHP-001,92,30,2026-04-16 03:15:00
2026-03-25,FC003,SNK-CHC-002,42,30,2026-04-16 03:15:00
2026-03-25,FC003,SNK-BSC-003,44,30,2026-04-16 03:15:00
2026-03-25,FC003,SNK-NUT-004,13,30,2026-04-16 03:15:00
2026-03-25,FC004,FRS-MLK-001,86,15,2026-04-16 03:15:00
2026-03-25,FC004,FRS-YGT-002,125,15,2026-04-16 03:15:00
2026-03-25,FC004,FRS-CHD-003,137,15,2026-04-16 03:15:00
2026-03-25,FC004,FRS-BTR-004,71,15,2026-04-16 03:15:00
2026-03-25,FC004,BAK-BRD-001,158,15,2026-04-16 03:15:00
2026-03-25,FC004,BAK-CRS-002,102,15,2026-04-16 03:15:00
2026-03-25,FC004,BAK-SRD-003,51,15,2026-04-16 03:15:00
2026-03-25,FC004,BAK-BGL-004,108,15,2026-04-16 03:15:00
2026-03-25,FC004,PRD-BAN-001,102,15,2026-04-16 03:15:00
2026-03-25,FC004,PRD-TOM-002,123,15,2026-04-16 03:15:00
2026-03-25,FC004,PRD-BRC-003,6,15,2026-04-16 03:15:00
2026-03-25,FC004,PRD-APL-004,67,15,2026-04-16 03:15:00
2026-03-25,FC004,BEV-COL-001,59,15,2026-04-16 03:15:00
2026-03-25,FC004,BEV-OJU-002,10,15,2026-04-16 03:15:00
2026-03-25,FC004,BEV-WAT-003,126,15,2026-04-16 03:15:00
2026-03-25,FC004,BEV-BER-004,114,15,2026-04-16 03:15:00
2026-03-25,FC004,FRZ-PIZ-001,70,15,2026-04-16 03:15:00
2026-03-25,FC004,FRZ-ICE-002,145,15,2026-04-16 03:15:00
2026-03-25,FC004,FRZ-FRI-003,111,15,2026-04-16 03:15:00
2026-03-25,FC004,FRZ-PEA-004,71,15,2026-04-16 03:15:00
2026-03-25,FC004,SNK-CHP-001,71,15,2026-04-16 03:15:00
2026-03-25,FC004,SNK-CHC-002,116,15,2026-04-16 03:15:00
2026-03-25,FC004,SNK-BSC-003,119,15,2026-04-16 03:15:00
2026-03-25,FC004,SNK-NUT-004,58,15,2026-04-16 03:15:00
2026-03-25,FC005,FRS-MLK-001,90,30,2026-04-16 03:15:00
2026-03-25,FC005,FRS-YGT-002,31,30,2026-04-16 03:15:00
2026-03-25,FC005,FRS-CHD-003,58,30,2026-04-16 03:15:00
2026-03-25,FC005,FRS-BTR-004,43,30,2026-04-16 03:15:00
2026-03-25,FC005,BAK-BRD-001,51,30,2026-04-16 03:15:00
2026-03-25,FC005,BAK-CRS-002,98,30,2026-04-16 03:15:00
2026-03-25,FC005,BAK-SRD-003,25,30,2026-04-16 03:15:00
2026-03-25,FC005,BAK-BGL-004,79,30,2026-04-16 03:15:00
2026-03-25,FC005,PRD-BAN-001,79,30,2026-04-16 03:15:00
2026-03-25,FC005,PRD-TOM-002,33,30,2026-04-16 03:15:00
2026-03-25,FC005,PRD-BRC-003,52,30,2026-04-16 03:15:00
2026-03-25,FC005,PRD-APL-004,50,30,2026-04-16 03:15:00
2026-03-25,FC005,BEV-COL-001,34,30,2026-04-16 03:15:00
2026-03-25,FC005,BEV-OJU-002,30,30,2026-04-16 03:15:00
2026-03-25,FC005,BEV-WAT-003,149,30,2026-04-16 03:15:00
2026-03-25,FC005,BEV-BER-004,88,30,2026-04-16 03:15:00
2026-03-25,FC005,FRZ-PIZ-001,137,30,2026-04-16 03:15:00
2026-03-25,FC005,FRZ-ICE-002,31,30,2026-04-16 03:15:00
2026-03-25,FC005,FRZ-FRI-003,46,30,2026-04-16 03:15:00
2026-03-25,FC005,FRZ-PEA-004,61,30,2026-04-16 03:15:00
2026-03-25,FC005,SNK-CHP-001,84,30,2026-04-16 03:15:00
2026-03-25,FC005,SNK-CHC-002,34,30,2026-04-16 03:15:00
2026-03-25,FC005,SNK-BSC-003,29,30,2026-04-16 03:15:00
2026-03-25,FC005,SNK-NUT-004,134,30,2026-04-16 03:15:00
2026-03-25,FC006,FRS-MLK-001,73,30,2026-04-16 03:15:00
2026-03-25,FC006,FRS-YGT-002,122,30,2026-04-16 03:15:00
2026-03-25,FC006,FRS-CHD-003,97,30,2026-04-16 03:15:00
2026-03-25,FC006,FRS-BTR-004,80,30,2026-04-16 03:15:00
2026-03-25,FC006,BAK-BRD-001,48,30,2026-04-16 03:15:00
2026-03-25,FC006,BAK-CRS-002,58,30,2026-04-16 03:15:00
2026-03-25,FC006,BAK-SRD-003,92,30,2026-04-16 03:15:00
2026-03-25,FC006,BAK-BGL-004,140,30,2026-04-16 03:15:00
2026-03-25,FC006,PRD-BAN-001,44,30,2026-04-16 03:15:00
2026-03-25,FC006,PRD-TOM-002,45,30,2026-04-16 03:15:00
2026-03-25,FC006,PRD-BRC-003,31,30,2026-04-16 03:15:00
2026-03-25,FC006,PRD-APL-004,41,30,2026-04-16 03:15:00
2026-03-25,FC006,BEV-COL-001,27,30,2026-04-16 03:15:00
2026-03-25,FC006,BEV-OJU-002,156,30,2026-04-16 03:15:00
2026-03-25,FC006,BEV-WAT-003,90,30,2026-04-16 03:15:00
2026-03-25,FC006,BEV-BER-004,37,30,2026-04-16 03:15:00
2026-03-25,FC006,FRZ-PIZ-001,71,30,2026-04-16 03:15:00
2026-03-25,FC006,FRZ-ICE-002,129,30,2026-04-16 03:15:00
2026-03-25,FC006,FRZ-FRI-003,43,30,2026-04-16 03:15:00
2026-03-25,FC006,FRZ-PEA-004,37,30,2026-04-16 03:15:00
2026-03-25,FC006,SNK-CHP-001,18,30,2026-04-16 03:15:00
2026-03-25,FC006,SNK-CHC-002,11,30,2026-04-16 03:15:00
2026-03-25,FC006,SNK-BSC-003,37,30,2026-04-16 03:15:00
2026-03-25,FC006,SNK-NUT-004,36,30,2026-04-16 03:15:00
2026-03-25,FC007,FRS-MLK-001,15,15,2026-04-16 03:15:00
2026-03-25,FC007,FRS-YGT-002,89,15,2026-04-16 03:15:00
2026-03-25,FC007,FRS-CHD-003,69,15,2026-04-16 03:15:00
2026-03-25,FC007,FRS-BTR-004,90,15,2026-04-16 03:15:00
2026-03-25,FC007,BAK-BRD-001,117,15,2026-04-16 03:15:00
2026-03-25,FC007,BAK-CRS-002,145,15,2026-04-16 03:15:00
2026-03-25,FC007,BAK-SRD-003,93,15,2026-04-16 03:15:00
2026-03-25,FC007,BAK-BGL-004,34,15,2026-04-16 03:15:00
2026-03-25,FC007,PRD-BAN-001,106,15,2026-04-16 03:15:00
2026-03-25,FC007,PRD-TOM-002,76,15,2026-04-16 03:15:00
2026-03-25,FC007,PRD-BRC-003,114,15,2026-04-16 03:15:00
2026-03-25,FC007,PRD-APL-004,73,15,2026-04-16 03:15:00
2026-03-25,FC007,BEV-COL-001,73,15,2026-04-16 03:15:00
2026-03-25,FC007,BEV-OJU-002,18,15,2026-04-16 03:15:00
2026-03-25,FC007,BEV-WAT-003,2,15,2026-04-16 03:15:00
2026-03-25,FC007,BEV-BER-004,159,15,2026-04-16 03:15:00
2026-03-25,FC007,FRZ-PIZ-001,85,15,2026-04-16 03:15:00
2026-03-25,FC007,FRZ-ICE-002,34,15,2026-04-16 03:15:00
2026-03-25,FC007,FRZ-FRI-003,81,15,2026-04-16 03:15:00
2026-03-25,FC007,FRZ-PEA-004,104,15,2026-04-16 03:15:00
2026-03-25,FC007,SNK-CHP-001,171,15,2026-04-16 03:15:00
2026-03-25,FC007,SNK-CHC-002,65,15,2026-04-16 03:15:00
2026-03-25,FC007,SNK-BSC-003,110,15,2026-04-16 03:15:00
2026-03-25,FC007,SNK-NUT-004,32,15,2026-04-16 03:15:00
2026-03-25,FC008,FRS-MLK-001,28,15,2026-04-16 03:15:00
2026-03-25,FC008,FRS-YGT-002,45,15,2026-04-16 03:15:00
2026-03-25,FC008,FRS-CHD-003,39,15,2026-04-16 03:15:00
2026-03-25,FC008,FRS-BTR-004,90,15,2026-04-16 03:15:00
2026-03-25,FC008,BAK-BRD-001,132,15,2026-04-16 03:15:00
2026-03-25,FC008,BAK-CRS-002,111,15,2026-04-16 03:15:00
2026-03-25,FC008,BAK-SRD-003,0,15,2026-04-16 03:15:00
2026-03-25,FC008,BAK-BGL-004,86,15,2026-04-16 03:15:00
2026-03-25,FC008,PRD-BAN-001,82,15,2026-04-16 03:15:00
2026-03-25,FC008,PRD-TOM-002,78,15,2026-04-16 03:15:00
2026-03-25,FC008,PRD-BRC-003,127,15,2026-04-16 03:15:00
2026-03-25,FC008,PRD-APL-004,62,15,2026-04-16 03:15:00
2026-03-25,FC008,BEV-COL-001,75,15,2026-04-16 03:15:00
2026-03-25,FC008,BEV-OJU-002,150,15,2026-04-16 03:15:00
2026-03-25,FC008,BEV-WAT-003,123,15,2026-04-16 03:15:00
2026-03-25,FC008,BEV-BER-004,75,15,2026-04-16 03:15:00
2026-03-25,FC008,FRZ-PIZ-001,43,15,2026-04-16 03:15:00
2026-03-25,FC008,FRZ-ICE-002,35,15,2026-04-16 03:15:00
2026-03-25,FC008,FRZ-FRI-003,54,15,2026-04-16 03:15:00
2026-03-25,FC008,FRZ-PEA-004,90,15,2026-04-16 03:15:00
2026-03-25,FC008,SNK-CHP-001,109,15,2026-04-16 03:15:00
2026-03-25,FC008,SNK-CHC-002,0,15,2026-04-16 03:15:00
2026-03-25,FC008,SNK-BSC-003,54,15,2026-04-16 03:15:00
2026-03-25,FC008,SNK-NUT-004,72,15,2026-04-16 03:15:00
2026-03-26,FC001,FRS-MLK-001,87,30,2026-04-16 03:15:00
2026-03-26,FC001,FRS-YGT-002,75,30,2026-04-16 03:15:00
2026-03-26,FC001,FRS-CHD-003,80,30,2026-04-16 03:15:00
2026-03-26,FC001,FRS-BTR-004,67,30,2026-04-16 03:15:00
2026-03-26,FC001,BAK-BRD-001,53,30,2026-04-16 03:15:00
2026-03-26,FC001,BAK-CRS-002,48,30,2026-04-16 03:15:00
2026-03-26,FC001,BAK-SRD-003,84,30,2026-04-16 03:15:00
2026-03-26,FC001,BAK-BGL-004,54,30,2026-04-16 03:15:00
2026-03-26,FC001,PRD-BAN-001,72,30,2026-04-16 03:15:00
2026-03-26,FC001,PRD-TOM-002,63,30,2026-04-16 03:15:00
2026-03-26,FC001,PRD-BRC-003,103,30,2026-04-16 03:15:00
2026-03-26,FC001,PRD-APL-004,76,30,2026-04-16 03:15:00
2026-03-26,FC001,BEV-COL-001,76,30,2026-04-16 03:15:00
2026-03-26,FC001,BEV-OJU-002,79,30,2026-04-16 03:15:00
2026-03-26,FC001,BEV-WAT-003,25,30,2026-04-16 03:15:00
2026-03-26,FC001,BEV-BER-004,99,30,2026-04-16 03:15:00
2026-03-26,FC001,FRZ-PIZ-001,82,30,2026-04-16 03:15:00
2026-03-26,FC001,FRZ-ICE-002,93,30,2026-04-16 03:15:00
2026-03-26,FC001,FRZ-FRI-003,44,30,2026-04-16 03:15:00
2026-03-26,FC001,FRZ-PEA-004,72,30,2026-04-16 03:15:00
2026-03-26,FC001,SNK-CHP-001,44,30,2026-04-16 03:15:00
2026-03-26,FC001,SNK-CHC-002,93,30,2026-04-16 03:15:00
2026-03-26,FC001,SNK-BSC-003,39,30,2026-04-16 03:15:00
2026-03-26,FC001,SNK-NUT-004,21,30,2026-04-16 03:15:00
2026-03-26,FC002,FRS-MLK-001,114,30,2026-04-16 03:15:00
2026-03-26,FC002,FRS-YGT-002,149,30,2026-04-16 03:15:00
2026-03-26,FC002,FRS-CHD-003,28,30,2026-04-16 03:15:00
2026-03-26,FC002,FRS-BTR-004,10,30,2026-04-16 03:15:00
2026-03-26,FC002,BAK-BRD-001,34,30,2026-04-16 03:15:00
2026-03-26,FC002,BAK-CRS-002,114,30,2026-04-16 03:15:00
2026-03-26,FC002,BAK-SRD-003,70,30,2026-04-16 03:15:00
2026-03-26,FC002,BAK-BGL-004,129,30,2026-04-16 03:15:00
2026-03-26,FC002,PRD-BAN-001,61,30,2026-04-16 03:15:00
2026-03-26,FC002,PRD-TOM-002,76,30,2026-04-16 03:15:00
2026-03-26,FC002,PRD-BRC-003,75,30,2026-04-16 03:15:00
2026-03-26,FC002,PRD-APL-004,105,30,2026-04-16 03:15:00
2026-03-26,FC002,BEV-COL-001,91,30,2026-04-16 03:15:00
2026-03-26,FC002,BEV-OJU-002,108,30,2026-04-16 03:15:00
2026-03-26,FC002,BEV-WAT-003,71,30,2026-04-16 03:15:00
2026-03-26,FC002,BEV-BER-004,38,30,2026-04-16 03:15:00
2026-03-26,FC002,FRZ-PIZ-001,96,30,2026-04-16 03:15:00
2026-03-26,FC002,FRZ-ICE-002,40,30,2026-04-16 03:15:00
2026-03-26,FC002,FRZ-FRI-003,0,30,2026-04-16 03:15:00
2026-03-26,FC002,FRZ-PEA-004,112,30,2026-04-16 03:15:00
2026-03-26,FC002,SNK-CHP-001,9,30,2026-04-16 03:15:00
2026-03-26,FC002,SNK-CHC-002,63,30,2026-04-16 03:15:00
2026-03-26,FC002,SNK-BSC-003,61,30,2026-04-16 03:15:00
2026-03-26,FC002,SNK-NUT-004,31,30,2026-04-16 03:15:00
2026-03-26,FC003,FRS-MLK-001,110,30,2026-04-16 03:15:00
2026-03-26,FC003,FRS-YGT-002,45,30,2026-04-16 03:15:00
2026-03-26,FC003,FRS-CHD-003,100,30,2026-04-16 03:15:00
2026-03-26,FC003,FRS-BTR-004,122,30,2026-04-16 03:15:00
2026-03-26,FC003,BAK-BRD-001,19,30,2026-04-16 03:15:00
2026-03-26,FC003,BAK-CRS-002,130,30,2026-04-16 03:15:00
2026-03-26,FC003,BAK-SRD-003,47,30,2026-04-16 03:15:00
2026-03-26,FC003,BAK-BGL-004,30,30,2026-04-16 03:15:00
2026-03-26,FC003,PRD-BAN-001,33,30,2026-04-16 03:15:00
2026-03-26,FC003,PRD-TOM-002,16,30,2026-04-16 03:15:00
2026-03-26,FC003,PRD-BRC-003,53,30,2026-04-16 03:15:00
2026-03-26,FC003,PRD-APL-004,96,30,2026-04-16 03:15:00
2026-03-26,FC003,BEV-COL-001,33,30,2026-04-16 03:15:00
2026-03-26,FC003,BEV-OJU-002,40,30,2026-04-16 03:15:00
2026-03-26,FC003,BEV-WAT-003,67,30,2026-04-16 03:15:00
2026-03-26,FC003,BEV-BER-004,108,30,2026-04-16 03:15:00
2026-03-26,FC003,FRZ-PIZ-001,116,30,2026-04-16 03:15:00
2026-03-26,FC003,FRZ-ICE-002,46,30,2026-04-16 03:15:00
2026-03-26,FC003,FRZ-FRI-003,61,30,2026-04-16 03:15:00
2026-03-26,FC003,FRZ-PEA-004,21,30,2026-04-16 03:15:00
2026-03-26,FC003,SNK-CHP-001,84,30,2026-04-16 03:15:00
2026-03-26,FC003,SNK-CHC-002,31,30,2026-04-16 03:15:00
2026-03-26,FC003,SNK-BSC-003,89,30,2026-04-16 03:15:00
2026-03-26,FC003,SNK-NUT-004,0,30,2026-04-16 03:15:00
2026-03-26,FC004,FRS-MLK-001,85,15,2026-04-16 03:15:00
2026-03-26,FC004,FRS-YGT-002,122,15,2026-04-16 03:15:00
2026-03-26,FC004,FRS-CHD-003,132,15,2026-04-16 03:15:00
2026-03-26,FC004,FRS-BTR-004,66,15,2026-04-16 03:15:00
2026-03-26,FC004,BAK-BRD-001,152,15,2026-04-16 03:15:00
2026-03-26,FC004,BAK-CRS-002,99,15,2026-04-16 03:15:00
2026-03-26,FC004,BAK-SRD-003,44,15,2026-04-16 03:15:00
2026-03-26,FC004,BAK-BGL-004,107,15,2026-04-16 03:15:00
2026-03-26,FC004,PRD-BAN-001,98,15,2026-04-16 03:15:00
2026-03-26,FC004,PRD-TOM-002,114,15,2026-04-16 03:15:00
2026-03-26,FC004,PRD-BRC-003,135,15,2026-04-16 03:15:00
2026-03-26,FC004,PRD-APL-004,59,15,2026-04-16 03:15:00
2026-03-26,FC004,BEV-COL-001,56,15,2026-04-16 03:15:00
2026-03-26,FC004,BEV-OJU-002,7,15,2026-04-16 03:15:00
2026-03-26,FC004,BEV-WAT-003,123,15,2026-04-16 03:15:00
2026-03-26,FC004,BEV-BER-004,110,15,2026-04-16 03:15:00
2026-03-26,FC004,FRZ-PIZ-001,67,15,2026-04-16 03:15:00
2026-03-26,FC004,FRZ-ICE-002,140,15,2026-04-16 03:15:00
2026-03-26,FC004,FRZ-FRI-003,103,15,2026-04-16 03:15:00
2026-03-26,FC004,FRZ-PEA-004,69,15,2026-04-16 03:15:00
2026-03-26,FC004,SNK-CHP-001,63,15,2026-04-16 03:15:00
2026-03-26,FC004,SNK-CHC-002,111,15,2026-04-16 03:15:00
2026-03-26,FC004,SNK-BSC-003,116,15,2026-04-16 03:15:00
2026-03-26,FC004,SNK-NUT-004,54,15,2026-04-16 03:15:00
2026-03-26,FC005,FRS-MLK-001,77,30,2026-04-16 03:15:00
2026-03-26,FC005,FRS-YGT-002,11,30,2026-04-16 03:15:00
2026-03-26,FC005,FRS-CHD-003,39,30,2026-04-16 03:15:00
2026-03-26,FC005,FRS-BTR-004,27,30,2026-04-16 03:15:00
2026-03-26,FC005,BAK-BRD-001,46,30,2026-04-16 03:15:00
2026-03-26,FC005,BAK-CRS-002,82,30,2026-04-16 03:15:00
2026-03-26,FC005,BAK-SRD-003,18,30,2026-04-16 03:15:00
2026-03-26,FC005,BAK-BGL-004,77,30,2026-04-16 03:15:00
2026-03-26,FC005,PRD-BAN-001,76,30,2026-04-16 03:15:00
2026-03-26,FC005,PRD-TOM-002,121,30,2026-04-16 03:15:00
2026-03-26,FC005,PRD-BRC-003,47,30,2026-04-16 03:15:00
2026-03-26,FC005,PRD-APL-004,34,30,2026-04-16 03:15:00
2026-03-26,FC005,BEV-COL-001,121,30,2026-04-16 03:15:00
2026-03-26,FC005,BEV-OJU-002,163,30,2026-04-16 03:15:00
2026-03-26,FC005,BEV-WAT-003,146,30,2026-04-16 03:15:00
2026-03-26,FC005,BEV-BER-004,72,30,2026-04-16 03:15:00
2026-03-26,FC005,FRZ-PIZ-001,121,30,2026-04-16 03:15:00
2026-03-26,FC005,FRZ-ICE-002,12,30,2026-04-16 03:15:00
2026-03-26,FC005,FRZ-FRI-003,29,30,2026-04-16 03:15:00
2026-03-26,FC005,FRZ-PEA-004,46,30,2026-04-16 03:15:00
2026-03-26,FC005,SNK-CHP-001,79,30,2026-04-16 03:15:00
2026-03-26,FC005,SNK-CHC-002,29,30,2026-04-16 03:15:00
2026-03-26,FC005,SNK-BSC-003,11,30,2026-04-16 03:15:00
2026-03-26,FC005,SNK-NUT-004,132,30,2026-04-16 03:15:00
2026-03-26,FC006,FRS-MLK-001,55,30,2026-04-16 03:15:00
2026-03-26,FC006,FRS-YGT-002,113,30,2026-04-16 03:15:00
2026-03-26,FC006,FRS-CHD-003,86,30,2026-04-16 03:15:00
2026-03-26,FC006,FRS-BTR-004,78,30,2026-04-16 03:15:00
2026-03-26,FC006,BAK-BRD-001,43,30,2026-04-16 03:15:00
2026-03-26,FC006,BAK-CRS-002,49,30,2026-04-16 03:15:00
2026-03-26,FC006,BAK-SRD-003,74,30,2026-04-16 03:15:00
2026-03-26,FC006,BAK-BGL-004,132,30,2026-04-16 03:15:00
2026-03-26,FC006,PRD-BAN-001,33,30,2026-04-16 03:15:00
2026-03-26,FC006,PRD-TOM-002,30,30,2026-04-16 03:15:00
2026-03-26,FC006,PRD-BRC-003,27,30,2026-04-16 03:15:00
2026-03-26,FC006,PRD-APL-004,92,30,2026-04-16 03:15:00
2026-03-26,FC006,BEV-COL-001,18,30,2026-04-16 03:15:00
2026-03-26,FC006,BEV-OJU-002,147,30,2026-04-16 03:15:00
2026-03-26,FC006,BEV-WAT-003,79,30,2026-04-16 03:15:00
2026-03-26,FC006,BEV-BER-004,21,30,2026-04-16 03:15:00
2026-03-26,FC006,FRZ-PIZ-001,58,30,2026-04-16 03:15:00
2026-03-26,FC006,FRZ-ICE-002,110,30,2026-04-16 03:15:00
2026-03-26,FC006,FRZ-FRI-003,80,30,2026-04-16 03:15:00
2026-03-26,FC006,FRZ-PEA-004,91,30,2026-04-16 03:15:00
2026-03-26,FC006,SNK-CHP-001,113,30,2026-04-16 03:15:00
2026-03-26,FC006,SNK-CHC-002,6,30,2026-04-16 03:15:00
2026-03-26,FC006,SNK-BSC-003,22,30,2026-04-16 03:15:00
2026-03-26,FC006,SNK-NUT-004,32,30,2026-04-16 03:15:00
2026-03-26,FC007,FRS-MLK-001,12,15,2026-04-16 03:15:00
2026-03-26,FC007,FRS-YGT-002,87,15,2026-04-16 03:15:00
2026-03-26,FC007,FRS-CHD-003,65,15,2026-04-16 03:15:00
2026-03-26,FC007,FRS-BTR-004,85,15,2026-04-16 03:15:00
2026-03-26,FC007,BAK-BRD-001,115,15,2026-04-16 03:15:00
2026-03-26,FC007,BAK-CRS-002,138,15,2026-04-16 03:15:00
2026-03-26,FC007,BAK-SRD-003,86,15,2026-04-16 03:15:00
2026-03-26,FC007,BAK-BGL-004,33,15,2026-04-16 03:15:00
2026-03-26,FC007,PRD-BAN-001,100,15,2026-04-16 03:15:00
2026-03-26,FC007,PRD-TOM-002,72,15,2026-04-16 03:15:00
2026-03-26,FC007,PRD-BRC-003,109,15,2026-04-16 03:15:00
2026-03-26,FC007,PRD-APL-004,71,15,2026-04-16 03:15:00
2026-03-26,FC007,BEV-COL-001,72,15,2026-04-16 03:15:00
2026-03-26,FC007,BEV-OJU-002,84,15,2026-04-16 03:15:00
2026-03-26,FC007,BEV-WAT-003,0,15,2026-04-16 03:15:00
2026-03-26,FC007,BEV-BER-004,150,15,2026-04-16 03:15:00
2026-03-26,FC007,FRZ-PIZ-001,77,15,2026-04-16 03:15:00
2026-03-26,FC007,FRZ-ICE-002,24,15,2026-04-16 03:15:00
2026-03-26,FC007,FRZ-FRI-003,75,15,2026-04-16 03:15:00
2026-03-26,FC007,FRZ-PEA-004,100,15,2026-04-16 03:15:00
2026-03-26,FC007,SNK-CHP-001,163,15,2026-04-16 03:15:00
2026-03-26,FC007,SNK-CHC-002,62,15,2026-04-16 03:15:00
2026-03-26,FC007,SNK-BSC-003,105,15,2026-04-16 03:15:00
2026-03-26,FC007,SNK-NUT-004,29,15,2026-04-16 03:15:00
2026-03-26,FC008,FRS-MLK-001,153,15,2026-04-16 03:15:00
2026-03-26,FC008,FRS-YGT-002,25,15,2026-04-16 03:15:00
2026-03-26,FC008,FRS-CHD-003,25,15,2026-04-16 03:15:00
2026-03-26,FC008,FRS-BTR-004,87,15,2026-04-16 03:15:00
2026-03-26,FC008,BAK-BRD-001,115,15,2026-04-16 03:15:00
2026-03-26,FC008,BAK-CRS-002,108,15,2026-04-16 03:15:00
2026-03-26,FC008,BAK-SRD-003,111,15,2026-04-16 03:15:00
2026-03-26,FC008,BAK-BGL-004,75,15,2026-04-16 03:15:00
2026-03-26,FC008,PRD-BAN-001,69,15,2026-04-16 03:15:00
2026-03-26,FC008,PRD-TOM-002,61,15,2026-04-16 03:15:00
2026-03-26,FC008,PRD-BRC-003,119,15,2026-04-16 03:15:00
2026-03-26,FC008,PRD-APL-004,44,15,2026-04-16 03:15:00
2026-03-26,FC008,BEV-COL-001,69,15,2026-04-16 03:15:00
2026-03-26,FC008,BEV-OJU-002,145,15,2026-04-16 03:15:00
2026-03-26,FC008,BEV-WAT-003,104,15,2026-04-16 03:15:00
2026-03-26,FC008,BEV-BER-004,67,15,2026-04-16 03:15:00
2026-03-26,FC008,FRZ-PIZ-001,77,15,2026-04-16 03:15:00
2026-03-26,FC008,FRZ-ICE-002,17,15,2026-04-16 03:15:00
2026-03-26,FC008,FRZ-FRI-003,39,15,2026-04-16 03:15:00
2026-03-26,FC008,FRZ-PEA-004,88,15,2026-04-16 03:15:00
2026-03-26,FC008,SNK-CHP-001,95,15,2026-04-16 03:15:00
2026-03-26,FC008,SNK-CHC-002,148,15,2026-04-16 03:15:00
2026-03-26,FC008,SNK-BSC-003,34,15,2026-04-16 03:15:00
2026-03-26,FC008,SNK-NUT-004,67,15,2026-04-16 03:15:00
2026-03-27,FC001,FRS-MLK-001,71,30,2026-04-16 03:15:00
2026-03-27,FC001,FRS-YGT-002,60,30,2026-04-16 03:15:00
2026-03-27,FC001,FRS-CHD-003,60,30,2026-04-16 03:15:00
2026-03-27,FC001,FRS-BTR-004,47,30,2026-04-16 03:15:00
2026-03-27,FC001,BAK-BRD-001,35,30,2026-04-16 03:15:00
2026-03-27,FC001,BAK-CRS-002,36,30,2026-04-16 03:15:00
2026-03-27,FC001,BAK-SRD-003,73,30,2026-04-16 03:15:00
2026-03-27,FC001,BAK-BGL-004,48,30,2026-04-16 03:15:00
2026-03-27,FC001,PRD-BAN-001,68,30,2026-04-16 03:15:00
2026-03-27,FC001,PRD-TOM-002,51,30,2026-04-16 03:15:00
2026-03-27,FC001,PRD-BRC-003,99,30,2026-04-16 03:15:00
2026-03-27,FC001,PRD-APL-004,71,30,2026-04-16 03:15:00
2026-03-27,FC001,BEV-COL-001,68,30,2026-04-16 03:15:00
2026-03-27,FC001,BEV-OJU-002,75,30,2026-04-16 03:15:00
2026-03-27,FC001,BEV-WAT-003,14,30,2026-04-16 03:15:00
2026-03-27,FC001,BEV-BER-004,85,30,2026-04-16 03:15:00
2026-03-27,FC001,FRZ-PIZ-001,77,30,2026-04-16 03:15:00
2026-03-27,FC001,FRZ-ICE-002,87,30,2026-04-16 03:15:00
2026-03-27,FC001,FRZ-FRI-003,28,30,2026-04-16 03:15:00
2026-03-27,FC001,FRZ-PEA-004,62,30,2026-04-16 03:15:00
2026-03-27,FC001,SNK-CHP-001,31,30,2026-04-16 03:15:00
2026-03-27,FC001,SNK-CHC-002,91,30,2026-04-16 03:15:00
2026-03-27,FC001,SNK-BSC-003,29,30,2026-04-16 03:15:00
2026-03-27,FC001,SNK-NUT-004,16,30,2026-04-16 03:15:00
2026-03-27,FC002,FRS-MLK-001,106,30,2026-04-16 03:15:00
2026-03-27,FC002,FRS-YGT-002,130,30,2026-04-16 03:15:00
2026-03-27,FC002,FRS-CHD-003,20,30,2026-04-16 03:15:00
2026-03-27,FC002,FRS-BTR-004,150,30,2026-04-16 03:15:00
2026-03-27,FC002,BAK-BRD-001,31,30,2026-04-16 03:15:00
2026-03-27,FC002,BAK-CRS-002,101,30,2026-04-16 03:15:00
2026-03-27,FC002,BAK-SRD-003,54,30,2026-04-16 03:15:00
2026-03-27,FC002,BAK-BGL-004,118,30,2026-04-16 03:15:00
2026-03-27,FC002,PRD-BAN-001,45,30,2026-04-16 03:15:00
2026-03-27,FC002,PRD-TOM-002,74,30,2026-04-16 03:15:00
2026-03-27,FC002,PRD-BRC-003,69,30,2026-04-16 03:15:00
2026-03-27,FC002,PRD-APL-004,93,30,2026-04-16 03:15:00
2026-03-27,FC002,BEV-COL-001,83,30,2026-04-16 03:15:00
2026-03-27,FC002,BEV-OJU-002,104,30,2026-04-16 03:15:00
2026-03-27,FC002,BEV-WAT-003,60,30,2026-04-16 03:15:00
2026-03-27,FC002,BEV-BER-004,30,30,2026-04-16 03:15:00
2026-03-27,FC002,FRZ-PIZ-001,81,30,2026-04-16 03:15:00
2026-03-27,FC002,FRZ-ICE-002,20,30,2026-04-16 03:15:00
2026-03-27,FC002,FRZ-FRI-003,0,30,2026-04-16 03:15:00
2026-03-27,FC002,FRZ-PEA-004,97,30,2026-04-16 03:15:00
2026-03-27,FC002,SNK-CHP-001,0,30,2026-04-16 03:15:00
2026-03-27,FC002,SNK-CHC-002,54,30,2026-04-16 03:15:00
2026-03-27,FC002,SNK-BSC-003,58,30,2026-04-16 03:15:00
2026-03-27,FC002,SNK-NUT-004,19,30,2026-04-16 03:15:00
2026-03-27,FC003,FRS-MLK-001,92,30,2026-04-16 03:15:00
2026-03-27,FC003,FRS-YGT-002,120,30,2026-04-16 03:15:00
2026-03-27,FC003,FRS-CHD-003,96,30,2026-04-16 03:15:00
2026-03-27,FC003,FRS-BTR-004,117,30,2026-04-16 03:15:00
2026-03-27,FC003,BAK-BRD-001,90,30,2026-04-16 03:15:00
2026-03-27,FC003,BAK-CRS-002,124,30,2026-04-16 03:15:00
2026-03-27,FC003,BAK-SRD-003,38,30,2026-04-16 03:15:00
2026-03-27,FC003,BAK-BGL-004,25,30,2026-04-16 03:15:00
2026-03-27,FC003,PRD-BAN-001,29,30,2026-04-16 03:15:00
2026-03-27,FC003,PRD-TOM-002,0,30,2026-04-16 03:15:00
2026-03-27,FC003,PRD-BRC-003,51,30,2026-04-16 03:15:00
2026-03-27,FC003,PRD-APL-004,79,30,2026-04-16 03:15:00
2026-03-27,FC003,BEV-COL-001,17,30,2026-04-16 03:15:00
2026-03-27,FC003,BEV-OJU-002,21,30,2026-04-16 03:15:00
2026-03-27,FC003,BEV-WAT-003,59,30,2026-04-16 03:15:00
2026-03-27,FC003,BEV-BER-004,99,30,2026-04-16 03:15:00
2026-03-27,FC003,FRZ-PIZ-001,103,30,2026-04-16 03:15:00
2026-03-27,FC003,FRZ-ICE-002,30,30,2026-04-16 03:15:00
2026-03-27,FC003,FRZ-FRI-003,51,30,2026-04-16 03:15:00
2026-03-27,FC003,FRZ-PEA-004,108,30,2026-04-16 03:15:00
2026-03-27,FC003,SNK-CHP-001,67,30,2026-04-16 03:15:00
2026-03-27,FC003,SNK-CHC-002,160,30,2026-04-16 03:15:00
2026-03-27,FC003,SNK-BSC-003,73,30,2026-04-16 03:15:00
2026-03-27,FC003,SNK-NUT-004,0,30,2026-04-16 03:15:00
2026-03-27,FC004,FRS-MLK-001,84,15,2026-04-16 03:15:00
2026-03-27,FC004,FRS-YGT-002,117,15,2026-04-16 03:15:00
2026-03-27,FC004,FRS-CHD-003,126,15,2026-04-16 03:15:00
2026-03-27,FC004,FRS-BTR-004,58,15,2026-04-16 03:15:00
2026-03-27,FC004,BAK-BRD-001,146,15,2026-04-16 03:15:00
2026-03-27,FC004,BAK-CRS-002,97,15,2026-04-16 03:15:00
2026-03-27,FC004,BAK-SRD-003,36,15,2026-04-16 03:15:00
2026-03-27,FC004,BAK-BGL-004,102,15,2026-04-16 03:15:00
2026-03-27,FC004,PRD-BAN-001,91,15,2026-04-16 03:15:00
2026-03-27,FC004,PRD-TOM-002,106,15,2026-04-16 03:15:00
2026-03-27,FC004,PRD-BRC-003,133,15,2026-04-16 03:15:00
2026-03-27,FC004,PRD-APL-004,56,15,2026-04-16 03:15:00
2026-03-27,FC004,BEV-COL-001,50,15,2026-04-16 03:15:00
2026-03-27,FC004,BEV-OJU-002,145,15,2026-04-16 03:15:00
2026-03-27,FC004,BEV-WAT-003,121,15,2026-04-16 03:15:00
2026-03-27,FC004,BEV-BER-004,101,15,2026-04-16 03:15:00
2026-03-27,FC004,FRZ-PIZ-001,66,15,2026-04-16 03:15:00
2026-03-27,FC004,FRZ-ICE-002,139,15,2026-04-16 03:15:00
2026-03-27,FC004,FRZ-FRI-003,101,15,2026-04-16 03:15:00
2026-03-27,FC004,FRZ-PEA-004,66,15,2026-04-16 03:15:00
2026-03-27,FC004,SNK-CHP-001,56,15,2026-04-16 03:15:00
2026-03-27,FC004,SNK-CHC-002,108,15,2026-04-16 03:15:00
2026-03-27,FC004,SNK-BSC-003,112,15,2026-04-16 03:15:00
2026-03-27,FC004,SNK-NUT-004,47,15,2026-04-16 03:15:00
2026-03-27,FC005,FRS-MLK-001,70,30,2026-04-16 03:15:00
2026-03-27,FC005,FRS-YGT-002,2,30,2026-04-16 03:15:00
2026-03-27,FC005,FRS-CHD-003,30,30,2026-04-16 03:15:00
2026-03-27,FC005,FRS-BTR-004,158,30,2026-04-16 03:15:00
2026-03-27,FC005,BAK-BRD-001,41,30,2026-04-16 03:15:00
2026-03-27,FC005,BAK-CRS-002,76,30,2026-04-16 03:15:00
2026-03-27,FC005,BAK-SRD-003,141,30,2026-04-16 03:15:00
2026-03-27,FC005,BAK-BGL-004,67,30,2026-04-16 03:15:00
2026-03-27,FC005,PRD-BAN-001,63,30,2026-04-16 03:15:00
2026-03-27,FC005,PRD-TOM-002,114,30,2026-04-16 03:15:00
2026-03-27,FC005,PRD-BRC-003,28,30,2026-04-16 03:15:00
2026-03-27,FC005,PRD-APL-004,120,30,2026-04-16 03:15:00
2026-03-27,FC005,BEV-COL-001,119,30,2026-04-16 03:15:00
2026-03-27,FC005,BEV-OJU-002,144,30,2026-04-16 03:15:00
2026-03-27,FC005,BEV-WAT-003,143,30,2026-04-16 03:15:00
2026-03-27,FC005,BEV-BER-004,56,30,2026-04-16 03:15:00
2026-03-27,FC005,FRZ-PIZ-001,112,30,2026-04-16 03:15:00
2026-03-27,FC005,FRZ-ICE-002,105,30,2026-04-16 03:15:00
2026-03-27,FC005,FRZ-FRI-003,90,30,2026-04-16 03:15:00
2026-03-27,FC005,FRZ-PEA-004,34,30,2026-04-16 03:15:00
2026-03-27,FC005,SNK-CHP-001,63,30,2026-04-16 03:15:00
2026-03-27,FC005,SNK-CHC-002,89,30,2026-04-16 03:15:00
2026-03-27,FC005,SNK-BSC-003,0,30,2026-04-16 03:15:00
2026-03-27,FC005,SNK-NUT-004,125,30,2026-04-16 03:15:00
2026-03-27,FC006,FRS-MLK-001,49,30,2026-04-16 03:15:00
2026-03-27,FC006,FRS-YGT-002,105,30,2026-04-16 03:15:00
2026-03-27,FC006,FRS-CHD-003,82,30,2026-04-16 03:15:00
2026-03-27,FC006,FRS-BTR-004,71,30,2026-04-16 03:15:00
2026-03-27,FC006,BAK-BRD-001,88,30,2026-04-16 03:15:00
2026-03-27,FC006,BAK-CRS-002,29,30,2026-04-16 03:15:00
2026-03-27,FC006,BAK-SRD-003,64,30,2026-04-16 03:15:00
2026-03-27,FC006,BAK-BGL-004,127,30,2026-04-16 03:15:00
2026-03-27,FC006,PRD-BAN-001,127,30,2026-04-16 03:15:00
2026-03-27,FC006,PRD-TOM-002,154,30,2026-04-16 03:15:00
2026-03-27,FC006,PRD-BRC-003,7,30,2026-04-16 03:15:00
2026-03-27,FC006,PRD-APL-004,75,30,2026-04-16 03:15:00
2026-03-27,FC006,BEV-COL-001,5,30,2026-04-16 03:15:00
2026-03-27,FC006,BEV-OJU-002,127,30,2026-04-16 03:15:00
2026-03-27,FC006,BEV-WAT-003,59,30,2026-04-16 03:15:00
2026-03-27,FC006,BEV-BER-004,60,30,2026-04-16 03:15:00
2026-03-27,FC006,FRZ-PIZ-001,49,30,2026-04-16 03:15:00
2026-03-27,FC006,FRZ-ICE-002,104,30,2026-04-16 03:15:00
2026-03-27,FC006,FRZ-FRI-003,73,30,2026-04-16 03:15:00
2026-03-27,FC006,FRZ-PEA-004,79,30,2026-04-16 03:15:00
2026-03-27,FC006,SNK-CHP-001,95,30,2026-04-16 03:15:00
2026-03-27,FC006,SNK-CHC-002,4,30,2026-04-16 03:15:00
2026-03-27,FC006,SNK-BSC-003,114,30,2026-04-16 03:15:00
2026-03-27,FC006,SNK-NUT-004,95,30,2026-04-16 03:15:00
2026-03-27,FC007,FRS-MLK-001,98,15,2026-04-16 03:15:00
2026-03-27,FC007,FRS-YGT-002,85,15,2026-04-16 03:15:00
2026-03-27,FC007,FRS-CHD-003,62,15,2026-04-16 03:15:00
2026-03-27,FC007,FRS-BTR-004,77,15,2026-04-16 03:15:00
2026-03-27,FC007,BAK-BRD-001,113,15,2026-04-16 03:15:00
2026-03-27,FC007,BAK-CRS-002,137,15,2026-04-16 03:15:00
2026-03-27,FC007,BAK-SRD-003,80,15,2026-04-16 03:15:00
2026-03-27,FC007,BAK-BGL-004,125,15,2026-04-16 03:15:00
2026-03-27,FC007,PRD-BAN-001,96,15,2026-04-16 03:15:00
2026-03-27,FC007,PRD-TOM-002,63,15,2026-04-16 03:15:00
2026-03-27,FC007,PRD-BRC-003,107,15,2026-04-16 03:15:00
2026-03-27,FC007,PRD-APL-004,68,15,2026-04-16 03:15:00
2026-03-27,FC007,BEV-COL-001,62,15,2026-04-16 03:15:00
2026-03-27,FC007,BEV-OJU-002,79,15,2026-04-16 03:15:00
2026-03-27,FC007,BEV-WAT-003,94,15,2026-04-16 03:15:00
2026-03-27,FC007,BEV-BER-004,144,15,2026-04-16 03:15:00
2026-03-27,FC007,FRZ-PIZ-001,69,15,2026-04-16 03:15:00
2026-03-27,FC007,FRZ-ICE-002,15,15,2026-04-16 03:15:00
2026-03-27,FC007,FRZ-FRI-003,71,15,2026-04-16 03:15:00
2026-03-27,FC007,FRZ-PEA-004,99,15,2026-04-16 03:15:00
2026-03-27,FC007,SNK-CHP-001,157,15,2026-04-16 03:15:00
2026-03-27,FC007,SNK-CHC-002,57,15,2026-04-16 03:15:00
2026-03-27,FC007,SNK-BSC-003,99,15,2026-04-16 03:15:00
2026-03-27,FC007,SNK-NUT-004,156,15,2026-04-16 03:15:00
2026-03-27,FC008,FRS-MLK-001,137,15,2026-04-16 03:15:00
2026-03-27,FC008,FRS-YGT-002,11,15,2026-04-16 03:15:00
2026-03-27,FC008,FRS-CHD-003,133,15,2026-04-16 03:15:00
2026-03-27,FC008,FRS-BTR-004,72,15,2026-04-16 03:15:00
2026-03-27,FC008,BAK-BRD-001,96,15,2026-04-16 03:15:00
2026-03-27,FC008,BAK-CRS-002,94,15,2026-04-16 03:15:00
2026-03-27,FC008,BAK-SRD-003,107,15,2026-04-16 03:15:00
2026-03-27,FC008,BAK-BGL-004,60,15,2026-04-16 03:15:00
2026-03-27,FC008,PRD-BAN-001,49,15,2026-04-16 03:15:00
2026-03-27,FC008,PRD-TOM-002,54,15,2026-04-16 03:15:00
2026-03-27,FC008,PRD-BRC-003,101,15,2026-04-16 03:15:00
2026-03-27,FC008,PRD-APL-004,30,15,2026-04-16 03:15:00
2026-03-27,FC008,BEV-COL-001,64,15,2026-04-16 03:15:00
2026-03-27,FC008,BEV-OJU-002,134,15,2026-04-16 03:15:00
2026-03-27,FC008,BEV-WAT-003,92,15,2026-04-16 03:15:00
2026-03-27,FC008,BEV-BER-004,49,15,2026-04-16 03:15:00
2026-03-27,FC008,FRZ-PIZ-001,74,15,2026-04-16 03:15:00
2026-03-27,FC008,FRZ-ICE-002,91,15,2026-04-16 03:15:00
2026-03-27,FC008,FRZ-FRI-003,21,15,2026-04-16 03:15:00
2026-03-27,FC008,FRZ-PEA-004,70,15,2026-04-16 03:15:00
2026-03-27,FC008,SNK-CHP-001,80,15,2026-04-16 03:15:00
2026-03-27,FC008,SNK-CHC-002,133,15,2026-04-16 03:15:00
2026-03-27,FC008,SNK-BSC-003,103,15,2026-04-16 03:15:00
2026-03-27,FC008,SNK-NUT-004,63,15,2026-04-16 03:15:00
2026-03-28,FC001,FRS-MLK-001,44,30,2026-04-16 03:15:00
2026-03-28,FC001,FRS-YGT-002,37,30,2026-04-16 03:15:00
2026-03-28,FC001,FRS-CHD-003,48,30,2026-04-16 03:15:00
2026-03-28,FC001,FRS-BTR-004,32,30,2026-04-16 03:15:00
2026-03-28,FC001,BAK-BRD-001,13,30,2026-04-16 03:15:00
2026-03-28,FC001,BAK-CRS-002,157,30,2026-04-16 03:15:00
2026-03-28,FC001,BAK-SRD-003,53,30,2026-04-16 03:15:00
2026-03-28,FC001,BAK-BGL-004,18,30,2026-04-16 03:15:00
2026-03-28,FC001,PRD-BAN-001,44,30,2026-04-16 03:15:00
2026-03-28,FC001,PRD-TOM-002,40,30,2026-04-16 03:15:00
2026-03-28,FC001,PRD-BRC-003,89,30,2026-04-16 03:15:00
2026-03-28,FC001,PRD-APL-004,46,30,2026-04-16 03:15:00
2026-03-28,FC001,BEV-COL-001,46,30,2026-04-16 03:15:00
2026-03-28,FC001,BEV-OJU-002,68,30,2026-04-16 03:15:00
2026-03-28,FC001,BEV-WAT-003,4,30,2026-04-16 03:15:00
2026-03-28,FC001,BEV-BER-004,65,30,2026-04-16 03:15:00
2026-03-28,FC001,FRZ-PIZ-001,55,30,2026-04-16 03:15:00
2026-03-28,FC001,FRZ-ICE-002,81,30,2026-04-16 03:15:00
2026-03-28,FC001,FRZ-FRI-003,132,30,2026-04-16 03:15:00
2026-03-28,FC001,FRZ-PEA-004,47,30,2026-04-16 03:15:00
2026-03-28,FC001,SNK-CHP-001,164,30,2026-04-16 03:15:00
2026-03-28,FC001,SNK-CHC-002,79,30,2026-04-16 03:15:00
2026-03-28,FC001,SNK-BSC-003,24,30,2026-04-16 03:15:00
2026-03-28,FC001,SNK-NUT-004,6,30,2026-04-16 03:15:00
2026-03-28,FC002,FRS-MLK-001,99,30,2026-04-16 03:15:00
2026-03-28,FC002,FRS-YGT-002,101,30,2026-04-16 03:15:00
2026-03-28,FC002,FRS-CHD-003,77,30,2026-04-16 03:15:00
2026-03-28,FC002,FRS-BTR-004,121,30,2026-04-16 03:15:00
2026-03-28,FC002,BAK-BRD-001,171,30,2026-04-16 03:15:00
2026-03-28,FC002,BAK-CRS-002,79,30,2026-04-16 03:15:00
2026-03-28,FC002,BAK-SRD-003,32,30,2026-04-16 03:15:00
2026-03-28,FC002,BAK-BGL-004,107,30,2026-04-16 03:15:00
2026-03-28,FC002,PRD-BAN-001,34,30,2026-04-16 03:15:00
2026-03-28,FC002,PRD-TOM-002,60,30,2026-04-16 03:15:00
2026-03-28,FC002,PRD-BRC-003,61,30,2026-04-16 03:15:00
2026-03-28,FC002,PRD-APL-004,68,30,2026-04-16 03:15:00
2026-03-28,FC002,BEV-COL-001,67,30,2026-04-16 03:15:00
2026-03-28,FC002,BEV-OJU-002,89,30,2026-04-16 03:15:00
2026-03-28,FC002,BEV-WAT-003,48,30,2026-04-16 03:15:00
2026-03-28,FC002,BEV-BER-004,8,30,2026-04-16 03:15:00
2026-03-28,FC002,FRZ-PIZ-001,76,30,2026-04-16 03:15:00
2026-03-28,FC002,FRZ-ICE-002,8,30,2026-04-16 03:15:00
2026-03-28,FC002,FRZ-FRI-003,0,30,2026-04-16 03:15:00
2026-03-28,FC002,FRZ-PEA-004,89,30,2026-04-16 03:15:00
2026-03-28,FC002,SNK-CHP-001,0,30,2026-04-16 03:15:00
2026-03-28,FC002,SNK-CHC-002,41,30,2026-04-16 03:15:00
2026-03-28,FC002,SNK-BSC-003,44,30,2026-04-16 03:15:00
2026-03-28,FC002,SNK-NUT-004,71,30,2026-04-16 03:15:00
2026-03-28,FC003,FRS-MLK-001,73,30,2026-04-16 03:15:00
2026-03-28,FC003,FRS-YGT-002,95,30,2026-04-16 03:15:00
2026-03-28,FC003,FRS-CHD-003,90,30,2026-04-16 03:15:00
2026-03-28,FC003,FRS-BTR-004,91,30,2026-04-16 03:15:00
2026-03-28,FC003,BAK-BRD-001,82,30,2026-04-16 03:15:00
2026-03-28,FC003,BAK-CRS-002,118,30,2026-04-16 03:15:00
2026-03-28,FC003,BAK-SRD-003,70,30,2026-04-16 03:15:00
2026-03-28,FC003,BAK-BGL-004,68,30,2026-04-16 03:15:00
2026-03-28,FC003,PRD-BAN-001,8,30,2026-04-16 03:15:00
2026-03-28,FC003,PRD-TOM-002,0,30,2026-04-16 03:15:00
2026-03-28,FC003,PRD-BRC-003,170,30,2026-04-16 03:15:00
2026-03-28,FC003,PRD-APL-004,66,30,2026-04-16 03:15:00
2026-03-28,FC003,BEV-COL-001,13,30,2026-04-16 03:15:00
2026-03-28,FC003,BEV-OJU-002,103,30,2026-04-16 03:15:00
2026-03-28,FC003,BEV-WAT-003,52,30,2026-04-16 03:15:00
2026-03-28,FC003,BEV-BER-004,88,30,2026-04-16 03:15:00
2026-03-28,FC003,FRZ-PIZ-001,87,30,2026-04-16 03:15:00
2026-03-28,FC003,FRZ-ICE-002,128,30,2026-04-16 03:15:00
2026-03-28,FC003,FRZ-FRI-003,35,30,2026-04-16 03:15:00
2026-03-28,FC003,FRZ-PEA-004,90,30,2026-04-16 03:15:00
2026-03-28,FC003,SNK-CHP-001,56,30,2026-04-16 03:15:00
2026-03-28,FC003,SNK-CHC-002,143,30,2026-04-16 03:15:00
2026-03-28,FC003,SNK-BSC-003,44,30,2026-04-16 03:15:00
2026-03-28,FC003,SNK-NUT-004,141,30,2026-04-16 03:15:00
2026-03-28,FC004,FRS-MLK-001,76,15,2026-04-16 03:15:00
2026-03-28,FC004,FRS-YGT-002,108,15,2026-04-16 03:15:00
2026-03-28,FC004,FRS-CHD-003,123,15,2026-04-16 03:15:00
2026-03-28,FC004,FRS-BTR-004,54,15,2026-04-16 03:15:00
2026-03-28,FC004,BAK-BRD-001,143,15,2026-04-16 03:15:00
2026-03-28,FC004,BAK-CRS-002,92,15,2026-04-16 03:15:00
2026-03-28,FC004,BAK-SRD-003,22,15,2026-04-16 03:15:00
2026-03-28,FC004,BAK-BGL-004,91,15,2026-04-16 03:15:00
2026-03-28,FC004,PRD-BAN-001,81,15,2026-04-16 03:15:00
2026-03-28,FC004,PRD-TOM-002,101,15,2026-04-16 03:15:00
2026-03-28,FC004,PRD-BRC-003,131,15,2026-04-16 03:15:00
2026-03-28,FC004,PRD-APL-004,52,15,2026-04-16 03:15:00
2026-03-28,FC004,BEV-COL-001,39,15,2026-04-16 03:15:00
2026-03-28,FC004,BEV-OJU-002,134,15,2026-04-16 03:15:00
2026-03-28,FC004,BEV-WAT-003,115,15,2026-04-16 03:15:00
2026-03-28,FC004,BEV-BER-004,96,15,2026-04-16 03:15:00
2026-03-28,FC004,FRZ-PIZ-001,55,15,2026-04-16 03:15:00
2026-03-28,FC004,FRZ-ICE-002,124,15,2026-04-16 03:15:00
2026-03-28,FC004,FRZ-FRI-003,96,15,2026-04-16 03:15:00
2026-03-28,FC004,FRZ-PEA-004,52,15,2026-04-16 03:15:00
2026-03-28,FC004,SNK-CHP-001,43,15,2026-04-16 03:15:00
2026-03-28,FC004,SNK-CHC-002,103,15,2026-04-16 03:15:00
2026-03-28,FC004,SNK-BSC-003,105,15,2026-04-16 03:15:00
2026-03-28,FC004,SNK-NUT-004,33,15,2026-04-16 03:15:00
2026-03-28,FC005,FRS-MLK-001,46,30,2026-04-16 03:15:00
2026-03-28,FC005,FRS-YGT-002,0,30,2026-04-16 03:15:00
2026-03-28,FC005,FRS-CHD-003,128,30,2026-04-16 03:15:00
2026-03-28,FC005,FRS-BTR-004,139,30,2026-04-16 03:15:00
2026-03-28,FC005,BAK-BRD-001,14,30,2026-04-16 03:15:00
2026-03-28,FC005,BAK-CRS-002,52,30,2026-04-16 03:15:00
2026-03-28,FC005,BAK-SRD-003,126,30,2026-04-16 03:15:00
2026-03-28,FC005,BAK-BGL-004,62,30,2026-04-16 03:15:00
2026-03-28,FC005,PRD-BAN-001,35,30,2026-04-16 03:15:00
2026-03-28,FC005,PRD-TOM-002,94,30,2026-04-16 03:15:00
2026-03-28,FC005,PRD-BRC-003,17,30,2026-04-16 03:15:00
2026-03-28,FC005,PRD-APL-004,98,30,2026-04-16 03:15:00
2026-03-28,FC005,BEV-COL-001,96,30,2026-04-16 03:15:00
2026-03-28,FC005,BEV-OJU-002,123,30,2026-04-16 03:15:00
2026-03-28,FC005,BEV-WAT-003,113,30,2026-04-16 03:15:00
2026-03-28,FC005,BEV-BER-004,51,30,2026-04-16 03:15:00
2026-03-28,FC005,FRZ-PIZ-001,83,30,2026-04-16 03:15:00
2026-03-28,FC005,FRZ-ICE-002,86,30,2026-04-16 03:15:00
2026-03-28,FC005,FRZ-FRI-003,64,30,2026-04-16 03:15:00
2026-03-28,FC005,FRZ-PEA-004,135,30,2026-04-16 03:15:00
2026-03-28,FC005,SNK-CHP-001,49,30,2026-04-16 03:15:00
2026-03-28,FC005,SNK-CHC-002,68,30,2026-04-16 03:15:00
2026-03-28,FC005,SNK-BSC-003,105,30,2026-04-16 03:15:00
2026-03-28,FC005,SNK-NUT-004,108,30,2026-04-16 03:15:00
2026-03-28,FC006,FRS-MLK-001,165,30,2026-04-16 03:15:00
2026-03-28,FC006,FRS-YGT-002,78,30,2026-04-16 03:15:00
2026-03-28,FC006,FRS-CHD-003,58,30,2026-04-16 03:15:00
2026-03-28,FC006,FRS-BTR-004,60,30,2026-04-16 03:15:00
2026-03-28,FC006,BAK-BRD-001,74,30,2026-04-16 03:15:00
2026-03-28,FC006,BAK-CRS-002,3,30,2026-04-16 03:15:00
2026-03-28,FC006,BAK-SRD-003,48,30,2026-04-16 03:15:00
2026-03-28,FC006,BAK-BGL-004,119,30,2026-04-16 03:15:00
2026-03-28,FC006,PRD-BAN-001,112,30,2026-04-16 03:15:00
2026-03-28,FC006,PRD-TOM-002,133,30,2026-04-16 03:15:00
2026-03-28,FC006,PRD-BRC-003,0,30,2026-04-16 03:15:00
2026-03-28,FC006,PRD-APL-004,68,30,2026-04-16 03:15:00
2026-03-28,FC006,BEV-COL-001,0,30,2026-04-16 03:15:00
2026-03-28,FC006,BEV-OJU-002,105,30,2026-04-16 03:15:00
2026-03-28,FC006,BEV-WAT-003,36,30,2026-04-16 03:15:00
2026-03-28,FC006,BEV-BER-004,35,30,2026-04-16 03:15:00
2026-03-28,FC006,FRZ-PIZ-001,26,30,2026-04-16 03:15:00
2026-03-28,FC006,FRZ-ICE-002,85,30,2026-04-16 03:15:00
2026-03-28,FC006,FRZ-FRI-003,48,30,2026-04-16 03:15:00
2026-03-28,FC006,FRZ-PEA-004,50,30,2026-04-16 03:15:00
2026-03-28,FC006,SNK-CHP-001,86,30,2026-04-16 03:15:00
2026-03-28,FC006,SNK-CHC-002,0,30,2026-04-16 03:15:00
2026-03-28,FC006,SNK-BSC-003,109,30,2026-04-16 03:15:00
2026-03-28,FC006,SNK-NUT-004,66,30,2026-04-16 03:15:00
2026-03-28,FC007,FRS-MLK-001,89,15,2026-04-16 03:15:00
2026-03-28,FC007,FRS-YGT-002,74,15,2026-04-16 03:15:00
2026-03-28,FC007,FRS-CHD-003,51,15,2026-04-16 03:15:00
2026-03-28,FC007,FRS-BTR-004,63,15,2026-04-16 03:15:00
2026-03-28,FC007,BAK-BRD-001,107,15,2026-04-16 03:15:00
2026-03-28,FC007,BAK-CRS-002,133,15,2026-04-16 03:15:00
2026-03-28,FC007,BAK-SRD-003,69,15,2026-04-16 03:15:00
2026-03-28,FC007,BAK-BGL-004,119,15,2026-04-16 03:15:00
2026-03-28,FC007,PRD-BAN-001,90,15,2026-04-16 03:15:00
2026-03-28,FC007,PRD-TOM-002,60,15,2026-04-16 03:15:00
2026-03-28,FC007,PRD-BRC-003,105,15,2026-04-16 03:15:00
2026-03-28,FC007,PRD-APL-004,61,15,2026-04-16 03:15:00
2026-03-28,FC007,BEV-COL-001,55,15,2026-04-16 03:15:00
2026-03-28,FC007,BEV-OJU-002,71,15,2026-04-16 03:15:00
2026-03-28,FC007,BEV-WAT-003,80,15,2026-04-16 03:15:00
2026-03-28,FC007,BEV-BER-004,142,15,2026-04-16 03:15:00
2026-03-28,FC007,FRZ-PIZ-001,58,15,2026-04-16 03:15:00
2026-03-28,FC007,FRZ-ICE-002,12,15,2026-04-16 03:15:00
2026-03-28,FC007,FRZ-FRI-003,58,15,2026-04-16 03:15:00
2026-03-28,FC007,FRZ-PEA-004,97,15,2026-04-16 03:15:00
2026-03-28,FC007,SNK-CHP-001,146,15,2026-04-16 03:15:00
2026-03-28,FC007,SNK-CHC-002,53,15,2026-04-16 03:15:00
2026-03-28,FC007,SNK-BSC-003,94,15,2026-04-16 03:15:00
2026-03-28,FC007,SNK-NUT-004,151,15,2026-04-16 03:15:00
2026-03-28,FC008,FRS-MLK-001,127,15,2026-04-16 03:15:00
2026-03-28,FC008,FRS-YGT-002,0,15,2026-04-16 03:15:00
2026-03-28,FC008,FRS-CHD-003,128,15,2026-04-16 03:15:00
2026-03-28,FC008,FRS-BTR-004,49,15,2026-04-16 03:15:00
2026-03-28,FC008,BAK-BRD-001,82,15,2026-04-16 03:15:00
2026-03-28,FC008,BAK-CRS-002,78,15,2026-04-16 03:15:00
2026-03-28,FC008,BAK-SRD-003,98,15,2026-04-16 03:15:00
2026-03-28,FC008,BAK-BGL-004,30,15,2026-04-16 03:15:00
2026-03-28,FC008,PRD-BAN-001,142,15,2026-04-16 03:15:00
2026-03-28,FC008,PRD-TOM-002,48,15,2026-04-16 03:15:00
2026-03-28,FC008,PRD-BRC-003,92,15,2026-04-16 03:15:00
2026-03-28,FC008,PRD-APL-004,139,15,2026-04-16 03:15:00
2026-03-28,FC008,BEV-COL-001,39,15,2026-04-16 03:15:00
2026-03-28,FC008,BEV-OJU-002,111,15,2026-04-16 03:15:00
2026-03-28,FC008,BEV-WAT-003,73,15,2026-04-16 03:15:00
2026-03-28,FC008,BEV-BER-004,20,15,2026-04-16 03:15:00
2026-03-28,FC008,FRZ-PIZ-001,47,15,2026-04-16 03:15:00
2026-03-28,FC008,FRZ-ICE-002,68,15,2026-04-16 03:15:00
2026-03-28,FC008,FRZ-FRI-003,147,15,2026-04-16 03:15:00
2026-03-28,FC008,FRZ-PEA-004,59,15,2026-04-16 03:15:00
2026-03-28,FC008,SNK-CHP-001,72,15,2026-04-16 03:15:00
2026-03-28,FC008,SNK-CHC-002,129,15,2026-04-16 03:15:00
2026-03-28,FC008,SNK-BSC-003,79,15,2026-04-16 03:15:00
2026-03-28,FC008,SNK-NUT-004,41,15,2026-04-16 03:15:00
2026-03-29,FC001,FRS-MLK-001,29,30,2026-04-16 03:15:00
2026-03-29,FC001,FRS-YGT-002,156,30,2026-04-16 03:15:00
2026-03-29,FC001,FRS-CHD-003,26,30,2026-04-16 03:15:00
2026-03-29,FC001,FRS-BTR-004,101,30,2026-04-16 03:15:00
2026-03-29,FC001,BAK-BRD-001,0,30,2026-04-16 03:15:00
2026-03-29,FC001,BAK-CRS-002,136,30,2026-04-16 03:15:00
2026-03-29,FC001,BAK-SRD-003,144,30,2026-04-16 03:15:00
2026-03-29,FC001,BAK-BGL-004,2,30,2026-04-16 03:15:00
2026-03-29,FC001,PRD-BAN-001,23,30,2026-04-16 03:15:00
2026-03-29,FC001,PRD-TOM-002,18,30,2026-04-16 03:15:00
2026-03-29,FC001,PRD-BRC-003,80,30,2026-04-16 03:15:00
2026-03-29,FC001,PRD-APL-004,16,30,2026-04-16 03:15:00
2026-03-29,FC001,BEV-COL-001,42,30,2026-04-16 03:15:00
2026-03-29,FC001,BEV-OJU-002,52,30,2026-04-16 03:15:00
2026-03-29,FC001,BEV-WAT-003,81,30,2026-04-16 03:15:00
2026-03-29,FC001,BEV-BER-004,44,30,2026-04-16 03:15:00
2026-03-29,FC001,FRZ-PIZ-001,33,30,2026-04-16 03:15:00
2026-03-29,FC001,FRZ-ICE-002,69,30,2026-04-16 03:15:00
2026-03-29,FC001,FRZ-FRI-003,124,30,2026-04-16 03:15:00
2026-03-29,FC001,FRZ-PEA-004,32,30,2026-04-16 03:15:00
2026-03-29,FC001,SNK-CHP-001,137,30,2026-04-16 03:15:00
2026-03-29,FC001,SNK-CHC-002,57,30,2026-04-16 03:15:00
2026-03-29,FC001,SNK-BSC-003,73,30,2026-04-16 03:15:00
2026-03-29,FC001,SNK-NUT-004,0,30,2026-04-16 03:15:00
2026-03-29,FC002,FRS-MLK-001,71,30,2026-04-16 03:15:00
2026-03-29,FC002,FRS-YGT-002,81,30,2026-04-16 03:15:00
2026-03-29,FC002,FRS-CHD-003,69,30,2026-04-16 03:15:00
2026-03-29,FC002,FRS-BTR-004,111,30,2026-04-16 03:15:00
2026-03-29,FC002,BAK-BRD-001,143,30,2026-04-16 03:15:00
2026-03-29,FC002,BAK-CRS-002,52,30,2026-04-16 03:15:00
2026-03-29,FC002,BAK-SRD-003,13,30,2026-04-16 03:15:00
2026-03-29,FC002,BAK-BGL-004,82,30,2026-04-16 03:15:00
2026-03-29,FC002,PRD-BAN-001,85,30,2026-04-16 03:15:00
2026-03-29,FC002,PRD-TOM-002,52,30,2026-04-16 03:15:00
2026-03-29,FC002,PRD-BRC-003,54,30,2026-04-16 03:15:00
2026-03-29,FC002,PRD-APL-004,64,30,2026-04-16 03:15:00
2026-03-29,FC002,BEV-COL-001,38,30,2026-04-16 03:15:00
2026-03-29,FC002,BEV-OJU-002,78,30,2026-04-16 03:15:00
2026-03-29,FC002,BEV-WAT-003,33,30,2026-04-16 03:15:00
2026-03-29,FC002,BEV-BER-004,0,30,2026-04-16 03:15:00
2026-03-29,FC002,FRZ-PIZ-001,59,30,2026-04-16 03:15:00
2026-03-29,FC002,FRZ-ICE-002,2,30,2026-04-16 03:15:00
2026-03-29,FC002,FRZ-FRI-003,85,30,2026-04-16 03:15:00
2026-03-29,FC002,FRZ-PEA-004,70,30,2026-04-16 03:15:00
2026-03-29,FC002,SNK-CHP-001,55,30,2026-04-16 03:15:00
2026-03-29,FC002,SNK-CHC-002,15,30,2026-04-16 03:15:00
2026-03-29,FC002,SNK-BSC-003,40,30,2026-04-16 03:15:00
2026-03-29,FC002,SNK-NUT-004,52,30,2026-04-16 03:15:00
2026-03-29,FC003,FRS-MLK-001,64,30,2026-04-16 03:15:00
2026-03-29,FC003,FRS-YGT-002,71,30,2026-04-16 03:15:00
2026-03-29,FC003,FRS-CHD-003,65,30,2026-04-16 03:15:00
2026-03-29,FC003,FRS-BTR-004,66,30,2026-04-16 03:15:00
2026-03-29,FC003,BAK-BRD-001,65,30,2026-04-16 03:15:00
2026-03-29,FC003,BAK-CRS-002,110,30,2026-04-16 03:15:00
2026-03-29,FC003,BAK-SRD-003,66,30,2026-04-16 03:15:00
2026-03-29,FC003,BAK-BGL-004,45,30,2026-04-16 03:15:00
2026-03-29,FC003,PRD-BAN-001,0,30,2026-04-16 03:15:00
2026-03-29,FC003,PRD-TOM-002,145,30,2026-04-16 03:15:00
2026-03-29,FC003,PRD-BRC-003,142,30,2026-04-16 03:15:00
2026-03-29,FC003,PRD-APL-004,46,30,2026-04-16 03:15:00
2026-03-29,FC003,BEV-COL-001,107,30,2026-04-16 03:15:00
2026-03-29,FC003,BEV-OJU-002,81,30,2026-04-16 03:15:00
2026-03-29,FC003,BEV-WAT-003,22,30,2026-04-16 03:15:00
2026-03-29,FC003,BEV-BER-004,75,30,2026-04-16 03:15:00
2026-03-29,FC003,FRZ-PIZ-001,70,30,2026-04-16 03:15:00
2026-03-29,FC003,FRZ-ICE-002,121,30,2026-04-16 03:15:00
2026-03-29,FC003,FRZ-FRI-003,31,30,2026-04-16 03:15:00
2026-03-29,FC003,FRZ-PEA-004,79,30,2026-04-16 03:15:00
2026-03-29,FC003,SNK-CHP-001,33,30,2026-04-16 03:15:00
2026-03-29,FC003,SNK-CHC-002,116,30,2026-04-16 03:15:00
2026-03-29,FC003,SNK-BSC-003,83,30,2026-04-16 03:15:00
2026-03-29,FC003,SNK-NUT-004,129,30,2026-04-16 03:15:00
2026-03-29,FC004,FRS-MLK-001,74,15,2026-04-16 03:15:00
2026-03-29,FC004,FRS-YGT-002,99,15,2026-04-16 03:15:00
2026-03-29,FC004,FRS-CHD-003,116,15,2026-04-16 03:15:00
2026-03-29,FC004,FRS-BTR-004,44,15,2026-04-16 03:15:00
2026-03-29,FC004,BAK-BRD-001,138,15,2026-04-16 03:15:00
2026-03-29,FC004,BAK-CRS-002,87,15,2026-04-16 03:15:00
2026-03-29,FC004,BAK-SRD-003,113,15,2026-04-16 03:15:00
2026-03-29,FC004,BAK-BGL-004,82,15,2026-04-16 03:15:00
2026-03-29,FC004,PRD-BAN-001,77,15,2026-04-16 03:15:00
2026-03-29,FC004,PRD-TOM-002,92,15,2026-04-16 03:15:00
2026-03-29,FC004,PRD-BRC-003,121,15,2026-04-16 03:15:00
2026-03-29,FC004,PRD-APL-004,49,15,2026-04-16 03:15:00
2026-03-29,FC004,BEV-COL-001,33,15,2026-04-16 03:15:00
2026-03-29,FC004,BEV-OJU-002,123,15,2026-04-16 03:15:00
2026-03-29,FC004,BEV-WAT-003,113,15,2026-04-16 03:15:00
2026-03-29,FC004,BEV-BER-004,88,15,2026-04-16 03:15:00
2026-03-29,FC004,FRZ-PIZ-001,50,15,2026-04-16 03:15:00
2026-03-29,FC004,FRZ-ICE-002,120,15,2026-04-16 03:15:00
2026-03-29,FC004,FRZ-FRI-003,91,15,2026-04-16 03:15:00
2026-03-29,FC004,FRZ-PEA-004,43,15,2026-04-16 03:15:00
2026-03-29,FC004,SNK-CHP-001,36,15,2026-04-16 03:15:00
2026-03-29,FC004,SNK-CHC-002,98,15,2026-04-16 03:15:00
2026-03-29,FC004,SNK-BSC-003,91,15,2026-04-16 03:15:00
2026-03-29,FC004,SNK-NUT-004,19,15,2026-04-16 03:15:00
2026-03-29,FC005,FRS-MLK-001,131,30,2026-04-16 03:15:00
2026-03-29,FC005,FRS-YGT-002,0,30,2026-04-16 03:15:00
2026-03-29,FC005,FRS-CHD-003,98,30,2026-04-16 03:15:00
2026-03-29,FC005,FRS-BTR-004,119,30,2026-04-16 03:15:00
2026-03-29,FC005,BAK-BRD-001,136,30,2026-04-16 03:15:00
2026-03-29,FC005,BAK-CRS-002,155,30,2026-04-16 03:15:00
2026-03-29,FC005,BAK-SRD-003,97,30,2026-04-16 03:15:00
2026-03-29,FC005,BAK-BGL-004,51,30,2026-04-16 03:15:00
2026-03-29,FC005,PRD-BAN-001,85,30,2026-04-16 03:15:00
2026-03-29,FC005,PRD-TOM-002,89,30,2026-04-16 03:15:00
2026-03-29,FC005,PRD-BRC-003,6,30,2026-04-16 03:15:00
2026-03-29,FC005,PRD-APL-004,88,30,2026-04-16 03:15:00
2026-03-29,FC005,BEV-COL-001,90,30,2026-04-16 03:15:00
2026-03-29,FC005,BEV-OJU-002,119,30,2026-04-16 03:15:00
2026-03-29,FC005,BEV-WAT-003,84,30,2026-04-16 03:15:00
2026-03-29,FC005,BEV-BER-004,33,30,2026-04-16 03:15:00
2026-03-29,FC005,FRZ-PIZ-001,74,30,2026-04-16 03:15:00
2026-03-29,FC005,FRZ-ICE-002,72,30,2026-04-16 03:15:00
2026-03-29,FC005,FRZ-FRI-003,46,30,2026-04-16 03:15:00
2026-03-29,FC005,FRZ-PEA-004,122,30,2026-04-16 03:15:00
2026-03-29,FC005,SNK-CHP-001,30,30,2026-04-16 03:15:00
2026-03-29,FC005,SNK-CHC-002,64,30,2026-04-16 03:15:00
2026-03-29,FC005,SNK-BSC-003,75,30,2026-04-16 03:15:00
2026-03-29,FC005,SNK-NUT-004,103,30,2026-04-16 03:15:00
2026-03-29,FC006,FRS-MLK-001,135,30,2026-04-16 03:15:00
2026-03-29,FC006,FRS-YGT-002,54,30,2026-04-16 03:15:00
2026-03-29,FC006,FRS-CHD-003,50,30,2026-04-16 03:15:00
2026-03-29,FC006,FRS-BTR-004,53,30,2026-04-16 03:15:00
2026-03-29,FC006,BAK-BRD-001,53,30,2026-04-16 03:15:00
2026-03-29,FC006,BAK-CRS-002,0,30,2026-04-16 03:15:00
2026-03-29,FC006,BAK-SRD-003,35,30,2026-04-16 03:15:00
2026-03-29,FC006,BAK-BGL-004,98,30,2026-04-16 03:15:00
2026-03-29,FC006,PRD-BAN-001,107,30,2026-04-16 03:15:00
2026-03-29,FC006,PRD-TOM-002,120,30,2026-04-16 03:15:00
2026-03-29,FC006,PRD-BRC-003,0,30,2026-04-16 03:15:00
2026-03-29,FC006,PRD-APL-004,58,30,2026-04-16 03:15:00
2026-03-29,FC006,BEV-COL-001,0,30,2026-04-16 03:15:00
2026-03-29,FC006,BEV-OJU-002,100,30,2026-04-16 03:15:00
2026-03-29,FC006,BEV-WAT-003,27,30,2026-04-16 03:15:00
2026-03-29,FC006,BEV-BER-004,140,30,2026-04-16 03:15:00
2026-03-29,FC006,FRZ-PIZ-001,6,30,2026-04-16 03:15:00
2026-03-29,FC006,FRZ-ICE-002,75,30,2026-04-16 03:15:00
2026-03-29,FC006,FRZ-FRI-003,31,30,2026-04-16 03:15:00
2026-03-29,FC006,FRZ-PEA-004,41,30,2026-04-16 03:15:00
2026-03-29,FC006,SNK-CHP-001,76,30,2026-04-16 03:15:00
2026-03-29,FC006,SNK-CHC-002,92,30,2026-04-16 03:15:00
2026-03-29,FC006,SNK-BSC-003,82,30,2026-04-16 03:15:00
2026-03-29,FC006,SNK-NUT-004,41,30,2026-04-16 03:15:00
2026-03-29,FC007,FRS-MLK-001,87,15,2026-04-16 03:15:00
2026-03-29,FC007,FRS-YGT-002,72,15,2026-04-16 03:15:00
2026-03-29,FC007,FRS-CHD-003,47,15,2026-04-16 03:15:00
2026-03-29,FC007,FRS-BTR-004,48,15,2026-04-16 03:15:00
2026-03-29,FC007,BAK-BRD-001,100,15,2026-04-16 03:15:00
2026-03-29,FC007,BAK-CRS-002,128,15,2026-04-16 03:15:00
2026-03-29,FC007,BAK-SRD-003,64,15,2026-04-16 03:15:00
2026-03-29,FC007,BAK-BGL-004,116,15,2026-04-16 03:15:00
2026-03-29,FC007,PRD-BAN-001,77,15,2026-04-16 03:15:00
2026-03-29,FC007,PRD-TOM-002,55,15,2026-04-16 03:15:00
2026-03-29,FC007,PRD-BRC-003,93,15,2026-04-16 03:15:00
2026-03-29,FC007,PRD-APL-004,56,15,2026-04-16 03:15:00
2026-03-29,FC007,BEV-COL-001,52,15,2026-04-16 03:15:00
2026-03-29,FC007,BEV-OJU-002,63,15,2026-04-16 03:15:00
2026-03-29,FC007,BEV-WAT-003,77,15,2026-04-16 03:15:00
2026-03-29,FC007,BEV-BER-004,128,15,2026-04-16 03:15:00
2026-03-29,FC007,FRZ-PIZ-001,56,15,2026-04-16 03:15:00
2026-03-29,FC007,FRZ-ICE-002,0,15,2026-04-16 03:15:00
2026-03-29,FC007,FRZ-FRI-003,49,15,2026-04-16 03:15:00
2026-03-29,FC007,FRZ-PEA-004,93,15,2026-04-16 03:15:00
2026-03-29,FC007,SNK-CHP-001,144,15,2026-04-16 03:15:00
2026-03-29,FC007,SNK-CHC-002,47,15,2026-04-16 03:15:00
2026-03-29,FC007,SNK-BSC-003,80,15,2026-04-16 03:15:00
2026-03-29,FC007,SNK-NUT-004,148,15,2026-04-16 03:15:00
2026-03-29,FC008,FRS-MLK-001,103,15,2026-04-16 03:15:00
2026-03-29,FC008,FRS-YGT-002,0,15,2026-04-16 03:15:00
2026-03-29,FC008,FRS-CHD-003,114,15,2026-04-16 03:15:00
2026-03-29,FC008,FRS-BTR-004,142,15,2026-04-16 03:15:00
2026-03-29,FC008,BAK-BRD-001,69,15,2026-04-16 03:15:00
2026-03-29,FC008,BAK-CRS-002,70,15,2026-04-16 03:15:00
2026-03-29,FC008,BAK-SRD-003,80,15,2026-04-16 03:15:00
2026-03-29,FC008,BAK-BGL-004,7,15,2026-04-16 03:15:00
2026-03-29,FC008,PRD-BAN-001,126,15,2026-04-16 03:15:00
2026-03-29,FC008,PRD-TOM-002,23,15,2026-04-16 03:15:00
2026-03-29,FC008,PRD-BRC-003,62,15,2026-04-16 03:15:00
2026-03-29,FC008,PRD-APL-004,119,15,2026-04-16 03:15:00
2026-03-29,FC008,BEV-COL-001,125,15,2026-04-16 03:15:00
2026-03-29,FC008,BEV-OJU-002,81,15,2026-04-16 03:15:00
2026-03-29,FC008,BEV-WAT-003,58,15,2026-04-16 03:15:00
2026-03-29,FC008,BEV-BER-004,74,15,2026-04-16 03:15:00
2026-03-29,FC008,FRZ-PIZ-001,117,15,2026-04-16 03:15:00
2026-03-29,FC008,FRZ-ICE-002,45,15,2026-04-16 03:15:00
2026-03-29,FC008,FRZ-FRI-003,117,15,2026-04-16 03:15:00
2026-03-29,FC008,FRZ-PEA-004,43,15,2026-04-16 03:15:00
2026-03-29,FC008,SNK-CHP-001,44,15,2026-04-16 03:15:00
2026-03-29,FC008,SNK-CHC-002,109,15,2026-04-16 03:15:00
2026-03-29,FC008,SNK-BSC-003,58,15,2026-04-16 03:15:00
2026-03-29,FC008,SNK-NUT-004,30,15,2026-04-16 03:15:00
2026-03-30,FC001,FRS-MLK-001,95,30,2026-04-16 03:15:00
2026-03-30,FC001,FRS-YGT-002,148,30,2026-04-16 03:15:00
2026-03-30,FC001,FRS-CHD-003,124,30,2026-04-16 03:15:00
2026-03-30,FC001,FRS-BTR-004,94,30,2026-04-16 03:15:00
2026-03-30,FC001,BAK-BRD-001,0,30,2026-04-16 03:15:00
2026-03-30,FC001,BAK-CRS-002,129,30,2026-04-16 03:15:00
2026-03-30,FC001,BAK-SRD-003,125,30,2026-04-16 03:15:00
2026-03-30,FC001,BAK-BGL-004,99,30,2026-04-16 03:15:00
2026-03-30,FC001,PRD-BAN-001,11,30,2026-04-16 03:15:00
2026-03-30,FC001,PRD-TOM-002,13,30,2026-04-16 03:15:00
2026-03-30,FC001,PRD-BRC-003,60,30,2026-04-16 03:15:00
2026-03-30,FC001,PRD-APL-004,10,30,2026-04-16 03:15:00
2026-03-30,FC001,BEV-COL-001,40,30,2026-04-16 03:15:00
2026-03-30,FC001,BEV-OJU-002,35,30,2026-04-16 03:15:00
2026-03-30,FC001,BEV-WAT-003,65,30,2026-04-16 03:15:00
2026-03-30,FC001,BEV-BER-004,40,30,2026-04-16 03:15:00
2026-03-30,FC001,FRZ-PIZ-001,17,30,2026-04-16 03:15:00
2026-03-30,FC001,FRZ-ICE-002,53,30,2026-04-16 03:15:00
2026-03-30,FC001,FRZ-FRI-003,116,30,2026-04-16 03:15:00
2026-03-30,FC001,FRZ-PEA-004,79,30,2026-04-16 03:15:00
2026-03-30,FC001,SNK-CHP-001,135,30,2026-04-16 03:15:00
2026-03-30,FC001,SNK-CHC-002,48,30,2026-04-16 03:15:00
2026-03-30,FC001,SNK-BSC-003,54,30,2026-04-16 03:15:00
2026-03-30,FC001,SNK-NUT-004,107,30,2026-04-16 03:15:00
2026-03-30,FC002,FRS-MLK-001,59,30,2026-04-16 03:15:00
2026-03-30,FC002,FRS-YGT-002,61,30,2026-04-16 03:15:00
2026-03-30,FC002,FRS-CHD-003,59,30,2026-04-16 03:15:00
2026-03-30,FC002,FRS-BTR-004,106,30,2026-04-16 03:15:00
2026-03-30,FC002,BAK-BRD-001,134,30,2026-04-16 03:15:00
2026-03-30,FC002,BAK-CRS-002,43,30,2026-04-16 03:15:00
2026-03-30,FC002,BAK-SRD-003,154,30,2026-04-16 03:15:00
2026-03-30,FC002,BAK-BGL-004,79,30,2026-04-16 03:15:00
2026-03-30,FC002,PRD-BAN-001,67,30,2026-04-16 03:15:00
2026-03-30,FC002,PRD-TOM-002,48,30,2026-04-16 03:15:00
2026-03-30,FC002,PRD-BRC-003,47,30,2026-04-16 03:15:00
2026-03-30,FC002,PRD-APL-004,59,30,2026-04-16 03:15:00
2026-03-30,FC002,BEV-COL-001,30,30,2026-04-16 03:15:00
2026-03-30,FC002,BEV-OJU-002,61,30,2026-04-16 03:15:00
2026-03-30,FC002,BEV-WAT-003,150,30,2026-04-16 03:15:00
2026-03-30,FC002,BEV-BER-004,0,30,2026-04-16 03:15:00
2026-03-30,FC002,FRZ-PIZ-001,53,30,2026-04-16 03:15:00
2026-03-30,FC002,FRZ-ICE-002,0,30,2026-04-16 03:15:00
2026-03-30,FC002,FRZ-FRI-003,66,30,2026-04-16 03:15:00
2026-03-30,FC002,FRZ-PEA-004,65,30,2026-04-16 03:15:00
2026-03-30,FC002,SNK-CHP-001,47,30,2026-04-16 03:15:00
2026-03-30,FC002,SNK-CHC-002,62,30,2026-04-16 03:15:00
2026-03-30,FC002,SNK-BSC-003,23,30,2026-04-16 03:15:00
2026-03-30,FC002,SNK-NUT-004,38,30,2026-04-16 03:15:00
2026-03-30,FC003,FRS-MLK-001,45,30,2026-04-16 03:15:00
2026-03-30,FC003,FRS-YGT-002,65,30,2026-04-16 03:15:00
2026-03-30,FC003,FRS-CHD-003,50,30,2026-04-16 03:15:00
2026-03-30,FC003,FRS-BTR-004,53,30,2026-04-16 03:15:00
2026-03-30,FC003,BAK-BRD-001,51,30,2026-04-16 03:15:00
2026-03-30,FC003,BAK-CRS-002,93,30,2026-04-16 03:15:00
2026-03-30,FC003,BAK-SRD-003,57,30,2026-04-16 03:15:00
2026-03-30,FC003,BAK-BGL-004,37,30,2026-04-16 03:15:00
2026-03-30,FC003,PRD-BAN-001,125,30,2026-04-16 03:15:00
2026-03-30,FC003,PRD-TOM-002,132,30,2026-04-16 03:15:00
2026-03-30,FC003,PRD-BRC-003,137,30,2026-04-16 03:15:00
2026-03-30,FC003,PRD-APL-004,40,30,2026-04-16 03:15:00
2026-03-30,FC003,BEV-COL-001,101,30,2026-04-16 03:15:00
2026-03-30,FC003,BEV-OJU-002,65,30,2026-04-16 03:15:00
2026-03-30,FC003,BEV-WAT-003,12,30,2026-04-16 03:15:00
2026-03-30,FC003,BEV-BER-004,69,30,2026-04-16 03:15:00
2026-03-30,FC003,FRZ-PIZ-001,51,30,2026-04-16 03:15:00
2026-03-30,FC003,FRZ-ICE-002,111,30,2026-04-16 03:15:00
2026-03-30,FC003,FRZ-FRI-003,28,30,2026-04-16 03:15:00
2026-03-30,FC003,FRZ-PEA-004,77,30,2026-04-16 03:15:00
2026-03-30,FC003,SNK-CHP-001,21,30,2026-04-16 03:15:00
2026-03-30,FC003,SNK-CHC-002,114,30,2026-04-16 03:15:00
2026-03-30,FC003,SNK-BSC-003,78,30,2026-04-16 03:15:00
2026-03-30,FC003,SNK-NUT-004,121,30,2026-04-16 03:15:00
2026-03-30,FC004,FRS-MLK-001,66,15,2026-04-16 03:15:00
2026-03-30,FC004,FRS-YGT-002,98,15,2026-04-16 03:15:00
2026-03-30,FC004,FRS-CHD-003,113,15,2026-04-16 03:15:00
2026-03-30,FC004,FRS-BTR-004,39,15,2026-04-16 03:15:00
2026-03-30,FC004,BAK-BRD-001,130,15,2026-04-16 03:15:00
2026-03-30,FC004,BAK-CRS-002,78,15,2026-04-16 03:15:00
2026-03-30,FC004,BAK-SRD-003,111,15,2026-04-16 03:15:00
2026-03-30,FC004,BAK-BGL-004,81,15,2026-04-16 03:15:00
2026-03-30,FC004,PRD-BAN-001,74,15,2026-04-16 03:15:00
2026-03-30,FC004,PRD-TOM-002,86,15,2026-04-16 03:15:00
2026-03-30,FC004,PRD-BRC-003,113,15,2026-04-16 03:15:00
2026-03-30,FC004,PRD-APL-004,40,15,2026-04-16 03:15:00
2026-03-30,FC004,BEV-COL-001,24,15,2026-04-16 03:15:00
2026-03-30,FC004,BEV-OJU-002,118,15,2026-04-16 03:15:00
2026-03-30,FC004,BEV-WAT-003,110,15,2026-04-16 03:15:00
2026-03-30,FC004,BEV-BER-004,84,15,2026-04-16 03:15:00
2026-03-30,FC004,FRZ-PIZ-001,41,15,2026-04-16 03:15:00
2026-03-30,FC004,FRZ-ICE-002,119,15,2026-04-16 03:15:00
2026-03-30,FC004,FRZ-FRI-003,82,15,2026-04-16 03:15:00
2026-03-30,FC004,FRZ-PEA-004,40,15,2026-04-16 03:15:00
2026-03-30,FC004,SNK-CHP-001,31,15,2026-04-16 03:15:00
2026-03-30,FC004,SNK-CHC-002,92,15,2026-04-16 03:15:00
2026-03-30,FC004,SNK-BSC-003,83,15,2026-04-16 03:15:00
2026-03-30,FC004,SNK-NUT-004,16,15,2026-04-16 03:15:00
2026-03-30,FC005,FRS-MLK-001,111,30,2026-04-16 03:15:00
2026-03-30,FC005,FRS-YGT-002,67,30,2026-04-16 03:15:00
2026-03-30,FC005,FRS-CHD-003,82,30,2026-04-16 03:15:00
2026-03-30,FC005,FRS-BTR-004,111,30,2026-04-16 03:15:00
2026-03-30,FC005,BAK-BRD-001,126,30,2026-04-16 03:15:00
2026-03-30,FC005,BAK-CRS-002,148,30,2026-04-16 03:15:00
2026-03-30,FC005,BAK-SRD-003,90,30,2026-04-16 03:15:00
2026-03-30,FC005,BAK-BGL-004,39,30,2026-04-16 03:15:00
2026-03-30,FC005,PRD-BAN-001,75,30,2026-04-16 03:15:00
2026-03-30,FC005,PRD-TOM-002,74,30,2026-04-16 03:15:00
2026-03-30,FC005,PRD-BRC-003,4,30,2026-04-16 03:15:00
2026-03-30,FC005,PRD-APL-004,68,30,2026-04-16 03:15:00
2026-03-30,FC005,BEV-COL-001,80,30,2026-04-16 03:15:00
2026-03-30,FC005,BEV-OJU-002,113,30,2026-04-16 03:15:00
2026-03-30,FC005,BEV-WAT-003,79,30,2026-04-16 03:15:00
2026-03-30,FC005,BEV-BER-004,20,30,2026-04-16 03:15:00
2026-03-30,FC005,FRZ-PIZ-001,68,30,2026-04-16 03:15:00
2026-03-30,FC005,FRZ-ICE-002,64,30,2026-04-16 03:15:00
2026-03-30,FC005,FRZ-FRI-003,27,30,2026-04-16 03:15:00
2026-03-30,FC005,FRZ-PEA-004,103,30,2026-04-16 03:15:00
2026-03-30,FC005,SNK-CHP-001,28,30,2026-04-16 03:15:00
2026-03-30,FC005,SNK-CHC-002,50,30,2026-04-16 03:15:00
2026-03-30,FC005,SNK-BSC-003,71,30,2026-04-16 03:15:00
2026-03-30,FC005,SNK-NUT-004,97,30,2026-04-16 03:15:00
2026-03-30,FC006,FRS-MLK-001,129,30,2026-04-16 03:15:00
2026-03-30,FC006,FRS-YGT-002,47,30,2026-04-16 03:15:00
2026-03-30,FC006,FRS-CHD-003,43,30,2026-04-16 03:15:00
2026-03-30,FC006,FRS-BTR-004,49,30,2026-04-16 03:15:00
2026-03-30,FC006,BAK-BRD-001,41,30,2026-04-16 03:15:00
2026-03-30,FC006,BAK-CRS-002,107,30,2026-04-16 03:15:00
2026-03-30,FC006,BAK-SRD-003,33,30,2026-04-16 03:15:00
2026-03-30,FC006,BAK-BGL-004,94,30,2026-04-16 03:15:00
2026-03-30,FC006,PRD-BAN-001,96,30,2026-04-16 03:15:00
2026-03-30,FC006,PRD-TOM-002,117,30,2026-04-16 03:15:00
2026-03-30,FC006,PRD-BRC-003,0,30,2026-04-16 03:15:00
2026-03-30,FC006,PRD-APL-004,53,30,2026-04-16 03:15:00
2026-03-30,FC006,BEV-COL-001,0,30,2026-04-16 03:15:00
2026-03-30,FC006,BEV-OJU-002,93,30,2026-04-16 03:15:00
2026-03-30,FC006,BEV-WAT-003,72,30,2026-04-16 03:15:00
2026-03-30,FC006,BEV-BER-004,134,30,2026-04-16 03:15:00
2026-03-30,FC006,FRZ-PIZ-001,110,30,2026-04-16 03:15:00
2026-03-30,FC006,FRZ-ICE-002,72,30,2026-04-16 03:15:00
2026-03-30,FC006,FRZ-FRI-003,17,30,2026-04-16 03:15:00
2026-03-30,FC006,FRZ-PEA-004,26,30,2026-04-16 03:15:00
2026-03-30,FC006,SNK-CHP-001,66,30,2026-04-16 03:15:00
2026-03-30,FC006,SNK-CHC-002,72,30,2026-04-16 03:15:00
2026-03-30,FC006,SNK-BSC-003,74,30,2026-04-16 03:15:00
2026-03-30,FC006,SNK-NUT-004,26,30,2026-04-16 03:15:00
2026-03-30,FC007,FRS-MLK-001,79,15,2026-04-16 03:15:00
2026-03-30,FC007,FRS-YGT-002,67,15,2026-04-16 03:15:00
2026-03-30,FC007,FRS-CHD-003,45,15,2026-04-16 03:15:00
2026-03-30,FC007,FRS-BTR-004,41,15,2026-04-16 03:15:00
2026-03-30,FC007,BAK-BRD-001,98,15,2026-04-16 03:15:00
2026-03-30,FC007,BAK-CRS-002,123,15,2026-04-16 03:15:00
2026-03-30,FC007,BAK-SRD-003,62,15,2026-04-16 03:15:00
2026-03-30,FC007,BAK-BGL-004,108,15,2026-04-16 03:15:00
2026-03-30,FC007,PRD-BAN-001,69,15,2026-04-16 03:15:00
2026-03-30,FC007,PRD-TOM-002,46,15,2026-04-16 03:15:00
2026-03-30,FC007,PRD-BRC-003,87,15,2026-04-16 03:15:00
2026-03-30,FC007,PRD-APL-004,50,15,2026-04-16 03:15:00
2026-03-30,FC007,BEV-COL-001,45,15,2026-04-16 03:15:00
2026-03-30,FC007,BEV-OJU-002,55,15,2026-04-16 03:15:00
2026-03-30,FC007,BEV-WAT-003,75,15,2026-04-16 03:15:00
2026-03-30,FC007,BEV-BER-004,123,15,2026-04-16 03:15:00
2026-03-30,FC007,FRZ-PIZ-001,50,15,2026-04-16 03:15:00
2026-03-30,FC007,FRZ-ICE-002,0,15,2026-04-16 03:15:00
2026-03-30,FC007,FRZ-FRI-003,42,15,2026-04-16 03:15:00
2026-03-30,FC007,FRZ-PEA-004,86,15,2026-04-16 03:15:00
2026-03-30,FC007,SNK-CHP-001,140,15,2026-04-16 03:15:00
2026-03-30,FC007,SNK-CHC-002,45,15,2026-04-16 03:15:00
2026-03-30,FC007,SNK-BSC-003,79,15,2026-04-16 03:15:00
2026-03-30,FC007,SNK-NUT-004,142,15,2026-04-16 03:15:00
2026-03-30,FC008,FRS-MLK-001,93,15,2026-04-16 03:15:00
2026-03-30,FC008,FRS-YGT-002,0,15,2026-04-16 03:15:00
2026-03-30,FC008,FRS-CHD-003,109,15,2026-04-16 03:15:00
2026-03-30,FC008,FRS-BTR-004,130,15,2026-04-16 03:15:00
2026-03-30,FC008,BAK-BRD-001,57,15,2026-04-16 03:15:00
2026-03-30,FC008,BAK-CRS-002,56,15,2026-04-16 03:15:00
2026-03-30,FC008,BAK-SRD-003,73,15,2026-04-16 03:15:00
2026-03-30,FC008,BAK-BGL-004,0,15,2026-04-16 03:15:00
2026-03-30,FC008,PRD-BAN-001,112,15,2026-04-16 03:15:00
2026-03-30,FC008,PRD-TOM-002,6,15,2026-04-16 03:15:00
2026-03-30,FC008,PRD-BRC-003,51,15,2026-04-16 03:15:00
2026-03-30,FC008,PRD-APL-004,99,15,2026-04-16 03:15:00
2026-03-30,FC008,BEV-COL-001,111,15,2026-04-16 03:15:00
2026-03-30,FC008,BEV-OJU-002,66,15,2026-04-16 03:15:00
2026-03-30,FC008,BEV-WAT-003,47,15,2026-04-16 03:15:00
2026-03-30,FC008,BEV-BER-004,55,15,2026-04-16 03:15:00
2026-03-30,FC008,FRZ-PIZ-001,113,15,2026-04-16 03:15:00
2026-03-30,FC008,FRZ-ICE-002,30,15,2026-04-16 03:15:00
2026-03-30,FC008,FRZ-FRI-003,115,15,2026-04-16 03:15:00
2026-03-30,FC008,FRZ-PEA-004,35,15,2026-04-16 03:15:00
2026-03-30,FC008,SNK-CHP-001,39,15,2026-04-16 03:15:00
2026-03-30,FC008,SNK-CHC-002,105,15,2026-04-16 03:15:00
2026-03-30,FC008,SNK-BSC-003,47,15,2026-04-16 03:15:00
2026-03-30,FC008,SNK-NUT-004,13,15,2026-04-16 03:15:00
2026-03-31,FC001,FRS-MLK-001,77,30,2026-04-16 03:15:00
2026-03-31,FC001,FRS-YGT-002,139,30,2026-04-16 03:15:00
2026-03-31,FC001,FRS-CHD-003,113,30,2026-04-16 03:15:00
2026-03-31,FC001,FRS-BTR-004,84,30,2026-04-16 03:15:00
2026-03-31,FC001,BAK-BRD-001,0,30,2026-04-16 03:15:00
2026-03-31,FC001,BAK-CRS-002,109,30,2026-04-16 03:15:00
2026-03-31,FC001,BAK-SRD-003,121,30,2026-04-16 03:15:00
2026-03-31,FC001,BAK-BGL-004,80,30,2026-04-16 03:15:00
2026-03-31,FC001,PRD-BAN-001,0,30,2026-04-16 03:15:00
2026-03-31,FC001,PRD-TOM-002,106,30,2026-04-16 03:15:00
2026-03-31,FC001,PRD-BRC-003,56,30,2026-04-16 03:15:00
2026-03-31,FC001,PRD-APL-004,100,30,2026-04-16 03:15:00
2026-03-31,FC001,BEV-COL-001,31,30,2026-04-16 03:15:00
2026-03-31,FC001,BEV-OJU-002,27,30,2026-04-16 03:15:00
2026-03-31,FC001,BEV-WAT-003,54,30,2026-04-16 03:15:00
2026-03-31,FC001,BEV-BER-004,30,30,2026-04-16 03:15:00
2026-03-31,FC001,FRZ-PIZ-001,10,30,2026-04-16 03:15:00
2026-03-31,FC001,FRZ-ICE-002,37,30,2026-04-16 03:15:00
2026-03-31,FC001,FRZ-FRI-003,101,30,2026-04-16 03:15:00
2026-03-31,FC001,FRZ-PEA-004,75,30,2026-04-16 03:15:00
2026-03-31,FC001,SNK-CHP-001,121,30,2026-04-16 03:15:00
2026-03-31,FC001,SNK-CHC-002,43,30,2026-04-16 03:15:00
2026-03-31,FC001,SNK-BSC-003,42,30,2026-04-16 03:15:00
2026-03-31,FC001,SNK-NUT-004,104,30,2026-04-16 03:15:00
2026-03-31,FC002,FRS-MLK-001,55,30,2026-04-16 03:15:00
2026-03-31,FC002,FRS-YGT-002,41,30,2026-04-16 03:15:00
2026-03-31,FC002,FRS-CHD-003,49,30,2026-04-16 03:15:00
2026-03-31,FC002,FRS-BTR-004,101,30,2026-04-16 03:15:00
2026-03-31,FC002,BAK-BRD-001,121,30,2026-04-16 03:15:00
2026-03-31,FC002,BAK-CRS-002,38,30,2026-04-16 03:15:00
2026-03-31,FC002,BAK-SRD-003,142,30,2026-04-16 03:15:00
2026-03-31,FC002,BAK-BGL-004,72,30,2026-04-16 03:15:00
2026-03-31,FC002,PRD-BAN-001,58,30,2026-04-16 03:15:00
2026-03-31,FC002,PRD-TOM-002,35,30,2026-04-16 03:15:00
2026-03-31,FC002,PRD-BRC-003,45,30,2026-04-16 03:15:00
2026-03-31,FC002,PRD-APL-004,43,30,2026-04-16 03:15:00
2026-03-31,FC002,BEV-COL-001,28,30,2026-04-16 03:15:00
2026-03-31,FC002,BEV-OJU-002,43,30,2026-04-16 03:15:00
2026-03-31,FC002,BEV-WAT-003,134,30,2026-04-16 03:15:00
2026-03-31,FC002,BEV-BER-004,110,30,2026-04-16 03:15:00
2026-03-31,FC002,FRZ-PIZ-001,44,30,2026-04-16 03:15:00
2026-03-31,FC002,FRZ-ICE-002,0,30,2026-04-16 03:15:00
2026-03-31,FC002,FRZ-FRI-003,59,30,2026-04-16 03:15:00
2026-03-31,FC002,FRZ-PEA-004,45,30,2026-04-16 03:15:00
2026-03-31,FC002,SNK-CHP-001,35,30,2026-04-16 03:15:00
2026-03-31,FC002,SNK-CHC-002,60,30,2026-04-16 03:15:00
2026-03-31,FC002,SNK-BSC-003,15,30,2026-04-16 03:15:00
2026-03-31,FC002,SNK-NUT-004,30,30,2026-04-16 03:15:00
2026-03-31,FC003,FRS-MLK-001,26,30,2026-04-16 03:15:00
2026-03-31,FC003,FRS-YGT-002,61,30,2026-04-16 03:15:00
2026-03-31,FC003,FRS-CHD-003,33,30,2026-04-16 03:15:00
2026-03-31,FC003,FRS-BTR-004,51,30,2026-04-16 03:15:00
2026-03-31,FC003,BAK-BRD-001,34,30,2026-04-16 03:15:00
2026-03-31,FC003,BAK-CRS-002,80,30,2026-04-16 03:15:00
2026-03-31,FC003,BAK-SRD-003,54,30,2026-04-16 03:15:00
2026-03-31,FC003,BAK-BGL-004,98,30,2026-04-16 03:15:00
2026-03-31,FC003,PRD-BAN-001,117,30,2026-04-16 03:15:00
2026-03-31,FC003,PRD-TOM-002,118,30,2026-04-16 03:15:00
2026-03-31,FC003,PRD-BRC-003,128,30,2026-04-16 03:15:00
2026-03-31,FC003,PRD-APL-004,28,30,2026-04-16 03:15:00
2026-03-31,FC003,BEV-COL-001,98,30,2026-04-16 03:15:00
2026-03-31,FC003,BEV-OJU-002,62,30,2026-04-16 03:15:00
2026-03-31,FC003,BEV-WAT-003,2,30,2026-04-16 03:15:00
2026-03-31,FC003,BEV-BER-004,65,30,2026-04-16 03:15:00
2026-03-31,FC003,FRZ-PIZ-001,40,30,2026-04-16 03:15:00
2026-03-31,FC003,FRZ-ICE-002,109,30,2026-04-16 03:15:00
2026-03-31,FC003,FRZ-FRI-003,114,30,2026-04-16 03:15:00
2026-03-31,FC003,FRZ-PEA-004,66,30,2026-04-16 03:15:00
2026-03-31,FC003,SNK-CHP-001,156,30,2026-04-16 03:15:00
2026-03-31,FC003,SNK-CHC-002,100,30,2026-04-16 03:15:00
2026-03-31,FC003,SNK-BSC-003,76,30,2026-04-16 03:15:00
2026-03-31,FC003,SNK-NUT-004,113,30,2026-04-16 03:15:00
2026-03-31,FC004,FRS-MLK-001,58,15,2026-04-16 03:15:00
2026-03-31,FC004,FRS-YGT-002,90,15,2026-04-16 03:15:00
2026-03-31,FC004,FRS-CHD-003,110,15,2026-04-16 03:15:00
2026-03-31,FC004,FRS-BTR-004,36,15,2026-04-16 03:15:00
2026-03-31,FC004,BAK-BRD-001,121,15,2026-04-16 03:15:00
2026-03-31,FC004,BAK-CRS-002,71,15,2026-04-16 03:15:00
2026-03-31,FC004,BAK-SRD-003,102,15,2026-04-16 03:15:00
2026-03-31,FC004,BAK-BGL-004,77,15,2026-04-16 03:15:00
2026-03-31,FC004,PRD-BAN-001,72,15,2026-04-16 03:15:00
2026-03-31,FC004,PRD-TOM-002,79,15,2026-04-16 03:15:00
2026-03-31,FC004,PRD-BRC-003,112,15,2026-04-16 03:15:00
2026-03-31,FC004,PRD-APL-004,35,15,2026-04-16 03:15:00
2026-03-31,FC004,BEV-COL-001,81,15,2026-04-16 03:15:00
2026-03-31,FC004,BEV-OJU-002,109,15,2026-04-16 03:15:00
2026-03-31,FC004,BEV-WAT-003,104,15,2026-04-16 03:15:00
2026-03-31,FC004,BEV-BER-004,83,15,2026-04-16 03:15:00
2026-03-31,FC004,FRZ-PIZ-001,36,15,2026-04-16 03:15:00
2026-03-31,FC004,FRZ-ICE-002,110,15,2026-04-16 03:15:00
2026-03-31,FC004,FRZ-FRI-003,72,15,2026-04-16 03:15:00
2026-03-31,FC004,FRZ-PEA-004,37,15,2026-04-16 03:15:00
2026-03-31,FC004,SNK-CHP-001,30,15,2026-04-16 03:15:00
2026-03-31,FC004,SNK-CHC-002,91,15,2026-04-16 03:15:00
2026-03-31,FC004,SNK-BSC-003,75,15,2026-04-16 03:15:00
2026-03-31,FC004,SNK-NUT-004,15,15,2026-04-16 03:15:00
2026-03-31,FC005,FRS-MLK-001,105,30,2026-04-16 03:15:00
2026-03-31,FC005,FRS-YGT-002,57,30,2026-04-16 03:15:00
2026-03-31,FC005,FRS-CHD-003,72,30,2026-04-16 03:15:00
2026-03-31,FC005,FRS-BTR-004,104,30,2026-04-16 03:15:00
2026-03-31,FC005,BAK-BRD-001,115,30,2026-04-16 03:15:00
2026-03-31,FC005,BAK-CRS-002,141,30,2026-04-16 03:15:00
2026-03-31,FC005,BAK-SRD-003,86,30,2026-04-16 03:15:00
2026-03-31,FC005,BAK-BGL-004,19,30,2026-04-16 03:15:00
2026-03-31,FC005,PRD-BAN-001,57,30,2026-04-16 03:15:00
2026-03-31,FC005,PRD-TOM-002,57,30,2026-04-16 03:15:00
2026-03-31,FC005,PRD-BRC-003,0,30,2026-04-16 03:15:00
2026-03-31,FC005,PRD-APL-004,63,30,2026-04-16 03:15:00
2026-03-31,FC005,BEV-COL-001,62,30,2026-04-16 03:15:00
2026-03-31,FC005,BEV-OJU-002,100,30,2026-04-16 03:15:00
2026-03-31,FC005,BEV-WAT-003,59,30,2026-04-16 03:15:00
2026-03-31,FC005,BEV-BER-004,18,30,2026-04-16 03:15:00
2026-03-31,FC005,FRZ-PIZ-001,49,30,2026-04-16 03:15:00
2026-03-31,FC005,FRZ-ICE-002,45,30,2026-04-16 03:15:00
2026-03-31,FC005,FRZ-FRI-003,95,30,2026-04-16 03:15:00
2026-03-31,FC005,FRZ-PEA-004,88,30,2026-04-16 03:15:00
2026-03-31,FC005,SNK-CHP-001,18,30,2026-04-16 03:15:00
2026-03-31,FC005,SNK-CHC-002,37,30,2026-04-16 03:15:00
2026-03-31,FC005,SNK-BSC-003,51,30,2026-04-16 03:15:00
2026-03-31,FC005,SNK-NUT-004,81,30,2026-04-16 03:15:00
2026-03-31,FC006,FRS-MLK-001,111,30,2026-04-16 03:15:00
2026-03-31,FC006,FRS-YGT-002,33,30,2026-04-16 03:15:00
2026-03-31,FC006,FRS-CHD-003,37,30,2026-04-16 03:15:00
2026-03-31,FC006,FRS-BTR-004,30,30,2026-04-16 03:15:00
2026-03-31,FC006,BAK-BRD-001,33,30,2026-04-16 03:15:00
2026-03-31,FC006,BAK-CRS-002,94,30,2026-04-16 03:15:00
2026-03-31,FC006,BAK-SRD-003,29,30,2026-04-16 03:15:00
2026-03-31,FC006,BAK-BGL-004,79,30,2026-04-16 03:15:00
2026-03-31,FC006,PRD-BAN-001,90,30,2026-04-16 03:15:00
2026-03-31,FC006,PRD-TOM-002,115,30,2026-04-16 03:15:00
2026-03-31,FC006,PRD-BRC-003,72,30,2026-04-16 03:15:00
2026-03-31,FC006,PRD-APL-004,39,30,2026-04-16 03:15:00
2026-03-31,FC006,BEV-COL-001,0,30,2026-04-16 03:15:00
2026-03-31,FC006,BEV-OJU-002,91,30,2026-04-16 03:15:00
2026-03-31,FC006,BEV-WAT-003,56,30,2026-04-16 03:15:00
2026-03-31,FC006,BEV-BER-004,127,30,2026-04-16 03:15:00
2026-03-31,FC006,FRZ-PIZ-001,104,30,2026-04-16 03:15:00
2026-03-31,FC006,FRZ-ICE-002,68,30,2026-04-16 03:15:00
2026-03-31,FC006,FRZ-FRI-003,9,30,2026-04-16 03:15:00
2026-03-31,FC006,FRZ-PEA-004,156,30,2026-04-16 03:15:00
2026-03-31,FC006,SNK-CHP-001,60,30,2026-04-16 03:15:00
2026-03-31,FC006,SNK-CHC-002,60,30,2026-04-16 03:15:00
2026-03-31,FC006,SNK-BSC-003,62,30,2026-04-16 03:15:00
2026-03-31,FC006,SNK-NUT-004,161,30,2026-04-16 03:15:00
2026-03-31,FC007,FRS-MLK-001,78,15,2026-04-16 03:15:00
2026-03-31,FC007,FRS-YGT-002,60,15,2026-04-16 03:15:00
2026-03-31,FC007,FRS-CHD-003,40,15,2026-04-16 03:15:00
2026-03-31,FC007,FRS-BTR-004,40,15,2026-04-16 03:15:00
2026-03-31,FC007,BAK-BRD-001,93,15,2026-04-16 03:15:00
2026-03-31,FC007,BAK-CRS-002,117,15,2026-04-16 03:15:00
2026-03-31,FC007,BAK-SRD-003,57,15,2026-04-16 03:15:00
2026-03-31,FC007,BAK-BGL-004,98,15,2026-04-16 03:15:00
2026-03-31,FC007,PRD-BAN-001,64,15,2026-04-16 03:15:00
2026-03-31,FC007,PRD-TOM-002,36,15,2026-04-16 03:15:00
2026-03-31,FC007,PRD-BRC-003,78,15,2026-04-16 03:15:00
2026-03-31,FC007,PRD-APL-004,43,15,2026-04-16 03:15:00
2026-03-31,FC007,BEV-COL-001,43,15,2026-04-16 03:15:00
2026-03-31,FC007,BEV-OJU-002,53,15,2026-04-16 03:15:00
2026-03-31,FC007,BEV-WAT-003,65,15,2026-04-16 03:15:00
2026-03-31,FC007,BEV-BER-004,118,15,2026-04-16 03:15:00
2026-03-31,FC007,FRZ-PIZ-001,45,15,2026-04-16 03:15:00
2026-03-31,FC007,FRZ-ICE-002,0,15,2026-04-16 03:15:00
2026-03-31,FC007,FRZ-FRI-003,41,15,2026-04-16 03:15:00
2026-03-31,FC007,FRZ-PEA-004,83,15,2026-04-16 03:15:00
2026-03-31,FC007,SNK-CHP-001,130,15,2026-04-16 03:15:00
2026-03-31,FC007,SNK-CHC-002,36,15,2026-04-16 03:15:00
2026-03-31,FC007,SNK-BSC-003,69,15,2026-04-16 03:15:00
2026-03-31,FC007,SNK-NUT-004,132,15,2026-04-16 03:15:00
2026-03-31,FC008,FRS-MLK-001,78,15,2026-04-16 03:15:00
2026-03-31,FC008,FRS-YGT-002,0,15,2026-04-16 03:15:00
2026-03-31,FC008,FRS-CHD-003,103,15,2026-04-16 03:15:00
2026-03-31,FC008,FRS-BTR-004,123,15,2026-04-16 03:15:00
2026-03-31,FC008,BAK-BRD-001,38,15,2026-04-16 03:15:00
2026-03-31,FC008,BAK-CRS-002,49,15,2026-04-16 03:15:00
2026-03-31,FC008,BAK-SRD-003,69,15,2026-04-16 03:15:00
2026-03-31,FC008,BAK-BGL-004,0,15,2026-04-16 03:15:00
2026-03-31,FC008,PRD-BAN-001,104,15,2026-04-16 03:15:00
2026-03-31,FC008,PRD-TOM-002,0,15,2026-04-16 03:15:00
2026-03-31,FC008,PRD-BRC-003,44,15,2026-04-16 03:15:00
2026-03-31,FC008,PRD-APL-004,88,15,2026-04-16 03:15:00
2026-03-31,FC008,BEV-COL-001,91,15,2026-04-16 03:15:00
2026-03-31,FC008,BEV-OJU-002,54,15,2026-04-16 03:15:00
2026-03-31,FC008,BEV-WAT-003,33,15,2026-04-16 03:15:00
2026-03-31,FC008,BEV-BER-004,36,15,2026-04-16 03:15:00
2026-03-31,FC008,FRZ-PIZ-001,97,15,2026-04-16 03:15:00
2026-03-31,FC008,FRZ-ICE-002,85,15,2026-04-16 03:15:00
2026-03-31,FC008,FRZ-FRI-003,107,15,2026-04-16 03:15:00
2026-03-31,FC008,FRZ-PEA-004,136,15,2026-04-16 03:15:00
2026-03-31,FC008,SNK-CHP-001,33,15,2026-04-16 03:15:00
2026-03-31,FC008,SNK-CHC-002,99,15,2026-04-16 03:15:00
2026-03-31,FC008,SNK-BSC-003,31,15,2026-04-16 03:15:00
2026-03-31,FC008,SNK-NUT-004,7,15,2026-04-16 03:15:00
2026-04-01,FC001,FRS-MLK-001,62,30,2026-04-16 03:15:00
2026-04-01,FC001,FRS-YGT-002,131,30,2026-04-16 03:15:00
2026-04-01,FC001,FRS-CHD-003,95,30,2026-04-16 03:15:00
2026-04-01,FC001,FRS-BTR-004,68,30,2026-04-16 03:15:00
2026-04-01,FC001,BAK-BRD-001,109,30,2026-04-16 03:15:00
2026-04-01,FC001,BAK-CRS-002,106,30,2026-04-16 03:15:00
2026-04-01,FC001,BAK-SRD-003,117,30,2026-04-16 03:15:00
2026-04-01,FC001,BAK-BGL-004,77,30,2026-04-16 03:15:00
2026-04-01,FC001,PRD-BAN-001,121,30,2026-04-16 03:15:00
2026-04-01,FC001,PRD-TOM-002,102,30,2026-04-16 03:15:00
2026-04-01,FC001,PRD-BRC-003,53,30,2026-04-16 03:15:00
2026-04-01,FC001,PRD-APL-004,93,30,2026-04-16 03:15:00
2026-04-01,FC001,BEV-COL-001,18,30,2026-04-16 03:15:00
2026-04-01,FC001,BEV-OJU-002,98,30,2026-04-16 03:15:00
2026-04-01,FC001,BEV-WAT-003,48,30,2026-04-16 03:15:00
2026-04-01,FC001,BEV-BER-004,106,30,2026-04-16 03:15:00
2026-04-01,FC001,FRZ-PIZ-001,105,30,2026-04-16 03:15:00
2026-04-01,FC001,FRZ-ICE-002,102,30,2026-04-16 03:15:00
2026-04-01,FC001,FRZ-FRI-003,87,30,2026-04-16 03:15:00
2026-04-01,FC001,FRZ-PEA-004,58,30,2026-04-16 03:15:00
2026-04-01,FC001,SNK-CHP-001,114,30,2026-04-16 03:15:00
2026-04-01,FC001,SNK-CHC-002,30,30,2026-04-16 03:15:00
2026-04-01,FC001,SNK-BSC-003,22,30,2026-04-16 03:15:00
2026-04-01,FC001,SNK-NUT-004,92,30,2026-04-16 03:15:00
2026-04-01,FC002,FRS-MLK-001,37,30,2026-04-16 03:15:00
2026-04-01,FC002,FRS-YGT-002,37,30,2026-04-16 03:15:00
2026-04-01,FC002,FRS-CHD-003,31,30,2026-04-16 03:15:00
2026-04-01,FC002,FRS-BTR-004,84,30,2026-04-16 03:15:00
2026-04-01,FC002,BAK-BRD-001,105,30,2026-04-16 03:15:00
2026-04-01,FC002,BAK-CRS-002,32,30,2026-04-16 03:15:00
2026-04-01,FC002,BAK-SRD-003,125,30,2026-04-16 03:15:00
2026-04-01,FC002,BAK-BGL-004,55,30,2026-04-16 03:15:00
2026-04-01,FC002,PRD-BAN-001,52,30,2026-04-16 03:15:00
2026-04-01,FC002,PRD-TOM-002,119,30,2026-04-16 03:15:00
2026-04-01,FC002,PRD-BRC-003,43,30,2026-04-16 03:15:00
2026-04-01,FC002,PRD-APL-004,31,30,2026-04-16 03:15:00
2026-04-01,FC002,BEV-COL-001,11,30,2026-04-16 03:15:00
2026-04-01,FC002,BEV-OJU-002,37,30,2026-04-16 03:15:00
2026-04-01,FC002,BEV-WAT-003,122,30,2026-04-16 03:15:00
2026-04-01,FC002,BEV-BER-004,98,30,2026-04-16 03:15:00
2026-04-01,FC002,FRZ-PIZ-001,34,30,2026-04-16 03:15:00
2026-04-01,FC002,FRZ-ICE-002,0,30,2026-04-16 03:15:00
2026-04-01,FC002,FRZ-FRI-003,43,30,2026-04-16 03:15:00
2026-04-01,FC002,FRZ-PEA-004,36,30,2026-04-16 03:15:00
2026-04-01,FC002,SNK-CHP-001,87,30,2026-04-16 03:15:00
2026-04-01,FC002,SNK-CHC-002,54,30,2026-04-16 03:15:00
2026-04-01,FC002,SNK-BSC-003,12,30,2026-04-16 03:15:00
2026-04-01,FC002,SNK-NUT-004,91,30,2026-04-16 03:15:00
2026-04-01,FC003,FRS-MLK-001,22,30,2026-04-16 03:15:00
2026-04-01,FC003,FRS-YGT-002,52,30,2026-04-16 03:15:00
2026-04-01,FC003,FRS-CHD-003,118,30,2026-04-16 03:15:00
2026-04-01,FC003,FRS-BTR-004,48,30,2026-04-16 03:15:00
2026-04-01,FC003,BAK-BRD-001,25,30,2026-04-16 03:15:00
2026-04-01,FC003,BAK-CRS-002,73,30,2026-04-16 03:15:00
2026-04-01,FC003,BAK-SRD-003,40,30,2026-04-16 03:15:00
2026-04-01,FC003,BAK-BGL-004,86,30,2026-04-16 03:15:00
2026-04-01,FC003,PRD-BAN-001,99,30,2026-04-16 03:15:00
2026-04-01,FC003,PRD-TOM-002,113,30,2026-04-16 03:15:00
2026-04-01,FC003,PRD-BRC-003,113,30,2026-04-16 03:15:00
2026-04-01,FC003,PRD-APL-004,25,30,2026-04-16 03:15:00
2026-04-01,FC003,BEV-COL-001,88,30,2026-04-16 03:15:00
2026-04-01,FC003,BEV-OJU-002,53,30,2026-04-16 03:15:00
2026-04-01,FC003,BEV-WAT-003,76,30,2026-04-16 03:15:00
2026-04-01,FC003,BEV-BER-004,60,30,2026-04-16 03:15:00
2026-04-01,FC003,FRZ-PIZ-001,29,30,2026-04-16 03:15:00
2026-04-01,FC003,FRZ-ICE-002,106,30,2026-04-16 03:15:00
2026-04-01,FC003,FRZ-FRI-003,108,30,2026-04-16 03:15:00
2026-04-01,FC003,FRZ-PEA-004,54,30,2026-04-16 03:15:00
2026-04-01,FC003,SNK-CHP-001,151,30,2026-04-16 03:15:00
2026-04-01,FC003,SNK-CHC-002,94,30,2026-04-16 03:15:00
2026-04-01,FC003,SNK-BSC-003,64,30,2026-04-16 03:15:00
2026-04-01,FC003,SNK-NUT-004,96,30,2026-04-16 03:15:00
2026-04-01,FC004,FRS-MLK-001,52,15,2026-04-16 03:15:00
2026-04-01,FC004,FRS-YGT-002,84,15,2026-04-16 03:15:00
2026-04-01,FC004,FRS-CHD-003,108,15,2026-04-16 03:15:00
2026-04-01,FC004,FRS-BTR-004,33,15,2026-04-16 03:15:00
2026-04-01,FC004,BAK-BRD-001,114,15,2026-04-16 03:15:00
2026-04-01,FC004,BAK-CRS-002,67,15,2026-04-16 03:15:00
2026-04-01,FC004,BAK-SRD-003,100,15,2026-04-16 03:15:00
2026-04-01,FC004,BAK-BGL-004,67,15,2026-04-16 03:15:00
2026-04-01,FC004,PRD-BAN-001,62,15,2026-04-16 03:15:00
2026-04-01,FC004,PRD-TOM-002,75,15,2026-04-16 03:15:00
2026-04-01,FC004,PRD-BRC-003,103,15,2026-04-16 03:15:00
2026-04-01,FC004,PRD-APL-004,31,15,2026-04-16 03:15:00
2026-04-01,FC004,BEV-COL-001,73,15,2026-04-16 03:15:00
2026-04-01,FC004,BEV-OJU-002,104,15,2026-04-16 03:15:00
2026-04-01,FC004,BEV-WAT-003,98,15,2026-04-16 03:15:00
2026-04-01,FC004,BEV-BER-004,80,15,2026-04-16 03:15:00
2026-04-01,FC004,FRZ-PIZ-001,31,15,2026-04-16 03:15:00
2026-04-01,FC004,FRZ-ICE-002,104,15,2026-04-16 03:15:00
2026-04-01,FC004,FRZ-FRI-003,68,15,2026-04-16 03:15:00
2026-04-01,FC004,FRZ-PEA-004,31,15,2026-04-16 03:15:00
2026-04-01,FC004,SNK-CHP-001,123,15,2026-04-16 03:15:00
2026-04-01,FC004,SNK-CHC-002,83,15,2026-04-16 03:15:00
2026-04-01,FC004,SNK-BSC-003,74,15,2026-04-16 03:15:00
2026-04-01,FC004,SNK-NUT-004,13,15,2026-04-16 03:15:00
2026-04-01,FC005,FRS-MLK-001,99,30,2026-04-16 03:15:00
2026-04-01,FC005,FRS-YGT-002,55,30,2026-04-16 03:15:00
2026-04-01,FC005,FRS-CHD-003,68,30,2026-04-16 03:15:00
2026-04-01,FC005,FRS-BTR-004,94,30,2026-04-16 03:15:00
2026-04-01,FC005,BAK-BRD-001,102,30,2026-04-16 03:15:00
2026-04-01,FC005,BAK-CRS-002,125,30,2026-04-16 03:15:00
2026-04-01,FC005,BAK-SRD-003,84,30,2026-04-16 03:15:00
2026-04-01,FC005,BAK-BGL-004,14,30,2026-04-16 03:15:00
2026-04-01,FC005,PRD-BAN-001,42,30,2026-04-16 03:15:00
2026-04-01,FC005,PRD-TOM-002,46,30,2026-04-16 03:15:00
2026-04-01,FC005,PRD-BRC-003,0,30,2026-04-16 03:15:00
2026-04-01,FC005,PRD-APL-004,61,30,2026-04-16 03:15:00
2026-04-01,FC005,BEV-COL-001,55,30,2026-04-16 03:15:00
2026-04-01,FC005,BEV-OJU-002,85,30,2026-04-16 03:15:00
2026-04-01,FC005,BEV-WAT-003,50,30,2026-04-16 03:15:00
2026-04-01,FC005,BEV-BER-004,87,30,2026-04-16 03:15:00
2026-04-01,FC005,FRZ-PIZ-001,47,30,2026-04-16 03:15:00
2026-04-01,FC005,FRZ-ICE-002,36,30,2026-04-16 03:15:00
2026-04-01,FC005,FRZ-FRI-003,87,30,2026-04-16 03:15:00
2026-04-01,FC005,FRZ-PEA-004,82,30,2026-04-16 03:15:00
2026-04-01,FC005,SNK-CHP-001,7,30,2026-04-16 03:15:00
2026-04-01,FC005,SNK-CHC-002,35,30,2026-04-16 03:15:00
2026-04-01,FC005,SNK-BSC-003,45,30,2026-04-16 03:15:00
2026-04-01,FC005,SNK-NUT-004,73,30,2026-04-16 03:15:00
2026-04-01,FC006,FRS-MLK-001,99,30,2026-04-16 03:15:00
2026-04-01,FC006,FRS-YGT-002,169,30,2026-04-16 03:15:00
2026-04-01,FC006,FRS-CHD-003,17,30,2026-04-16 03:15:00
2026-04-01,FC006,FRS-BTR-004,117,30,2026-04-16 03:15:00
2026-04-01,FC006,BAK-BRD-001,147,30,2026-04-16 03:15:00
2026-04-01,FC006,BAK-CRS-002,88,30,2026-04-16 03:15:00
2026-04-01,FC006,BAK-SRD-003,77,30,2026-04-16 03:15:00
2026-04-01,FC006,BAK-BGL-004,66,30,2026-04-16 03:15:00
2026-04-01,FC006,PRD-BAN-001,85,30,2026-04-16 03:15:00
2026-04-01,FC006,PRD-TOM-002,98,30,2026-04-16 03:15:00
2026-04-01,FC006,PRD-BRC-003,57,30,2026-04-16 03:15:00
2026-04-01,FC006,PRD-APL-004,30,30,2026-04-16 03:15:00
2026-04-01,FC006,BEV-COL-001,0,30,2026-04-16 03:15:00
2026-04-01,FC006,BEV-OJU-002,88,30,2026-04-16 03:15:00
2026-04-01,FC006,BEV-WAT-003,44,30,2026-04-16 03:15:00
2026-04-01,FC006,BEV-BER-004,112,30,2026-04-16 03:15:00
2026-04-01,FC006,FRZ-PIZ-001,88,30,2026-04-16 03:15:00
2026-04-01,FC006,FRZ-ICE-002,55,30,2026-04-16 03:15:00
2026-04-01,FC006,FRZ-FRI-003,0,30,2026-04-16 03:15:00
2026-04-01,FC006,FRZ-PEA-004,146,30,2026-04-16 03:15:00
2026-04-01,FC006,SNK-CHP-001,41,30,2026-04-16 03:15:00
2026-04-01,FC006,SNK-CHC-002,52,30,2026-04-16 03:15:00
2026-04-01,FC006,SNK-BSC-003,46,30,2026-04-16 03:15:00
2026-04-01,FC006,SNK-NUT-004,150,30,2026-04-16 03:15:00
2026-04-01,FC007,FRS-MLK-001,77,15,2026-04-16 03:15:00
2026-04-01,FC007,FRS-YGT-002,54,15,2026-04-16 03:15:00
2026-04-01,FC007,FRS-CHD-003,31,15,2026-04-16 03:15:00
2026-04-01,FC007,FRS-BTR-004,35,15,2026-04-16 03:15:00
2026-04-01,FC007,BAK-BRD-001,91,15,2026-04-16 03:15:00
2026-04-01,FC007,BAK-CRS-002,112,15,2026-04-16 03:15:00
2026-04-01,FC007,BAK-SRD-003,54,15,2026-04-16 03:15:00
2026-04-01,FC007,BAK-BGL-004,95,15,2026-04-16 03:15:00
2026-04-01,FC007,PRD-BAN-001,54,15,2026-04-16 03:15:00
2026-04-01,FC007,PRD-TOM-002,35,15,2026-04-16 03:15:00
2026-04-01,FC007,PRD-BRC-003,75,15,2026-04-16 03:15:00
2026-04-01,FC007,PRD-APL-004,40,15,2026-04-16 03:15:00
2026-04-01,FC007,BEV-COL-001,37,15,2026-04-16 03:15:00
2026-04-01,FC007,BEV-OJU-002,44,15,2026-04-16 03:15:00
2026-04-01,FC007,BEV-WAT-003,61,15,2026-04-16 03:15:00
2026-04-01,FC007,BEV-BER-004,110,15,2026-04-16 03:15:00
2026-04-01,FC007,FRZ-PIZ-001,39,15,2026-04-16 03:15:00
2026-04-01,FC007,FRZ-ICE-002,110,15,2026-04-16 03:15:00
2026-04-01,FC007,FRZ-FRI-003,34,15,2026-04-16 03:15:00
2026-04-01,FC007,FRZ-PEA-004,76,15,2026-04-16 03:15:00
2026-04-01,FC007,SNK-CHP-001,120,15,2026-04-16 03:15:00
2026-04-01,FC007,SNK-CHC-002,35,15,2026-04-16 03:15:00
2026-04-01,FC007,SNK-BSC-003,59,15,2026-04-16 03:15:00
2026-04-01,FC007,SNK-NUT-004,122,15,2026-04-16 03:15:00
2026-04-01,FC008,FRS-MLK-001,59,15,2026-04-16 03:15:00
2026-04-01,FC008,FRS-YGT-002,73,15,2026-04-16 03:15:00
2026-04-01,FC008,FRS-CHD-003,97,15,2026-04-16 03:15:00
2026-04-01,FC008,FRS-BTR-004,119,15,2026-04-16 03:15:00
2026-04-01,FC008,BAK-BRD-001,33,15,2026-04-16 03:15:00
2026-04-01,FC008,BAK-CRS-002,42,15,2026-04-16 03:15:00
2026-04-01,FC008,BAK-SRD-003,56,15,2026-04-16 03:15:00
2026-04-01,FC008,BAK-BGL-004,100,15,2026-04-16 03:15:00
2026-04-01,FC008,PRD-BAN-001,94,15,2026-04-16 03:15:00
2026-04-01,FC008,PRD-TOM-002,58,15,2026-04-16 03:15:00
2026-04-01,FC008,PRD-BRC-003,27,15,2026-04-16 03:15:00
2026-04-01,FC008,PRD-APL-004,74,15,2026-04-16 03:15:00
2026-04-01,FC008,BEV-COL-001,78,15,2026-04-16 03:15:00
2026-04-01,FC008,BEV-OJU-002,52,15,2026-04-16 03:15:00
2026-04-01,FC008,BEV-WAT-003,30,15,2026-04-16 03:15:00
2026-04-01,FC008,BEV-BER-004,136,15,2026-04-16 03:15:00
2026-04-01,FC008,FRZ-PIZ-001,87,15,2026-04-16 03:15:00
2026-04-01,FC008,FRZ-ICE-002,75,15,2026-04-16 03:15:00
2026-04-01,FC008,FRZ-FRI-003,102,15,2026-04-16 03:15:00
2026-04-01,FC008,FRZ-PEA-004,117,15,2026-04-16 03:15:00
2026-04-01,FC008,SNK-CHP-001,16,15,2026-04-16 03:15:00
2026-04-01,FC008,SNK-CHC-002,89,15,2026-04-16 03:15:00
2026-04-01,FC008,SNK-BSC-003,13,15,2026-04-16 03:15:00
2026-04-01,FC008,SNK-NUT-004,129,15,2026-04-16 03:15:00
2026-04-02,FC001,FRS-MLK-001,49,30,2026-04-16 03:15:00
2026-04-02,FC001,FRS-YGT-002,111,30,2026-04-16 03:15:00
2026-04-02,FC001,FRS-CHD-003,81,30,2026-04-16 03:15:00
2026-04-02,FC001,FRS-BTR-004,49,30,2026-04-16 03:15:00
2026-04-02,FC001,BAK-BRD-001,106,30,2026-04-16 03:15:00
2026-04-02,FC001,BAK-CRS-002,101,30,2026-04-16 03:15:00
2026-04-02,FC001,BAK-SRD-003,102,30,2026-04-16 03:15:00
2026-04-02,FC001,BAK-BGL-004,67,30,2026-04-16 03:15:00
2026-04-02,FC001,PRD-BAN-001,110,30,2026-04-16 03:15:00
2026-04-02,FC001,PRD-TOM-002,83,30,2026-04-16 03:15:00
2026-04-02,FC001,PRD-BRC-003,38,30,2026-04-16 03:15:00
2026-04-02,FC001,PRD-APL-004,77,30,2026-04-16 03:15:00
2026-04-02,FC001,BEV-COL-001,0,30,2026-04-16 03:15:00
2026-04-02,FC001,BEV-OJU-002,96,30,2026-04-16 03:15:00
2026-04-02,FC001,BEV-WAT-003,155,30,2026-04-16 03:15:00
2026-04-02,FC001,BEV-BER-004,87,30,2026-04-16 03:15:00
2026-04-02,FC001,FRZ-PIZ-001,88,30,2026-04-16 03:15:00
2026-04-02,FC001,FRZ-ICE-002,98,30,2026-04-16 03:15:00
2026-04-02,FC001,FRZ-FRI-003,71,30,2026-04-16 03:15:00
2026-04-02,FC001,FRZ-PEA-004,56,30,2026-04-16 03:15:00
2026-04-02,FC001,SNK-CHP-001,103,30,2026-04-16 03:15:00
2026-04-02,FC001,SNK-CHC-002,15,30,2026-04-16 03:15:00
2026-04-02,FC001,SNK-BSC-003,7,30,2026-04-16 03:15:00
2026-04-02,FC001,SNK-NUT-004,73,30,2026-04-16 03:15:00
2026-04-02,FC002,FRS-MLK-001,19,30,2026-04-16 03:15:00
2026-04-02,FC002,FRS-YGT-002,28,30,2026-04-16 03:15:00
2026-04-02,FC002,FRS-CHD-003,141,30,2026-04-16 03:15:00
2026-04-02,FC002,FRS-BTR-004,78,30,2026-04-16 03:15:00
2026-04-02,FC002,BAK-BRD-001,88,30,2026-04-16 03:15:00
2026-04-02,FC002,BAK-CRS-002,24,30,2026-04-16 03:15:00
2026-04-02,FC002,BAK-SRD-003,120,30,2026-04-16 03:15:00
2026-04-02,FC002,BAK-BGL-004,37,30,2026-04-16 03:15:00
2026-04-02,FC002,PRD-BAN-001,50,30,2026-04-16 03:15:00
2026-04-02,FC002,PRD-TOM-002,115,30,2026-04-16 03:15:00
2026-04-02,FC002,PRD-BRC-003,26,30,2026-04-16 03:15:00
2026-04-02,FC002,PRD-APL-004,26,30,2026-04-16 03:15:00
2026-04-02,FC002,BEV-COL-001,0,30,2026-04-16 03:15:00
2026-04-02,FC002,BEV-OJU-002,33,30,2026-04-16 03:15:00
2026-04-02,FC002,BEV-WAT-003,105,30,2026-04-16 03:15:00
2026-04-02,FC002,BEV-BER-004,93,30,2026-04-16 03:15:00
2026-04-02,FC002,FRZ-PIZ-001,21,30,2026-04-16 03:15:00
2026-04-02,FC002,FRZ-ICE-002,101,30,2026-04-16 03:15:00
2026-04-02,FC002,FRZ-FRI-003,32,30,2026-04-16 03:15:00
2026-04-02,FC002,FRZ-PEA-004,30,30,2026-04-16 03:15:00
2026-04-02,FC002,SNK-CHP-001,77,30,2026-04-16 03:15:00
2026-04-02,FC002,SNK-CHC-002,45,30,2026-04-16 03:15:00
2026-04-02,FC002,SNK-BSC-003,0,30,2026-04-16 03:15:00
2026-04-02,FC002,SNK-NUT-004,77,30,2026-04-16 03:15:00
2026-04-02,FC003,FRS-MLK-001,8,30,2026-04-16 03:15:00
2026-04-02,FC003,FRS-YGT-002,43,30,2026-04-16 03:15:00
2026-04-02,FC003,FRS-CHD-003,101,30,2026-04-16 03:15:00
2026-04-02,FC003,FRS-BTR-004,43,30,2026-04-16 03:15:00
2026-04-02,FC003,BAK-BRD-001,9,30,2026-04-16 03:15:00
2026-04-02,FC003,BAK-CRS-002,60,30,2026-04-16 03:15:00
2026-04-02,FC003,BAK-SRD-003,25,30,2026-04-16 03:15:00
2026-04-02,FC003,BAK-BGL-004,81,30,2026-04-16 03:15:00
2026-04-02,FC003,PRD-BAN-001,84,30,2026-04-16 03:15:00
2026-04-02,FC003,PRD-TOM-002,107,30,2026-04-16 03:15:00
2026-04-02,FC003,PRD-BRC-003,95,30,2026-04-16 03:15:00
2026-04-02,FC003,PRD-APL-004,16,30,2026-04-16 03:15:00
2026-04-02,FC003,BEV-COL-001,82,30,2026-04-16 03:15:00
2026-04-02,FC003,BEV-OJU-002,42,30,2026-04-16 03:15:00
2026-04-02,FC003,BEV-WAT-003,56,30,2026-04-16 03:15:00
2026-04-02,FC003,BEV-BER-004,58,30,2026-04-16 03:15:00
2026-04-02,FC003,FRZ-PIZ-001,9,30,2026-04-16 03:15:00
2026-04-02,FC003,FRZ-ICE-002,90,30,2026-04-16 03:15:00
2026-04-02,FC003,FRZ-FRI-003,96,30,2026-04-16 03:15:00
2026-04-02,FC003,FRZ-PEA-004,51,30,2026-04-16 03:15:00
2026-04-02,FC003,SNK-CHP-001,145,30,2026-04-16 03:15:00
2026-04-02,FC003,SNK-CHC-002,85,30,2026-04-16 03:15:00
2026-04-02,FC003,SNK-BSC-003,57,30,2026-04-16 03:15:00
2026-04-02,FC003,SNK-NUT-004,77,30,2026-04-16 03:15:00
2026-04-02,FC004,FRS-MLK-001,47,15,2026-04-16 03:15:00
2026-04-02,FC004,FRS-YGT-002,76,15,2026-04-16 03:15:00
2026-04-02,FC004,FRS-CHD-003,104,15,2026-04-16 03:15:00
2026-04-02,FC004,FRS-BTR-004,28,15,2026-04-16 03:15:00
2026-04-02,FC004,BAK-BRD-001,110,15,2026-04-16 03:15:00
2026-04-02,FC004,BAK-CRS-002,63,15,2026-04-16 03:15:00
2026-04-02,FC004,BAK-SRD-003,94,15,2026-04-16 03:15:00
2026-04-02,FC004,BAK-BGL-004,58,15,2026-04-16 03:15:00
2026-04-02,FC004,PRD-BAN-001,56,15,2026-04-16 03:15:00
2026-04-02,FC004,PRD-TOM-002,69,15,2026-04-16 03:15:00
2026-04-02,FC004,PRD-BRC-003,101,15,2026-04-16 03:15:00
2026-04-02,FC004,PRD-APL-004,126,15,2026-04-16 03:15:00
2026-04-02,FC004,BEV-COL-001,67,15,2026-04-16 03:15:00
2026-04-02,FC004,BEV-OJU-002,103,15,2026-04-16 03:15:00
2026-04-02,FC004,BEV-WAT-003,92,15,2026-04-16 03:15:00
2026-04-02,FC004,BEV-BER-004,78,15,2026-04-16 03:15:00
2026-04-02,FC004,FRZ-PIZ-001,28,15,2026-04-16 03:15:00
2026-04-02,FC004,FRZ-ICE-002,103,15,2026-04-16 03:15:00
2026-04-02,FC004,FRZ-FRI-003,61,15,2026-04-16 03:15:00
2026-04-02,FC004,FRZ-PEA-004,24,15,2026-04-16 03:15:00
2026-04-02,FC004,SNK-CHP-001,122,15,2026-04-16 03:15:00
2026-04-02,FC004,SNK-CHC-002,74,15,2026-04-16 03:15:00
2026-04-02,FC004,SNK-BSC-003,68,15,2026-04-16 03:15:00
2026-04-02,FC004,SNK-NUT-004,151,15,2026-04-16 03:15:00
2026-04-02,FC005,FRS-MLK-001,91,30,2026-04-16 03:15:00
2026-04-02,FC005,FRS-YGT-002,47,30,2026-04-16 03:15:00
2026-04-02,FC005,FRS-CHD-003,61,30,2026-04-16 03:15:00
2026-04-02,FC005,FRS-BTR-004,74,30,2026-04-16 03:15:00
2026-04-02,FC005,BAK-BRD-001,91,30,2026-04-16 03:15:00
2026-04-02,FC005,BAK-CRS-002,120,30,2026-04-16 03:15:00
2026-04-02,FC005,BAK-SRD-003,66,30,2026-04-16 03:15:00
2026-04-02,FC005,BAK-BGL-004,72,30,2026-04-16 03:15:00
2026-04-02,FC005,PRD-BAN-001,40,30,2026-04-16 03:15:00
2026-04-02,FC005,PRD-TOM-002,33,30,2026-04-16 03:15:00
2026-04-02,FC005,PRD-BRC-003,0,30,2026-04-16 03:15:00
2026-04-02,FC005,PRD-APL-004,58,30,2026-04-16 03:15:00
2026-04-02,FC005,BEV-COL-001,53,30,2026-04-16 03:15:00
2026-04-02,FC005,BEV-OJU-002,67,30,2026-04-16 03:15:00
2026-04-02,FC005,BEV-WAT-003,37,30,2026-04-16 03:15:00
2026-04-02,FC005,BEV-BER-004,80,30,2026-04-16 03:15:00
2026-04-02,FC005,FRZ-PIZ-001,37,30,2026-04-16 03:15:00
2026-04-02,FC005,FRZ-ICE-002,32,30,2026-04-16 03:15:00
2026-04-02,FC005,FRZ-FRI-003,76,30,2026-04-16 03:15:00
2026-04-02,FC005,FRZ-PEA-004,62,30,2026-04-16 03:15:00
2026-04-02,FC005,SNK-CHP-001,1,30,2026-04-16 03:15:00
2026-04-02,FC005,SNK-CHC-002,137,30,2026-04-16 03:15:00
2026-04-02,FC005,SNK-BSC-003,33,30,2026-04-16 03:15:00
2026-04-02,FC005,SNK-NUT-004,53,30,2026-04-16 03:15:00
2026-04-02,FC006,FRS-MLK-001,97,30,2026-04-16 03:15:00
2026-04-02,FC006,FRS-YGT-002,155,30,2026-04-16 03:15:00
2026-04-02,FC006,FRS-CHD-003,13,30,2026-04-16 03:15:00
2026-04-02,FC006,FRS-BTR-004,114,30,2026-04-16 03:15:00
2026-04-02,FC006,BAK-BRD-001,136,30,2026-04-16 03:15:00
2026-04-02,FC006,BAK-CRS-002,85,30,2026-04-16 03:15:00
2026-04-02,FC006,BAK-SRD-003,72,30,2026-04-16 03:15:00
2026-04-02,FC006,BAK-BGL-004,48,30,2026-04-16 03:15:00
2026-04-02,FC006,PRD-BAN-001,67,30,2026-04-16 03:15:00
2026-04-02,FC006,PRD-TOM-002,93,30,2026-04-16 03:15:00
2026-04-02,FC006,PRD-BRC-003,44,30,2026-04-16 03:15:00
2026-04-02,FC006,PRD-APL-004,10,30,2026-04-16 03:15:00
2026-04-02,FC006,BEV-COL-001,0,30,2026-04-16 03:15:00
2026-04-02,FC006,BEV-OJU-002,75,30,2026-04-16 03:15:00
2026-04-02,FC006,BEV-WAT-003,42,30,2026-04-16 03:15:00
2026-04-02,FC006,BEV-BER-004,106,30,2026-04-16 03:15:00
2026-04-02,FC006,FRZ-PIZ-001,78,30,2026-04-16 03:15:00
2026-04-02,FC006,FRZ-ICE-002,36,30,2026-04-16 03:15:00
2026-04-02,FC006,FRZ-FRI-003,93,30,2026-04-16 03:15:00
2026-04-02,FC006,FRZ-PEA-004,135,30,2026-04-16 03:15:00
2026-04-02,FC006,SNK-CHP-001,94,30,2026-04-16 03:15:00
2026-04-02,FC006,SNK-CHC-002,43,30,2026-04-16 03:15:00
2026-04-02,FC006,SNK-BSC-003,32,30,2026-04-16 03:15:00
2026-04-02,FC006,SNK-NUT-004,130,30,2026-04-16 03:15:00
2026-04-02,FC007,FRS-MLK-001,69,15,2026-04-16 03:15:00
2026-04-02,FC007,FRS-YGT-002,51,15,2026-04-16 03:15:00
2026-04-02,FC007,FRS-CHD-003,23,15,2026-04-16 03:15:00
2026-04-02,FC007,FRS-BTR-004,29,15,2026-04-16 03:15:00
2026-04-02,FC007,BAK-BRD-001,82,15,2026-04-16 03:15:00
2026-04-02,FC007,BAK-CRS-002,111,15,2026-04-16 03:15:00
2026-04-02,FC007,BAK-SRD-003,50,15,2026-04-16 03:15:00
2026-04-02,FC007,BAK-BGL-004,92,15,2026-04-16 03:15:00
2026-04-02,FC007,PRD-BAN-001,53,15,2026-04-16 03:15:00
2026-04-02,FC007,PRD-TOM-002,31,15,2026-04-16 03:15:00
2026-04-02,FC007,PRD-BRC-003,65,15,2026-04-16 03:15:00
2026-04-02,FC007,PRD-APL-004,33,15,2026-04-16 03:15:00
2026-04-02,FC007,BEV-COL-001,153,15,2026-04-16 03:15:00
2026-04-02,FC007,BEV-OJU-002,42,15,2026-04-16 03:15:00
2026-04-02,FC007,BEV-WAT-003,59,15,2026-04-16 03:15:00
2026-04-02,FC007,BEV-BER-004,103,15,2026-04-16 03:15:00
2026-04-02,FC007,FRZ-PIZ-001,38,15,2026-04-16 03:15:00
2026-04-02,FC007,FRZ-ICE-002,107,15,2026-04-16 03:15:00
2026-04-02,FC007,FRZ-FRI-003,165,15,2026-04-16 03:15:00
2026-04-02,FC007,FRZ-PEA-004,75,15,2026-04-16 03:15:00
2026-04-02,FC007,SNK-CHP-001,119,15,2026-04-16 03:15:00
2026-04-02,FC007,SNK-CHC-002,26,15,2026-04-16 03:15:00
2026-04-02,FC007,SNK-BSC-003,58,15,2026-04-16 03:15:00
2026-04-02,FC007,SNK-NUT-004,120,15,2026-04-16 03:15:00
2026-04-02,FC008,FRS-MLK-001,51,15,2026-04-16 03:15:00
2026-04-02,FC008,FRS-YGT-002,54,15,2026-04-16 03:15:00
2026-04-02,FC008,FRS-CHD-003,85,15,2026-04-16 03:15:00
2026-04-02,FC008,FRS-BTR-004,102,15,2026-04-16 03:15:00
2026-04-02,FC008,BAK-BRD-001,76,15,2026-04-16 03:15:00
2026-04-02,FC008,BAK-CRS-002,105,15,2026-04-16 03:15:00
2026-04-02,FC008,BAK-SRD-003,43,15,2026-04-16 03:15:00
2026-04-02,FC008,BAK-BGL-004,89,15,2026-04-16 03:15:00
2026-04-02,FC008,PRD-BAN-001,87,15,2026-04-16 03:15:00
2026-04-02,FC008,PRD-TOM-002,54,15,2026-04-16 03:15:00
2026-04-02,FC008,PRD-BRC-003,121,15,2026-04-16 03:15:00
2026-04-02,FC008,PRD-APL-004,57,15,2026-04-16 03:15:00
2026-04-02,FC008,BEV-COL-001,61,15,2026-04-16 03:15:00
2026-04-02,FC008,BEV-OJU-002,43,15,2026-04-16 03:15:00
2026-04-02,FC008,BEV-WAT-003,86,15,2026-04-16 03:15:00
2026-04-02,FC008,BEV-BER-004,116,15,2026-04-16 03:15:00
2026-04-02,FC008,FRZ-PIZ-001,85,15,2026-04-16 03:15:00
2026-04-02,FC008,FRZ-ICE-002,69,15,2026-04-16 03:15:00
2026-04-02,FC008,FRZ-FRI-003,87,15,2026-04-16 03:15:00
2026-04-02,FC008,FRZ-PEA-004,108,15,2026-04-16 03:15:00
2026-04-02,FC008,SNK-CHP-001,54,15,2026-04-16 03:15:00
2026-04-02,FC008,SNK-CHC-002,74,15,2026-04-16 03:15:00
2026-04-02,FC008,SNK-BSC-003,104,15,2026-04-16 03:15:00
2026-04-02,FC008,SNK-NUT-004,123,15,2026-04-16 03:15:00
2026-04-03,FC001,FRS-MLK-001,45,30,2026-04-16 03:15:00
2026-04-03,FC001,FRS-YGT-002,95,30,2026-04-16 03:15:00
2026-04-03,FC001,FRS-CHD-003,78,30,2026-04-16 03:15:00
2026-04-03,FC001,FRS-BTR-004,39,30,2026-04-16 03:15:00
2026-04-03,FC001,BAK-BRD-001,90,30,2026-04-16 03:15:00
2026-04-03,FC001,BAK-CRS-002,84,30,2026-04-16 03:15:00
2026-04-03,FC001,BAK-SRD-003,89,30,2026-04-16 03:15:00
2026-04-03,FC001,BAK-BGL-004,48,30,2026-04-16 03:15:00
2026-04-03,FC001,PRD-BAN-001,106,30,2026-04-16 03:15:00
2026-04-03,FC001,PRD-TOM-002,67,30,2026-04-16 03:15:00
2026-04-03,FC001,PRD-BRC-003,30,30,2026-04-16 03:15:00
2026-04-03,FC001,PRD-APL-004,60,30,2026-04-16 03:15:00
2026-04-03,FC001,BEV-COL-001,0,30,2026-04-16 03:15:00
2026-04-03,FC001,BEV-OJU-002,86,30,2026-04-16 03:15:00
2026-04-03,FC001,BEV-WAT-003,146,30,2026-04-16 03:15:00
2026-04-03,FC001,BEV-BER-004,74,30,2026-04-16 03:15:00
2026-04-03,FC001,FRZ-PIZ-001,78,30,2026-04-16 03:15:00
2026-04-03,FC001,FRZ-ICE-002,78,30,2026-04-16 03:15:00
2026-04-03,FC001,FRZ-FRI-003,55,30,2026-04-16 03:15:00
2026-04-03,FC001,FRZ-PEA-004,51,30,2026-04-16 03:15:00
2026-04-03,FC001,SNK-CHP-001,96,30,2026-04-16 03:15:00
2026-04-03,FC001,SNK-CHC-002,110,30,2026-04-16 03:15:00
2026-04-03,FC001,SNK-BSC-003,0,30,2026-04-16 03:15:00
2026-04-03,FC001,SNK-NUT-004,63,30,2026-04-16 03:15:00
2026-04-03,FC002,FRS-MLK-001,123,30,2026-04-16 03:15:00
2026-04-03,FC002,FRS-YGT-002,145,30,2026-04-16 03:15:00
2026-04-03,FC002,FRS-CHD-003,128,30,2026-04-16 03:15:00
2026-04-03,FC002,FRS-BTR-004,61,30,2026-04-16 03:15:00
2026-04-03,FC002,BAK-BRD-001,84,30,2026-04-16 03:15:00
2026-04-03,FC002,BAK-CRS-002,18,30,2026-04-16 03:15:00
2026-04-03,FC002,BAK-SRD-003,118,30,2026-04-16 03:15:00
2026-04-03,FC002,BAK-BGL-004,22,30,2026-04-16 03:15:00
2026-04-03,FC002,PRD-BAN-001,36,30,2026-04-16 03:15:00
2026-04-03,FC002,PRD-TOM-002,99,30,2026-04-16 03:15:00
2026-04-03,FC002,PRD-BRC-003,144,30,2026-04-16 03:15:00
2026-04-03,FC002,PRD-APL-004,173,30,2026-04-16 03:15:00
2026-04-03,FC002,BEV-COL-001,0,30,2026-04-16 03:15:00
2026-04-03,FC002,BEV-OJU-002,85,30,2026-04-16 03:15:00
2026-04-03,FC002,BEV-WAT-003,90,30,2026-04-16 03:15:00
2026-04-03,FC002,BEV-BER-004,83,30,2026-04-16 03:15:00
2026-04-03,FC002,FRZ-PIZ-001,4,30,2026-04-16 03:15:00
2026-04-03,FC002,FRZ-ICE-002,89,30,2026-04-16 03:15:00
2026-04-03,FC002,FRZ-FRI-003,30,30,2026-04-16 03:15:00
2026-04-03,FC002,FRZ-PEA-004,17,30,2026-04-16 03:15:00
2026-04-03,FC002,SNK-CHP-001,73,30,2026-04-16 03:15:00
2026-04-03,FC002,SNK-CHC-002,39,30,2026-04-16 03:15:00
2026-04-03,FC002,SNK-BSC-003,0,30,2026-04-16 03:15:00
2026-04-03,FC002,SNK-NUT-004,58,30,2026-04-16 03:15:00
2026-04-03,FC003,FRS-MLK-001,142,30,2026-04-16 03:15:00
2026-04-03,FC003,FRS-YGT-002,31,30,2026-04-16 03:15:00
2026-04-03,FC003,FRS-CHD-003,94,30,2026-04-16 03:15:00
2026-04-03,FC003,FRS-BTR-004,32,30,2026-04-16 03:15:00
2026-04-03,FC003,BAK-BRD-001,102,30,2026-04-16 03:15:00
2026-04-03,FC003,BAK-CRS-002,54,30,2026-04-16 03:15:00
2026-04-03,FC003,BAK-SRD-003,135,30,2026-04-16 03:15:00
2026-04-03,FC003,BAK-BGL-004,72,30,2026-04-16 03:15:00
2026-04-03,FC003,PRD-BAN-001,67,30,2026-04-16 03:15:00
2026-04-03,FC003,PRD-TOM-002,96,30,2026-04-16 03:15:00
2026-04-03,FC003,PRD-BRC-003,92,30,2026-04-16 03:15:00
2026-04-03,FC003,PRD-APL-004,71,30,2026-04-16 03:15:00
2026-04-03,FC003,BEV-COL-001,78,30,2026-04-16 03:15:00
2026-04-03,FC003,BEV-OJU-002,36,30,2026-04-16 03:15:00
2026-04-03,FC003,BEV-WAT-003,41,30,2026-04-16 03:15:00
2026-04-03,FC003,BEV-BER-004,43,30,2026-04-16 03:15:00
2026-04-03,FC003,FRZ-PIZ-001,133,30,2026-04-16 03:15:00
2026-04-03,FC003,FRZ-ICE-002,75,30,2026-04-16 03:15:00
2026-04-03,FC003,FRZ-FRI-003,90,30,2026-04-16 03:15:00
2026-04-03,FC003,FRZ-PEA-004,38,30,2026-04-16 03:15:00
2026-04-03,FC003,SNK-CHP-001,138,30,2026-04-16 03:15:00
2026-04-03,FC003,SNK-CHC-002,79,30,2026-04-16 03:15:00
2026-04-03,FC003,SNK-BSC-003,52,30,2026-04-16 03:15:00
2026-04-03,FC003,SNK-NUT-004,72,30,2026-04-16 03:15:00
2026-04-03,FC004,FRS-MLK-001,43,15,2026-04-16 03:15:00
2026-04-03,FC004,FRS-YGT-002,66,15,2026-04-16 03:15:00
2026-04-03,FC004,FRS-CHD-003,101,15,2026-04-16 03:15:00
2026-04-03,FC004,FRS-BTR-004,80,15,2026-04-16 03:15:00
2026-04-03,FC004,BAK-BRD-001,103,15,2026-04-16 03:15:00
2026-04-03,FC004,BAK-CRS-002,60,15,2026-04-16 03:15:00
2026-04-03,FC004,BAK-SRD-003,84,15,2026-04-16 03:15:00
2026-04-03,FC004,BAK-BGL-004,49,15,2026-04-16 03:15:00
2026-04-03,FC004,PRD-BAN-001,50,15,2026-04-16 03:15:00
2026-04-03,FC004,PRD-TOM-002,67,15,2026-04-16 03:15:00
2026-04-03,FC004,PRD-BRC-003,93,15,2026-04-16 03:15:00
2026-04-03,FC004,PRD-APL-004,125,15,2026-04-16 03:15:00
2026-04-03,FC004,BEV-COL-001,61,15,2026-04-16 03:15:00
2026-04-03,FC004,BEV-OJU-002,94,15,2026-04-16 03:15:00
2026-04-03,FC004,BEV-WAT-003,83,15,2026-04-16 03:15:00
2026-04-03,FC004,BEV-BER-004,75,15,2026-04-16 03:15:00
2026-04-03,FC004,FRZ-PIZ-001,27,15,2026-04-16 03:15:00
2026-04-03,FC004,FRZ-ICE-002,100,15,2026-04-16 03:15:00
2026-04-03,FC004,FRZ-FRI-003,51,15,2026-04-16 03:15:00
2026-04-03,FC004,FRZ-PEA-004,22,15,2026-04-16 03:15:00
2026-04-03,FC004,SNK-CHP-001,120,15,2026-04-16 03:15:00
2026-04-03,FC004,SNK-CHC-002,73,15,2026-04-16 03:15:00
2026-04-03,FC004,SNK-BSC-003,64,15,2026-04-16 03:15:00
2026-04-03,FC004,SNK-NUT-004,149,15,2026-04-16 03:15:00
2026-04-03,FC005,FRS-MLK-001,72,30,2026-04-16 03:15:00
2026-04-03,FC005,FRS-YGT-002,33,30,2026-04-16 03:15:00
2026-04-03,FC005,FRS-CHD-003,52,30,2026-04-16 03:15:00
2026-04-03,FC005,FRS-BTR-004,57,30,2026-04-16 03:15:00
2026-04-03,FC005,BAK-BRD-001,79,30,2026-04-16 03:15:00
2026-04-03,FC005,BAK-CRS-002,108,30,2026-04-16 03:15:00
2026-04-03,FC005,BAK-SRD-003,59,30,2026-04-16 03:15:00
2026-04-03,FC005,BAK-BGL-004,62,30,2026-04-16 03:15:00
2026-04-03,FC005,PRD-BAN-001,36,30,2026-04-16 03:15:00
2026-04-03,FC005,PRD-TOM-002,73,30,2026-04-16 03:15:00
2026-04-03,FC005,PRD-BRC-003,132,30,2026-04-16 03:15:00
2026-04-03,FC005,PRD-APL-004,51,30,2026-04-16 03:15:00
2026-04-03,FC005,BEV-COL-001,42,30,2026-04-16 03:15:00
2026-04-03,FC005,BEV-OJU-002,49,30,2026-04-16 03:15:00
2026-04-03,FC005,BEV-WAT-003,68,30,2026-04-16 03:15:00
2026-04-03,FC005,BEV-BER-004,70,30,2026-04-16 03:15:00
2026-04-03,FC005,FRZ-PIZ-001,27,30,2026-04-16 03:15:00
2026-04-03,FC005,FRZ-ICE-002,24,30,2026-04-16 03:15:00
2026-04-03,FC005,FRZ-FRI-003,60,30,2026-04-16 03:15:00
2026-04-03,FC005,FRZ-PEA-004,43,30,2026-04-16 03:15:00
2026-04-03,FC005,SNK-CHP-001,0,30,2026-04-16 03:15:00
2026-04-03,FC005,SNK-CHC-002,133,30,2026-04-16 03:15:00
2026-04-03,FC005,SNK-BSC-003,108,30,2026-04-16 03:15:00
2026-04-03,FC005,SNK-NUT-004,47,30,2026-04-16 03:15:00
2026-04-03,FC006,FRS-MLK-001,95,30,2026-04-16 03:15:00
2026-04-03,FC006,FRS-YGT-002,141,30,2026-04-16 03:15:00
2026-04-03,FC006,FRS-CHD-003,100,30,2026-04-16 03:15:00
2026-04-03,FC006,FRS-BTR-004,101,30,2026-04-16 03:15:00
2026-04-03,FC006,BAK-BRD-001,126,30,2026-04-16 03:15:00
2026-04-03,FC006,BAK-CRS-002,65,30,2026-04-16 03:15:00
2026-04-03,FC006,BAK-SRD-003,68,30,2026-04-16 03:15:00
2026-04-03,FC006,BAK-BGL-004,33,30,2026-04-16 03:15:00
2026-04-03,FC006,PRD-BAN-001,65,30,2026-04-16 03:15:00
2026-04-03,FC006,PRD-TOM-002,89,30,2026-04-16 03:15:00
2026-04-03,FC006,PRD-BRC-003,40,30,2026-04-16 03:15:00
2026-04-03,FC006,PRD-APL-004,82,30,2026-04-16 03:15:00
2026-04-03,FC006,BEV-COL-001,0,30,2026-04-16 03:15:00
2026-04-03,FC006,BEV-OJU-002,57,30,2026-04-16 03:15:00
2026-04-03,FC006,BEV-WAT-003,22,30,2026-04-16 03:15:00
2026-04-03,FC006,BEV-BER-004,92,30,2026-04-16 03:15:00
2026-04-03,FC006,FRZ-PIZ-001,73,30,2026-04-16 03:15:00
2026-04-03,FC006,FRZ-ICE-002,30,30,2026-04-16 03:15:00
2026-04-03,FC006,FRZ-FRI-003,82,30,2026-04-16 03:15:00
2026-04-03,FC006,FRZ-PEA-004,125,30,2026-04-16 03:15:00
2026-04-03,FC006,SNK-CHP-001,85,30,2026-04-16 03:15:00
2026-04-03,FC006,SNK-CHC-002,82,30,2026-04-16 03:15:00
2026-04-03,FC006,SNK-BSC-003,28,30,2026-04-16 03:15:00
2026-04-03,FC006,SNK-NUT-004,120,30,2026-04-16 03:15:00
2026-04-03,FC007,FRS-MLK-001,64,15,2026-04-16 03:15:00
2026-04-03,FC007,FRS-YGT-002,46,15,2026-04-16 03:15:00
2026-04-03,FC007,FRS-CHD-003,102,15,2026-04-16 03:15:00
2026-04-03,FC007,FRS-BTR-004,151,15,2026-04-16 03:15:00
2026-04-03,FC007,BAK-BRD-001,79,15,2026-04-16 03:15:00
2026-04-03,FC007,BAK-CRS-002,107,15,2026-04-16 03:15:00
2026-04-03,FC007,BAK-SRD-003,45,15,2026-04-16 03:15:00
2026-04-03,FC007,BAK-BGL-004,85,15,2026-04-16 03:15:00
2026-04-03,FC007,PRD-BAN-001,46,15,2026-04-16 03:15:00
2026-04-03,FC007,PRD-TOM-002,23,15,2026-04-16 03:15:00
2026-04-03,FC007,PRD-BRC-003,59,15,2026-04-16 03:15:00
2026-04-03,FC007,PRD-APL-004,24,15,2026-04-16 03:15:00
2026-04-03,FC007,BEV-COL-001,150,15,2026-04-16 03:15:00
2026-04-03,FC007,BEV-OJU-002,35,15,2026-04-16 03:15:00
2026-04-03,FC007,BEV-WAT-003,50,15,2026-04-16 03:15:00
2026-04-03,FC007,BEV-BER-004,98,15,2026-04-16 03:15:00
2026-04-03,FC007,FRZ-PIZ-001,29,15,2026-04-16 03:15:00
2026-04-03,FC007,FRZ-ICE-002,98,15,2026-04-16 03:15:00
2026-04-03,FC007,FRZ-FRI-003,162,15,2026-04-16 03:15:00
2026-04-03,FC007,FRZ-PEA-004,67,15,2026-04-16 03:15:00
2026-04-03,FC007,SNK-CHP-001,116,15,2026-04-16 03:15:00
2026-04-03,FC007,SNK-CHC-002,22,15,2026-04-16 03:15:00
2026-04-03,FC007,SNK-BSC-003,56,15,2026-04-16 03:15:00
2026-04-03,FC007,SNK-NUT-004,114,15,2026-04-16 03:15:00
2026-04-03,FC008,FRS-MLK-001,43,15,2026-04-16 03:15:00
2026-04-03,FC008,FRS-YGT-002,38,15,2026-04-16 03:15:00
2026-04-03,FC008,FRS-CHD-003,72,15,2026-04-16 03:15:00
2026-04-03,FC008,FRS-BTR-004,83,15,2026-04-16 03:15:00
2026-04-03,FC008,BAK-BRD-001,58,15,2026-04-16 03:15:00
2026-04-03,FC008,BAK-CRS-002,88,15,2026-04-16 03:15:00
2026-04-03,FC008,BAK-SRD-003,39,15,2026-04-16 03:15:00
2026-04-03,FC008,BAK-BGL-004,81,15,2026-04-16 03:15:00
2026-04-03,FC008,PRD-BAN-001,83,15,2026-04-16 03:15:00
2026-04-03,FC008,PRD-TOM-002,35,15,2026-04-16 03:15:00
2026-04-03,FC008,PRD-BRC-003,114,15,2026-04-16 03:15:00
2026-04-03,FC008,PRD-APL-004,50,15,2026-04-16 03:15:00
2026-04-03,FC008,BEV-COL-001,55,15,2026-04-16 03:15:00
2026-04-03,FC008,BEV-OJU-002,37,15,2026-04-16 03:15:00
2026-04-03,FC008,BEV-WAT-003,78,15,2026-04-16 03:15:00
2026-04-03,FC008,BEV-BER-004,109,15,2026-04-16 03:15:00
2026-04-03,FC008,FRZ-PIZ-001,70,15,2026-04-16 03:15:00
2026-04-03,FC008,FRZ-ICE-002,60,15,2026-04-16 03:15:00
2026-04-03,FC008,FRZ-FRI-003,75,15,2026-04-16 03:15:00
2026-04-03,FC008,FRZ-PEA-004,99,15,2026-04-16 03:15:00
2026-04-03,FC008,SNK-CHP-001,41,15,2026-04-16 03:15:00
2026-04-03,FC008,SNK-CHC-002,67,15,2026-04-16 03:15:00
2026-04-03,FC008,SNK-BSC-003,90,15,2026-04-16 03:15:00
2026-04-03,FC008,SNK-NUT-004,110,15,2026-04-16 03:15:00
2026-04-04,FC001,FRS-MLK-001,166,30,2026-04-16 03:15:00
2026-04-04,FC001,FRS-YGT-002,78,30,2026-04-16 03:15:00
2026-04-04,FC001,FRS-CHD-003,54,30,2026-04-16 03:15:00
2026-04-04,FC001,FRS-BTR-004,12,30,2026-04-16 03:15:00
2026-04-04,FC001,BAK-BRD-001,65,30,2026-04-16 03:15:00
2026-04-04,FC001,BAK-CRS-002,64,30,2026-04-16 03:15:00
2026-04-04,FC001,BAK-SRD-003,70,30,2026-04-16 03:15:00
2026-04-04,FC001,BAK-BGL-004,44,30,2026-04-16 03:15:00
2026-04-04,FC001,PRD-BAN-001,96,30,2026-04-16 03:15:00
2026-04-04,FC001,PRD-TOM-002,48,30,2026-04-16 03:15:00
2026-04-04,FC001,PRD-BRC-003,88,30,2026-04-16 03:15:00
2026-04-04,FC001,PRD-APL-004,53,30,2026-04-16 03:15:00
2026-04-04,FC001,BEV-COL-001,64,30,2026-04-16 03:15:00
2026-04-04,FC001,BEV-OJU-002,82,30,2026-04-16 03:15:00
2026-04-04,FC001,BEV-WAT-003,136,30,2026-04-16 03:15:00
2026-04-04,FC001,BEV-BER-004,47,30,2026-04-16 03:15:00
2026-04-04,FC001,FRZ-PIZ-001,71,30,2026-04-16 03:15:00
2026-04-04,FC001,FRZ-ICE-002,52,30,2026-04-16 03:15:00
2026-04-04,FC001,FRZ-FRI-003,39,30,2026-04-16 03:15:00
2026-04-04,FC001,FRZ-PEA-004,39,30,2026-04-16 03:15:00
2026-04-04,FC001,SNK-CHP-001,92,30,2026-04-16 03:15:00
2026-04-04,FC001,SNK-CHC-002,83,30,2026-04-16 03:15:00
2026-04-04,FC001,SNK-BSC-003,0,30,2026-04-16 03:15:00
2026-04-04,FC001,SNK-NUT-004,58,30,2026-04-16 03:15:00
2026-04-04,FC002,FRS-MLK-001,101,30,2026-04-16 03:15:00
2026-04-04,FC002,FRS-YGT-002,129,30,2026-04-16 03:15:00
2026-04-04,FC002,FRS-CHD-003,102,30,2026-04-16 03:15:00
2026-04-04,FC002,FRS-BTR-004,50,30,2026-04-16 03:15:00
2026-04-04,FC002,BAK-BRD-001,78,30,2026-04-16 03:15:00
2026-04-04,FC002,BAK-CRS-002,10,30,2026-04-16 03:15:00
2026-04-04,FC002,BAK-SRD-003,107,30,2026-04-16 03:15:00
2026-04-04,FC002,BAK-BGL-004,0,30,2026-04-16 03:15:00
2026-04-04,FC002,PRD-BAN-001,94,30,2026-04-16 03:15:00
2026-04-04,FC002,PRD-TOM-002,94,30,2026-04-16 03:15:00
2026-04-04,FC002,PRD-BRC-003,114,30,2026-04-16 03:15:00
2026-04-04,FC002,PRD-APL-004,144,30,2026-04-16 03:15:00
2026-04-04,FC002,BEV-COL-001,87,30,2026-04-16 03:15:00
2026-04-04,FC002,BEV-OJU-002,55,30,2026-04-16 03:15:00
2026-04-04,FC002,BEV-WAT-003,86,30,2026-04-16 03:15:00
2026-04-04,FC002,BEV-BER-004,67,30,2026-04-16 03:15:00
2026-04-04,FC002,FRZ-PIZ-001,0,30,2026-04-16 03:15:00
2026-04-04,FC002,FRZ-ICE-002,75,30,2026-04-16 03:15:00
2026-04-04,FC002,FRZ-FRI-003,145,30,2026-04-16 03:15:00
2026-04-04,FC002,FRZ-PEA-004,6,30,2026-04-16 03:15:00
2026-04-04,FC002,SNK-CHP-001,69,30,2026-04-16 03:15:00
2026-04-04,FC002,SNK-CHC-002,35,30,2026-04-16 03:15:00
2026-04-04,FC002,SNK-BSC-003,0,30,2026-04-16 03:15:00
2026-04-04,FC002,SNK-NUT-004,47,30,2026-04-16 03:15:00
2026-04-04,FC003,FRS-MLK-001,127,30,2026-04-16 03:15:00
2026-04-04,FC003,FRS-YGT-002,9,30,2026-04-16 03:15:00
2026-04-04,FC003,FRS-CHD-003,71,30,2026-04-16 03:15:00
2026-04-04,FC003,FRS-BTR-004,121,30,2026-04-16 03:15:00
2026-04-04,FC003,BAK-BRD-001,96,30,2026-04-16 03:15:00
2026-04-04,FC003,BAK-CRS-002,38,30,2026-04-16 03:15:00
2026-04-04,FC003,BAK-SRD-003,126,30,2026-04-16 03:15:00
2026-04-04,FC003,BAK-BGL-004,45,30,2026-04-16 03:15:00
2026-04-04,FC003,PRD-BAN-001,59,30,2026-04-16 03:15:00
2026-04-04,FC003,PRD-TOM-002,84,30,2026-04-16 03:15:00
2026-04-04,FC003,PRD-BRC-003,87,30,2026-04-16 03:15:00
2026-04-04,FC003,PRD-APL-004,55,30,2026-04-16 03:15:00
2026-04-04,FC003,BEV-COL-001,50,30,2026-04-16 03:15:00
2026-04-04,FC003,BEV-OJU-002,156,30,2026-04-16 03:15:00
2026-04-04,FC003,BEV-WAT-003,24,30,2026-04-16 03:15:00
2026-04-04,FC003,BEV-BER-004,19,30,2026-04-16 03:15:00
2026-04-04,FC003,FRZ-PIZ-001,104,30,2026-04-16 03:15:00
2026-04-04,FC003,FRZ-ICE-002,58,30,2026-04-16 03:15:00
2026-04-04,FC003,FRZ-FRI-003,75,30,2026-04-16 03:15:00
2026-04-04,FC003,FRZ-PEA-004,19,30,2026-04-16 03:15:00
2026-04-04,FC003,SNK-CHP-001,127,30,2026-04-16 03:15:00
2026-04-04,FC003,SNK-CHC-002,53,30,2026-04-16 03:15:00
2026-04-04,FC003,SNK-BSC-003,115,30,2026-04-16 03:15:00
2026-04-04,FC003,SNK-NUT-004,48,30,2026-04-16 03:15:00
2026-04-04,FC004,FRS-MLK-001,41,15,2026-04-16 03:15:00
2026-04-04,FC004,FRS-YGT-002,53,15,2026-04-16 03:15:00
2026-04-04,FC004,FRS-CHD-003,91,15,2026-04-16 03:15:00
2026-04-04,FC004,FRS-BTR-004,74,15,2026-04-16 03:15:00
2026-04-04,FC004,BAK-BRD-001,101,15,2026-04-16 03:15:00
2026-04-04,FC004,BAK-CRS-002,55,15,2026-04-16 03:15:00
2026-04-04,FC004,BAK-SRD-003,71,15,2026-04-16 03:15:00
2026-04-04,FC004,BAK-BGL-004,46,15,2026-04-16 03:15:00
2026-04-04,FC004,PRD-BAN-001,37,15,2026-04-16 03:15:00
2026-04-04,FC004,PRD-TOM-002,59,15,2026-04-16 03:15:00
2026-04-04,FC004,PRD-BRC-003,79,15,2026-04-16 03:15:00
2026-04-04,FC004,PRD-APL-004,111,15,2026-04-16 03:15:00
2026-04-04,FC004,BEV-COL-001,59,15,2026-04-16 03:15:00
2026-04-04,FC004,BEV-OJU-002,91,15,2026-04-16 03:15:00
2026-04-04,FC004,BEV-WAT-003,70,15,2026-04-16 03:15:00
2026-04-04,FC004,BEV-BER-004,62,15,2026-04-16 03:15:00
2026-04-04,FC004,FRZ-PIZ-001,131,15,2026-04-16 03:15:00
2026-04-04,FC004,FRZ-ICE-002,92,15,2026-04-16 03:15:00
2026-04-04,FC004,FRZ-FRI-003,38,15,2026-04-16 03:15:00
2026-04-04,FC004,FRZ-PEA-004,78,15,2026-04-16 03:15:00
2026-04-04,FC004,SNK-CHP-001,106,15,2026-04-16 03:15:00
2026-04-04,FC004,SNK-CHC-002,70,15,2026-04-16 03:15:00
2026-04-04,FC004,SNK-BSC-003,50,15,2026-04-16 03:15:00
2026-04-04,FC004,SNK-NUT-004,139,15,2026-04-16 03:15:00
2026-04-04,FC005,FRS-MLK-001,65,30,2026-04-16 03:15:00
2026-04-04,FC005,FRS-YGT-002,28,30,2026-04-16 03:15:00
2026-04-04,FC005,FRS-CHD-003,27,30,2026-04-16 03:15:00
2026-04-04,FC005,FRS-BTR-004,51,30,2026-04-16 03:15:00
2026-04-04,FC005,BAK-BRD-001,68,30,2026-04-16 03:15:00
2026-04-04,FC005,BAK-CRS-002,86,30,2026-04-16 03:15:00
2026-04-04,FC005,BAK-SRD-003,30,30,2026-04-16 03:15:00
2026-04-04,FC005,BAK-BGL-004,32,30,2026-04-16 03:15:00
2026-04-04,FC005,PRD-BAN-001,119,30,2026-04-16 03:15:00
2026-04-04,FC005,PRD-TOM-002,52,30,2026-04-16 03:15:00
2026-04-04,FC005,PRD-BRC-003,116,30,2026-04-16 03:15:00
2026-04-04,FC005,PRD-APL-004,37,30,2026-04-16 03:15:00
2026-04-04,FC005,BEV-COL-001,34,30,2026-04-16 03:15:00
2026-04-04,FC005,BEV-OJU-002,31,30,2026-04-16 03:15:00
2026-04-04,FC005,BEV-WAT-003,61,30,2026-04-16 03:15:00
2026-04-04,FC005,BEV-BER-004,54,30,2026-04-16 03:15:00
2026-04-04,FC005,FRZ-PIZ-001,21,30,2026-04-16 03:15:00
2026-04-04,FC005,FRZ-ICE-002,13,30,2026-04-16 03:15:00
2026-04-04,FC005,FRZ-FRI-003,54,30,2026-04-16 03:15:00
2026-04-04,FC005,FRZ-PEA-004,25,30,2026-04-16 03:15:00
2026-04-04,FC005,SNK-CHP-001,55,30,2026-04-16 03:15:00
2026-04-04,FC005,SNK-CHC-002,120,30,2026-04-16 03:15:00
2026-04-04,FC005,SNK-BSC-003,95,30,2026-04-16 03:15:00
2026-04-04,FC005,SNK-NUT-004,42,30,2026-04-16 03:15:00
2026-04-04,FC006,FRS-MLK-001,67,30,2026-04-16 03:15:00
2026-04-04,FC006,FRS-YGT-002,131,30,2026-04-16 03:15:00
2026-04-04,FC006,FRS-CHD-003,79,30,2026-04-16 03:15:00
2026-04-04,FC006,FRS-BTR-004,97,30,2026-04-16 03:15:00
2026-04-04,FC006,BAK-BRD-001,112,30,2026-04-16 03:15:00
2026-04-04,FC006,BAK-CRS-002,43,30,2026-04-16 03:15:00
2026-04-04,FC006,BAK-SRD-003,50,30,2026-04-16 03:15:00
2026-04-04,FC006,BAK-BGL-004,22,30,2026-04-16 03:15:00
2026-04-04,FC006,PRD-BAN-001,58,30,2026-04-16 03:15:00
2026-04-04,FC006,PRD-TOM-002,82,30,2026-04-16 03:15:00
2026-04-04,FC006,PRD-BRC-003,26,30,2026-04-16 03:15:00
2026-04-04,FC006,PRD-APL-004,58,30,2026-04-16 03:15:00
2026-04-04,FC006,BEV-COL-001,116,30,2026-04-16 03:15:00
2026-04-04,FC006,BEV-OJU-002,29,30,2026-04-16 03:15:00
2026-04-04,FC006,BEV-WAT-003,6,30,2026-04-16 03:15:00
2026-04-04,FC006,BEV-BER-004,63,30,2026-04-16 03:15:00
2026-04-04,FC006,FRZ-PIZ-001,64,30,2026-04-16 03:15:00
2026-04-04,FC006,FRZ-ICE-002,10,30,2026-04-16 03:15:00
2026-04-04,FC006,FRZ-FRI-003,61,30,2026-04-16 03:15:00
2026-04-04,FC006,FRZ-PEA-004,95,30,2026-04-16 03:15:00
2026-04-04,FC006,SNK-CHP-001,70,30,2026-04-16 03:15:00
2026-04-04,FC006,SNK-CHC-002,61,30,2026-04-16 03:15:00
2026-04-04,FC006,SNK-BSC-003,13,30,2026-04-16 03:15:00
2026-04-04,FC006,SNK-NUT-004,101,30,2026-04-16 03:15:00
2026-04-04,FC007,FRS-MLK-001,52,15,2026-04-16 03:15:00
2026-04-04,FC007,FRS-YGT-002,44,15,2026-04-16 03:15:00
2026-04-04,FC007,FRS-CHD-003,91,15,2026-04-16 03:15:00
2026-04-04,FC007,FRS-BTR-004,141,15,2026-04-16 03:15:00
2026-04-04,FC007,BAK-BRD-001,70,15,2026-04-16 03:15:00
2026-04-04,FC007,BAK-CRS-002,103,15,2026-04-16 03:15:00
2026-04-04,FC007,BAK-SRD-003,35,15,2026-04-16 03:15:00
2026-04-04,FC007,BAK-BGL-004,79,15,2026-04-16 03:15:00
2026-04-04,FC007,PRD-BAN-001,36,15,2026-04-16 03:15:00
2026-04-04,FC007,PRD-TOM-002,9,15,2026-04-16 03:15:00
2026-04-04,FC007,PRD-BRC-003,49,15,2026-04-16 03:15:00
2026-04-04,FC007,PRD-APL-004,89,15,2026-04-16 03:15:00
2026-04-04,FC007,BEV-COL-001,143,15,2026-04-16 03:15:00
2026-04-04,FC007,BEV-OJU-002,25,15,2026-04-16 03:15:00
2026-04-04,FC007,BEV-WAT-003,39,15,2026-04-16 03:15:00
2026-04-04,FC007,BEV-BER-004,93,15,2026-04-16 03:15:00
2026-04-04,FC007,FRZ-PIZ-001,20,15,2026-04-16 03:15:00
2026-04-04,FC007,FRZ-ICE-002,90,15,2026-04-16 03:15:00
2026-04-04,FC007,FRZ-FRI-003,158,15,2026-04-16 03:15:00
2026-04-04,FC007,FRZ-PEA-004,55,15,2026-04-16 03:15:00
2026-04-04,FC007,SNK-CHP-001,110,15,2026-04-16 03:15:00
2026-04-04,FC007,SNK-CHC-002,11,15,2026-04-16 03:15:00
2026-04-04,FC007,SNK-BSC-003,54,15,2026-04-16 03:15:00
2026-04-04,FC007,SNK-NUT-004,111,15,2026-04-16 03:15:00
2026-04-04,FC008,FRS-MLK-001,39,15,2026-04-16 03:15:00
2026-04-04,FC008,FRS-YGT-002,33,15,2026-04-16 03:15:00
2026-04-04,FC008,FRS-CHD-003,48,15,2026-04-16 03:15:00
2026-04-04,FC008,FRS-BTR-004,79,15,2026-04-16 03:15:00
2026-04-04,FC008,BAK-BRD-001,37,15,2026-04-16 03:15:00
2026-04-04,FC008,BAK-CRS-002,62,15,2026-04-16 03:15:00
2026-04-04,FC008,BAK-SRD-003,26,15,2026-04-16 03:15:00
2026-04-04,FC008,BAK-BGL-004,69,15,2026-04-16 03:15:00
2026-04-04,FC008,PRD-BAN-001,79,15,2026-04-16 03:15:00
2026-04-04,FC008,PRD-TOM-002,21,15,2026-04-16 03:15:00
2026-04-04,FC008,PRD-BRC-003,87,15,2026-04-16 03:15:00
2026-04-04,FC008,PRD-APL-004,24,15,2026-04-16 03:15:00
2026-04-04,FC008,BEV-COL-001,48,15,2026-04-16 03:15:00
2026-04-04,FC008,BEV-OJU-002,139,15,2026-04-16 03:15:00
2026-04-04,FC008,BEV-WAT-003,62,15,2026-04-16 03:15:00
2026-04-04,FC008,BEV-BER-004,104,15,2026-04-16 03:15:00
2026-04-04,FC008,FRZ-PIZ-001,53,15,2026-04-16 03:15:00
2026-04-04,FC008,FRZ-ICE-002,48,15,2026-04-16 03:15:00
2026-04-04,FC008,FRZ-FRI-003,45,15,2026-04-16 03:15:00
2026-04-04,FC008,FRZ-PEA-004,78,15,2026-04-16 03:15:00
2026-04-04,FC008,SNK-CHP-001,107,15,2026-04-16 03:15:00
2026-04-04,FC008,SNK-CHC-002,59,15,2026-04-16 03:15:00
2026-04-04,FC008,SNK-BSC-003,77,15,2026-04-16 03:15:00
2026-04-04,FC008,SNK-NUT-004,82,15,2026-04-16 03:15:00
2026-04-05,FC001,FRS-MLK-001,145,30,2026-04-16 03:15:00
2026-04-05,FC001,FRS-YGT-002,48,30,2026-04-16 03:15:00
2026-04-05,FC001,FRS-CHD-003,25,30,2026-04-16 03:15:00
2026-04-05,FC001,FRS-BTR-004,7,30,2026-04-16 03:15:00
2026-04-05,FC001,BAK-BRD-001,55,30,2026-04-16 03:15:00
2026-04-05,FC001,BAK-CRS-002,51,30,2026-04-16 03:15:00
2026-04-05,FC001,BAK-SRD-003,54,30,2026-04-16 03:15:00
2026-04-05,FC001,BAK-BGL-004,18,30,2026-04-16 03:15:00
2026-04-05,FC001,PRD-BAN-001,88,30,2026-04-16 03:15:00
2026-04-05,FC001,PRD-TOM-002,35,30,2026-04-16 03:15:00
2026-04-05,FC001,PRD-BRC-003,84,30,2026-04-16 03:15:00
2026-04-05,FC001,PRD-APL-004,27,30,2026-04-16 03:15:00
2026-04-05,FC001,BEV-COL-001,60,30,2026-04-16 03:15:00
2026-04-05,FC001,BEV-OJU-002,70,30,2026-04-16 03:15:00
2026-04-05,FC001,BEV-WAT-003,123,30,2026-04-16 03:15:00
2026-04-05,FC001,BEV-BER-004,37,30,2026-04-16 03:15:00
2026-04-05,FC001,FRZ-PIZ-001,67,30,2026-04-16 03:15:00
2026-04-05,FC001,FRZ-ICE-002,39,30,2026-04-16 03:15:00
2026-04-05,FC001,FRZ-FRI-003,25,30,2026-04-16 03:15:00
2026-04-05,FC001,FRZ-PEA-004,106,30,2026-04-16 03:15:00
2026-04-05,FC001,SNK-CHP-001,63,30,2026-04-16 03:15:00
2026-04-05,FC001,SNK-CHC-002,55,30,2026-04-16 03:15:00
2026-04-05,FC001,SNK-BSC-003,0,30,2026-04-16 03:15:00
2026-04-05,FC001,SNK-NUT-004,50,30,2026-04-16 03:15:00
2026-04-05,FC002,FRS-MLK-001,80,30,2026-04-16 03:15:00
2026-04-05,FC002,FRS-YGT-002,112,30,2026-04-16 03:15:00
2026-04-05,FC002,FRS-CHD-003,89,30,2026-04-16 03:15:00
2026-04-05,FC002,FRS-BTR-004,93,30,2026-04-16 03:15:00
2026-04-05,FC002,BAK-BRD-001,49,30,2026-04-16 03:15:00
2026-04-05,FC002,BAK-CRS-002,5,30,2026-04-16 03:15:00
2026-04-05,FC002,BAK-SRD-003,98,30,2026-04-16 03:15:00
2026-04-05,FC002,BAK-BGL-004,0,30,2026-04-16 03:15:00
2026-04-05,FC002,PRD-BAN-001,85,30,2026-04-16 03:15:00
2026-04-05,FC002,PRD-TOM-002,83,30,2026-04-16 03:15:00
2026-04-05,FC002,PRD-BRC-003,106,30,2026-04-16 03:15:00
2026-04-05,FC002,PRD-APL-004,134,30,2026-04-16 03:15:00
2026-04-05,FC002,BEV-COL-001,78,30,2026-04-16 03:15:00
2026-04-05,FC002,BEV-OJU-002,39,30,2026-04-16 03:15:00
2026-04-05,FC002,BEV-WAT-003,63,30,2026-04-16 03:15:00
2026-04-05,FC002,BEV-BER-004,54,30,2026-04-16 03:15:00
2026-04-05,FC002,FRZ-PIZ-001,0,30,2026-04-16 03:15:00
2026-04-05,FC002,FRZ-ICE-002,65,30,2026-04-16 03:15:00
2026-04-05,FC002,FRZ-FRI-003,133,30,2026-04-16 03:15:00
2026-04-05,FC002,FRZ-PEA-004,0,30,2026-04-16 03:15:00
2026-04-05,FC002,SNK-CHP-001,61,30,2026-04-16 03:15:00
2026-04-05,FC002,SNK-CHC-002,81,30,2026-04-16 03:15:00
2026-04-05,FC002,SNK-BSC-003,54,30,2026-04-16 03:15:00
2026-04-05,FC002,SNK-NUT-004,134,30,2026-04-16 03:15:00
2026-04-05,FC003,FRS-MLK-001,113,30,2026-04-16 03:15:00
2026-04-05,FC003,FRS-YGT-002,136,30,2026-04-16 03:15:00
2026-04-05,FC003,FRS-CHD-003,53,30,2026-04-16 03:15:00
2026-04-05,FC003,FRS-BTR-004,105,30,2026-04-16 03:15:00
2026-04-05,FC003,BAK-BRD-001,84,30,2026-04-16 03:15:00
2026-04-05,FC003,BAK-CRS-002,34,30,2026-04-16 03:15:00
2026-04-05,FC003,BAK-SRD-003,117,30,2026-04-16 03:15:00
2026-04-05,FC003,BAK-BGL-004,148,30,2026-04-16 03:15:00
2026-04-05,FC003,PRD-BAN-001,43,30,2026-04-16 03:15:00
2026-04-05,FC003,PRD-TOM-002,62,30,2026-04-16 03:15:00
2026-04-05,FC003,PRD-BRC-003,63,30,2026-04-16 03:15:00
2026-04-05,FC003,PRD-APL-004,47,30,2026-04-16 03:15:00
2026-04-05,FC003,BEV-COL-001,46,30,2026-04-16 03:15:00
2026-04-05,FC003,BEV-OJU-002,145,30,2026-04-16 03:15:00
2026-04-05,FC003,BEV-WAT-003,15,30,2026-04-16 03:15:00
2026-04-05,FC003,BEV-BER-004,0,30,2026-04-16 03:15:00
2026-04-05,FC003,FRZ-PIZ-001,76,30,2026-04-16 03:15:00
2026-04-05,FC003,FRZ-ICE-002,32,30,2026-04-16 03:15:00
2026-04-05,FC003,FRZ-FRI-003,60,30,2026-04-16 03:15:00
2026-04-05,FC003,FRZ-PEA-004,5,30,2026-04-16 03:15:00
2026-04-05,FC003,SNK-CHP-001,116,30,2026-04-16 03:15:00
2026-04-05,FC003,SNK-CHC-002,29,30,2026-04-16 03:15:00
2026-04-05,FC003,SNK-BSC-003,86,30,2026-04-16 03:15:00
2026-04-05,FC003,SNK-NUT-004,37,30,2026-04-16 03:15:00
2026-04-05,FC004,FRS-MLK-001,36,15,2026-04-16 03:15:00
2026-04-05,FC004,FRS-YGT-002,40,15,2026-04-16 03:15:00
2026-04-05,FC004,FRS-CHD-003,87,15,2026-04-16 03:15:00
2026-04-05,FC004,FRS-BTR-004,61,15,2026-04-16 03:15:00
2026-04-05,FC004,BAK-BRD-001,88,15,2026-04-16 03:15:00
2026-04-05,FC004,BAK-CRS-002,46,15,2026-04-16 03:15:00
2026-04-05,FC004,BAK-SRD-003,66,15,2026-04-16 03:15:00
2026-04-05,FC004,BAK-BGL-004,39,15,2026-04-16 03:15:00
2026-04-05,FC004,PRD-BAN-001,35,15,2026-04-16 03:15:00
2026-04-05,FC004,PRD-TOM-002,46,15,2026-04-16 03:15:00
2026-04-05,FC004,PRD-BRC-003,69,15,2026-04-16 03:15:00
2026-04-05,FC004,PRD-APL-004,109,15,2026-04-16 03:15:00
2026-04-05,FC004,BEV-COL-001,46,15,2026-04-16 03:15:00
2026-04-05,FC004,BEV-OJU-002,85,15,2026-04-16 03:15:00
2026-04-05,FC004,BEV-WAT-003,62,15,2026-04-16 03:15:00
2026-04-05,FC004,BEV-BER-004,55,15,2026-04-16 03:15:00
2026-04-05,FC004,FRZ-PIZ-001,127,15,2026-04-16 03:15:00
2026-04-05,FC004,FRZ-ICE-002,90,15,2026-04-16 03:15:00
2026-04-05,FC004,FRZ-FRI-003,105,15,2026-04-16 03:15:00
2026-04-05,FC004,FRZ-PEA-004,71,15,2026-04-16 03:15:00
2026-04-05,FC004,SNK-CHP-001,93,15,2026-04-16 03:15:00
2026-04-05,FC004,SNK-CHC-002,61,15,2026-04-16 03:15:00
2026-04-05,FC004,SNK-BSC-003,47,15,2026-04-16 03:15:00
2026-04-05,FC004,SNK-NUT-004,132,15,2026-04-16 03:15:00
2026-04-05,FC005,FRS-MLK-001,58,30,2026-04-16 03:15:00
2026-04-05,FC005,FRS-YGT-002,19,30,2026-04-16 03:15:00
2026-04-05,FC005,FRS-CHD-003,1,30,2026-04-16 03:15:00
2026-04-05,FC005,FRS-BTR-004,40,30,2026-04-16 03:15:00
2026-04-05,FC005,BAK-BRD-001,41,30,2026-04-16 03:15:00
2026-04-05,FC005,BAK-CRS-002,67,30,2026-04-16 03:15:00
2026-04-05,FC005,BAK-SRD-003,23,30,2026-04-16 03:15:00
2026-04-05,FC005,BAK-BGL-004,137,30,2026-04-16 03:15:00
2026-04-05,FC005,PRD-BAN-001,95,30,2026-04-16 03:15:00
2026-04-05,FC005,PRD-TOM-002,41,30,2026-04-16 03:15:00
2026-04-05,FC005,PRD-BRC-003,90,30,2026-04-16 03:15:00
2026-04-05,FC005,PRD-APL-004,13,30,2026-04-16 03:15:00
2026-04-05,FC005,BEV-COL-001,11,30,2026-04-16 03:15:00
2026-04-05,FC005,BEV-OJU-002,68,30,2026-04-16 03:15:00
2026-04-05,FC005,BEV-WAT-003,55,30,2026-04-16 03:15:00
2026-04-05,FC005,BEV-BER-004,50,30,2026-04-16 03:15:00
2026-04-05,FC005,FRZ-PIZ-001,8,30,2026-04-16 03:15:00
2026-04-05,FC005,FRZ-ICE-002,147,30,2026-04-16 03:15:00
2026-04-05,FC005,FRZ-FRI-003,36,30,2026-04-16 03:15:00
2026-04-05,FC005,FRZ-PEA-004,156,30,2026-04-16 03:15:00
2026-04-05,FC005,SNK-CHP-001,31,30,2026-04-16 03:15:00
2026-04-05,FC005,SNK-CHC-002,96,30,2026-04-16 03:15:00
2026-04-05,FC005,SNK-BSC-003,67,30,2026-04-16 03:15:00
2026-04-05,FC005,SNK-NUT-004,20,30,2026-04-16 03:15:00
2026-04-05,FC006,FRS-MLK-001,57,30,2026-04-16 03:15:00
2026-04-05,FC006,FRS-YGT-002,112,30,2026-04-16 03:15:00
2026-04-05,FC006,FRS-CHD-003,49,30,2026-04-16 03:15:00
2026-04-05,FC006,FRS-BTR-004,79,30,2026-04-16 03:15:00
2026-04-05,FC006,BAK-BRD-001,101,30,2026-04-16 03:15:00
2026-04-05,FC006,BAK-CRS-002,28,30,2026-04-16 03:15:00
2026-04-05,FC006,BAK-SRD-003,32,30,2026-04-16 03:15:00
2026-04-05,FC006,BAK-BGL-004,15,30,2026-04-16 03:15:00
2026-04-05,FC006,PRD-BAN-001,33,30,2026-04-16 03:15:00
2026-04-05,FC006,PRD-TOM-002,61,30,2026-04-16 03:15:00
2026-04-05,FC006,PRD-BRC-003,75,30,2026-04-16 03:15:00
2026-04-05,FC006,PRD-APL-004,49,30,2026-04-16 03:15:00
2026-04-05,FC006,BEV-COL-001,109,30,2026-04-16 03:15:00
2026-04-05,FC006,BEV-OJU-002,22,30,2026-04-16 03:15:00
2026-04-05,FC006,BEV-WAT-003,91,30,2026-04-16 03:15:00
2026-04-05,FC006,BEV-BER-004,56,30,2026-04-16 03:15:00
2026-04-05,FC006,FRZ-PIZ-001,60,30,2026-04-16 03:15:00
2026-04-05,FC006,FRZ-ICE-002,0,30,2026-04-16 03:15:00
2026-04-05,FC006,FRZ-FRI-003,32,30,2026-04-16 03:15:00
2026-04-05,FC006,FRZ-PEA-004,69,30,2026-04-16 03:15:00
2026-04-05,FC006,SNK-CHP-001,66,30,2026-04-16 03:15:00
2026-04-05,FC006,SNK-CHC-002,48,30,2026-04-16 03:15:00
2026-04-05,FC006,SNK-BSC-003,0,30,2026-04-16 03:15:00
2026-04-05,FC006,SNK-NUT-004,71,30,2026-04-16 03:15:00
2026-04-05,FC007,FRS-MLK-001,47,15,2026-04-16 03:15:00
2026-04-05,FC007,FRS-YGT-002,32,15,2026-04-16 03:15:00
2026-04-05,FC007,FRS-CHD-003,83,15,2026-04-16 03:15:00
2026-04-05,FC007,FRS-BTR-004,139,15,2026-04-16 03:15:00
2026-04-05,FC007,BAK-BRD-001,63,15,2026-04-16 03:15:00
2026-04-05,FC007,BAK-CRS-002,101,15,2026-04-16 03:15:00
2026-04-05,FC007,BAK-SRD-003,23,15,2026-04-16 03:15:00
2026-04-05,FC007,BAK-BGL-004,64,15,2026-04-16 03:15:00
2026-04-05,FC007,PRD-BAN-001,29,15,2026-04-16 03:15:00
2026-04-05,FC007,PRD-TOM-002,2,15,2026-04-16 03:15:00
2026-04-05,FC007,PRD-BRC-003,45,15,2026-04-16 03:15:00
2026-04-05,FC007,PRD-APL-004,79,15,2026-04-16 03:15:00
2026-04-05,FC007,BEV-COL-001,132,15,2026-04-16 03:15:00
2026-04-05,FC007,BEV-OJU-002,18,15,2026-04-16 03:15:00
2026-04-05,FC007,BEV-WAT-003,32,15,2026-04-16 03:15:00
2026-04-05,FC007,BEV-BER-004,81,15,2026-04-16 03:15:00
2026-04-05,FC007,FRZ-PIZ-001,11,15,2026-04-16 03:15:00
2026-04-05,FC007,FRZ-ICE-002,75,15,2026-04-16 03:15:00
2026-04-05,FC007,FRZ-FRI-003,156,15,2026-04-16 03:15:00
2026-04-05,FC007,FRZ-PEA-004,51,15,2026-04-16 03:15:00
2026-04-05,FC007,SNK-CHP-001,105,15,2026-04-16 03:15:00
2026-04-05,FC007,SNK-CHC-002,100,15,2026-04-16 03:15:00
2026-04-05,FC007,SNK-BSC-003,49,15,2026-04-16 03:15:00
2026-04-05,FC007,SNK-NUT-004,105,15,2026-04-16 03:15:00
2026-04-05,FC008,FRS-MLK-001,35,15,2026-04-16 03:15:00
2026-04-05,FC008,FRS-YGT-002,122,15,2026-04-16 03:15:00
2026-04-05,FC008,FRS-CHD-003,38,15,2026-04-16 03:15:00
2026-04-05,FC008,FRS-BTR-004,49,15,2026-04-16 03:15:00
2026-04-05,FC008,BAK-BRD-001,30,15,2026-04-16 03:15:00
2026-04-05,FC008,BAK-CRS-002,32,15,2026-04-16 03:15:00
2026-04-05,FC008,BAK-SRD-003,80,15,2026-04-16 03:15:00
2026-04-05,FC008,BAK-BGL-004,58,15,2026-04-16 03:15:00
2026-04-05,FC008,PRD-BAN-001,75,15,2026-04-16 03:15:00
2026-04-05,FC008,PRD-TOM-002,117,15,2026-04-16 03:15:00
2026-04-05,FC008,PRD-BRC-003,59,15,2026-04-16 03:15:00
2026-04-05,FC008,PRD-APL-004,71,15,2026-04-16 03:15:00
2026-04-05,FC008,BEV-COL-001,43,15,2026-04-16 03:15:00
2026-04-05,FC008,BEV-OJU-002,120,15,2026-04-16 03:15:00
2026-04-05,FC008,BEV-WAT-003,50,15,2026-04-16 03:15:00
2026-04-05,FC008,BEV-BER-004,99,15,2026-04-16 03:15:00
2026-04-05,FC008,FRZ-PIZ-001,40,15,2026-04-16 03:15:00
2026-04-05,FC008,FRZ-ICE-002,40,15,2026-04-16 03:15:00
2026-04-05,FC008,FRZ-FRI-003,36,15,2026-04-16 03:15:00
2026-04-05,FC008,FRZ-PEA-004,64,15,2026-04-16 03:15:00
2026-04-05,FC008,SNK-CHP-001,92,15,2026-04-16 03:15:00
2026-04-05,FC008,SNK-CHC-002,37,15,2026-04-16 03:15:00
2026-04-05,FC008,SNK-BSC-003,73,15,2026-04-16 03:15:00
2026-04-05,FC008,SNK-NUT-004,76,15,2026-04-16 03:15:00
2026-04-06,FC001,FRS-MLK-001,128,30,2026-04-16 03:15:00
2026-04-06,FC001,FRS-YGT-002,41,30,2026-04-16 03:15:00
2026-04-06,FC001,FRS-CHD-003,72,30,2026-04-16 03:15:00
2026-04-06,FC001,FRS-BTR-004,0,30,2026-04-16 03:15:00
2026-04-06,FC001,BAK-BRD-001,39,30,2026-04-16 03:15:00
2026-04-06,FC001,BAK-CRS-002,45,30,2026-04-16 03:15:00
2026-04-06,FC001,BAK-SRD-003,41,30,2026-04-16 03:15:00
2026-04-06,FC001,BAK-BGL-004,8,30,2026-04-16 03:15:00
2026-04-06,FC001,PRD-BAN-001,73,30,2026-04-16 03:15:00
2026-04-06,FC001,PRD-TOM-002,157,30,2026-04-16 03:15:00
2026-04-06,FC001,PRD-BRC-003,77,30,2026-04-16 03:15:00
2026-04-06,FC001,PRD-APL-004,20,30,2026-04-16 03:15:00
2026-04-06,FC001,BEV-COL-001,40,30,2026-04-16 03:15:00
2026-04-06,FC001,BEV-OJU-002,65,30,2026-04-16 03:15:00
2026-04-06,FC001,BEV-WAT-003,110,30,2026-04-16 03:15:00
2026-04-06,FC001,BEV-BER-004,18,30,2026-04-16 03:15:00
2026-04-06,FC001,FRZ-PIZ-001,62,30,2026-04-16 03:15:00
2026-04-06,FC001,FRZ-ICE-002,33,30,2026-04-16 03:15:00
2026-04-06,FC001,FRZ-FRI-003,14,30,2026-04-16 03:15:00
2026-04-06,FC001,FRZ-PEA-004,103,30,2026-04-16 03:15:00
2026-04-06,FC001,SNK-CHP-001,59,30,2026-04-16 03:15:00
2026-04-06,FC001,SNK-CHC-002,43,30,2026-04-16 03:15:00
2026-04-06,FC001,SNK-BSC-003,61,30,2026-04-16 03:15:00
2026-04-06,FC001,SNK-NUT-004,42,30,2026-04-16 03:15:00
2026-04-06,FC002,FRS-MLK-001,72,30,2026-04-16 03:15:00
2026-04-06,FC002,FRS-YGT-002,109,30,2026-04-16 03:15:00
2026-04-06,FC002,FRS-CHD-003,73,30,2026-04-16 03:15:00
2026-04-06,FC002,FRS-BTR-004,82,30,2026-04-16 03:15:00
2026-04-06,FC002,BAK-BRD-001,30,30,2026-04-16 03:15:00
2026-04-06,FC002,BAK-CRS-002,0,30,2026-04-16 03:15:00
2026-04-06,FC002,BAK-SRD-003,80,30,2026-04-16 03:15:00
2026-04-06,FC002,BAK-BGL-004,0,30,2026-04-16 03:15:00
2026-04-06,FC002,PRD-BAN-001,65,30,2026-04-16 03:15:00
2026-04-06,FC002,PRD-TOM-002,67,30,2026-04-16 03:15:00
2026-04-06,FC002,PRD-BRC-003,100,30,2026-04-16 03:15:00
2026-04-06,FC002,PRD-APL-004,119,30,2026-04-16 03:15:00
2026-04-06,FC002,BEV-COL-001,58,30,2026-04-16 03:15:00
2026-04-06,FC002,BEV-OJU-002,24,30,2026-04-16 03:15:00
2026-04-06,FC002,BEV-WAT-003,58,30,2026-04-16 03:15:00
2026-04-06,FC002,BEV-BER-004,34,30,2026-04-16 03:15:00
2026-04-06,FC002,FRZ-PIZ-001,74,30,2026-04-16 03:15:00
2026-04-06,FC002,FRZ-ICE-002,52,30,2026-04-16 03:15:00
2026-04-06,FC002,FRZ-FRI-003,120,30,2026-04-16 03:15:00
2026-04-06,FC002,FRZ-PEA-004,144,30,2026-04-16 03:15:00
2026-04-06,FC002,SNK-CHP-001,53,30,2026-04-16 03:15:00
2026-04-06,FC002,SNK-CHC-002,63,30,2026-04-16 03:15:00
2026-04-06,FC002,SNK-BSC-003,36,30,2026-04-16 03:15:00
2026-04-06,FC002,SNK-NUT-004,122,30,2026-04-16 03:15:00
2026-04-06,FC003,FRS-MLK-001,93,30,2026-04-16 03:15:00
2026-04-06,FC003,FRS-YGT-002,116,30,2026-04-16 03:15:00
2026-04-06,FC003,FRS-CHD-003,33,30,2026-04-16 03:15:00
2026-04-06,FC003,FRS-BTR-004,87,30,2026-04-16 03:15:00
2026-04-06,FC003,BAK-BRD-001,74,30,2026-04-16 03:15:00
2026-04-06,FC003,BAK-CRS-002,30,30,2026-04-16 03:15:00
2026-04-06,FC003,BAK-SRD-003,98,30,2026-04-16 03:15:00
2026-04-06,FC003,BAK-BGL-004,132,30,2026-04-16 03:15:00
2026-04-06,FC003,PRD-BAN-001,34,30,2026-04-16 03:15:00
2026-04-06,FC003,PRD-TOM-002,54,30,2026-04-16 03:15:00
2026-04-06,FC003,PRD-BRC-003,47,30,2026-04-16 03:15:00
2026-04-06,FC003,PRD-APL-004,35,30,2026-04-16 03:15:00
2026-04-06,FC003,BEV-COL-001,44,30,2026-04-16 03:15:00
2026-04-06,FC003,BEV-OJU-002,138,30,2026-04-16 03:15:00
2026-04-06,FC003,BEV-WAT-003,91,30,2026-04-16 03:15:00
2026-04-06,FC003,BEV-BER-004,0,30,2026-04-16 03:15:00
2026-04-06,FC003,FRZ-PIZ-001,63,30,2026-04-16 03:15:00
2026-04-06,FC003,FRZ-ICE-002,29,30,2026-04-16 03:15:00
2026-04-06,FC003,FRZ-FRI-003,40,30,2026-04-16 03:15:00
2026-04-06,FC003,FRZ-PEA-004,102,30,2026-04-16 03:15:00
2026-04-06,FC003,SNK-CHP-001,98,30,2026-04-16 03:15:00
2026-04-06,FC003,SNK-CHC-002,80,30,2026-04-16 03:15:00
2026-04-06,FC003,SNK-BSC-003,74,30,2026-04-16 03:15:00
2026-04-06,FC003,SNK-NUT-004,127,30,2026-04-16 03:15:00
2026-04-06,FC004,FRS-MLK-001,27,15,2026-04-16 03:15:00
2026-04-06,FC004,FRS-YGT-002,35,15,2026-04-16 03:15:00
2026-04-06,FC004,FRS-CHD-003,83,15,2026-04-16 03:15:00
2026-04-06,FC004,FRS-BTR-004,56,15,2026-04-16 03:15:00
2026-04-06,FC004,BAK-BRD-001,78,15,2026-04-16 03:15:00
2026-04-06,FC004,BAK-CRS-002,41,15,2026-04-16 03:15:00
2026-04-06,FC004,BAK-SRD-003,60,15,2026-04-16 03:15:00
2026-04-06,FC004,BAK-BGL-004,32,15,2026-04-16 03:15:00
2026-04-06,FC004,PRD-BAN-001,32,15,2026-04-16 03:15:00
2026-04-06,FC004,PRD-TOM-002,40,15,2026-04-16 03:15:00
2026-04-06,FC004,PRD-BRC-003,68,15,2026-04-16 03:15:00
2026-04-06,FC004,PRD-APL-004,108,15,2026-04-16 03:15:00
2026-04-06,FC004,BEV-COL-001,45,15,2026-04-16 03:15:00
2026-04-06,FC004,BEV-OJU-002,76,15,2026-04-16 03:15:00
2026-04-06,FC004,BEV-WAT-003,55,15,2026-04-16 03:15:00
2026-04-06,FC004,BEV-BER-004,54,15,2026-04-16 03:15:00
2026-04-06,FC004,FRZ-PIZ-001,121,15,2026-04-16 03:15:00
2026-04-06,FC004,FRZ-ICE-002,81,15,2026-04-16 03:15:00
2026-04-06,FC004,FRZ-FRI-003,104,15,2026-04-16 03:15:00
2026-04-06,FC004,FRZ-PEA-004,62,15,2026-04-16 03:15:00
2026-04-06,FC004,SNK-CHP-001,84,15,2026-04-16 03:15:00
2026-04-06,FC004,SNK-CHC-002,59,15,2026-04-16 03:15:00
2026-04-06,FC004,SNK-BSC-003,41,15,2026-04-16 03:15:00
2026-04-06,FC004,SNK-NUT-004,123,15,2026-04-16 03:15:00
2026-04-06,FC005,FRS-MLK-001,45,30,2026-04-16 03:15:00
2026-04-06,FC005,FRS-YGT-002,53,30,2026-04-16 03:15:00
2026-04-06,FC005,FRS-CHD-003,0,30,2026-04-16 03:15:00
2026-04-06,FC005,FRS-BTR-004,35,30,2026-04-16 03:15:00
2026-04-06,FC005,BAK-BRD-001,26,30,2026-04-16 03:15:00
2026-04-06,FC005,BAK-CRS-002,56,30,2026-04-16 03:15:00
2026-04-06,FC005,BAK-SRD-003,148,30,2026-04-16 03:15:00
2026-04-06,FC005,BAK-BGL-004,135,30,2026-04-16 03:15:00
2026-04-06,FC005,PRD-BAN-001,89,30,2026-04-16 03:15:00
2026-04-06,FC005,PRD-TOM-002,39,30,2026-04-16 03:15:00
2026-04-06,FC005,PRD-BRC-003,71,30,2026-04-16 03:15:00
2026-04-06,FC005,PRD-APL-004,6,30,2026-04-16 03:15:00
2026-04-06,FC005,BEV-COL-001,143,30,2026-04-16 03:15:00
2026-04-06,FC005,BEV-OJU-002,66,30,2026-04-16 03:15:00
2026-04-06,FC005,BEV-WAT-003,47,30,2026-04-16 03:15:00
2026-04-06,FC005,BEV-BER-004,46,30,2026-04-16 03:15:00
2026-04-06,FC005,FRZ-PIZ-001,114,30,2026-04-16 03:15:00
2026-04-06,FC005,FRZ-ICE-002,141,30,2026-04-16 03:15:00
2026-04-06,FC005,FRZ-FRI-003,19,30,2026-04-16 03:15:00
2026-04-06,FC005,FRZ-PEA-004,151,30,2026-04-16 03:15:00
2026-04-06,FC005,SNK-CHP-001,167,30,2026-04-16 03:15:00
2026-04-06,FC005,SNK-CHC-002,91,30,2026-04-16 03:15:00
2026-04-06,FC005,SNK-BSC-003,62,30,2026-04-16 03:15:00
2026-04-06,FC005,SNK-NUT-004,2,30,2026-04-16 03:15:00
2026-04-06,FC006,FRS-MLK-001,42,30,2026-04-16 03:15:00
2026-04-06,FC006,FRS-YGT-002,92,30,2026-04-16 03:15:00
2026-04-06,FC006,FRS-CHD-003,39,30,2026-04-16 03:15:00
2026-04-06,FC006,FRS-BTR-004,63,30,2026-04-16 03:15:00
2026-04-06,FC006,BAK-BRD-001,84,30,2026-04-16 03:15:00
2026-04-06,FC006,BAK-CRS-002,142,30,2026-04-16 03:15:00
2026-04-06,FC006,BAK-SRD-003,15,30,2026-04-16 03:15:00
2026-04-06,FC006,BAK-BGL-004,161,30,2026-04-16 03:15:00
2026-04-06,FC006,PRD-BAN-001,28,30,2026-04-16 03:15:00
2026-04-06,FC006,PRD-TOM-002,55,30,2026-04-16 03:15:00
2026-04-06,FC006,PRD-BRC-003,66,30,2026-04-16 03:15:00
2026-04-06,FC006,PRD-APL-004,33,30,2026-04-16 03:15:00
2026-04-06,FC006,BEV-COL-001,106,30,2026-04-16 03:15:00
2026-04-06,FC006,BEV-OJU-002,125,30,2026-04-16 03:15:00
2026-04-06,FC006,BEV-WAT-003,75,30,2026-04-16 03:15:00
2026-04-06,FC006,BEV-BER-004,43,30,2026-04-16 03:15:00
2026-04-06,FC006,FRZ-PIZ-001,53,30,2026-04-16 03:15:00
2026-04-06,FC006,FRZ-ICE-002,0,30,2026-04-16 03:15:00
2026-04-06,FC006,FRZ-FRI-003,127,30,2026-04-16 03:15:00
2026-04-06,FC006,FRZ-PEA-004,55,30,2026-04-16 03:15:00
2026-04-06,FC006,SNK-CHP-001,63,30,2026-04-16 03:15:00
2026-04-06,FC006,SNK-CHC-002,30,30,2026-04-16 03:15:00
2026-04-06,FC006,SNK-BSC-003,0,30,2026-04-16 03:15:00
2026-04-06,FC006,SNK-NUT-004,51,30,2026-04-16 03:15:00
2026-04-06,FC007,FRS-MLK-001,44,15,2026-04-16 03:15:00
2026-04-06,FC007,FRS-YGT-002,25,15,2026-04-16 03:15:00
2026-04-06,FC007,FRS-CHD-003,79,15,2026-04-16 03:15:00
2026-04-06,FC007,FRS-BTR-004,131,15,2026-04-16 03:15:00
2026-04-06,FC007,BAK-BRD-001,61,15,2026-04-16 03:15:00
2026-04-06,FC007,BAK-CRS-002,96,15,2026-04-16 03:15:00
2026-04-06,FC007,BAK-SRD-003,15,15,2026-04-16 03:15:00
2026-04-06,FC007,BAK-BGL-004,63,15,2026-04-16 03:15:00
2026-04-06,FC007,PRD-BAN-001,105,15,2026-04-16 03:15:00
2026-04-06,FC007,PRD-TOM-002,0,15,2026-04-16 03:15:00
2026-04-06,FC007,PRD-BRC-003,38,15,2026-04-16 03:15:00
2026-04-06,FC007,PRD-APL-004,73,15,2026-04-16 03:15:00
2026-04-06,FC007,BEV-COL-001,130,15,2026-04-16 03:15:00
2026-04-06,FC007,BEV-OJU-002,13,15,2026-04-16 03:15:00
2026-04-06,FC007,BEV-WAT-003,149,15,2026-04-16 03:15:00
2026-04-06,FC007,BEV-BER-004,75,15,2026-04-16 03:15:00
2026-04-06,FC007,FRZ-PIZ-001,2,15,2026-04-16 03:15:00
2026-04-06,FC007,FRZ-ICE-002,67,15,2026-04-16 03:15:00
2026-04-06,FC007,FRZ-FRI-003,155,15,2026-04-16 03:15:00
2026-04-06,FC007,FRZ-PEA-004,45,15,2026-04-16 03:15:00
2026-04-06,FC007,SNK-CHP-001,104,15,2026-04-16 03:15:00
2026-04-06,FC007,SNK-CHC-002,97,15,2026-04-16 03:15:00
2026-04-06,FC007,SNK-BSC-003,48,15,2026-04-16 03:15:00
2026-04-06,FC007,SNK-NUT-004,95,15,2026-04-16 03:15:00
2026-04-06,FC008,FRS-MLK-001,21,15,2026-04-16 03:15:00
2026-04-06,FC008,FRS-YGT-002,106,15,2026-04-16 03:15:00
2026-04-06,FC008,FRS-CHD-003,36,15,2026-04-16 03:15:00
2026-04-06,FC008,FRS-BTR-004,44,15,2026-04-16 03:15:00
2026-04-06,FC008,BAK-BRD-001,110,15,2026-04-16 03:15:00
2026-04-06,FC008,BAK-CRS-002,71,15,2026-04-16 03:15:00
2026-04-06,FC008,BAK-SRD-003,62,15,2026-04-16 03:15:00
2026-04-06,FC008,BAK-BGL-004,49,15,2026-04-16 03:15:00
2026-04-06,FC008,PRD-BAN-001,57,15,2026-04-16 03:15:00
2026-04-06,FC008,PRD-TOM-002,99,15,2026-04-16 03:15:00
2026-04-06,FC008,PRD-BRC-003,49,15,2026-04-16 03:15:00
2026-04-06,FC008,PRD-APL-004,51,15,2026-04-16 03:15:00
2026-04-06,FC008,BEV-COL-001,25,15,2026-04-16 03:15:00
2026-04-06,FC008,BEV-OJU-002,104,15,2026-04-16 03:15:00
2026-04-06,FC008,BEV-WAT-003,39,15,2026-04-16 03:15:00
2026-04-06,FC008,BEV-BER-004,87,15,2026-04-16 03:15:00
2026-04-06,FC008,FRZ-PIZ-001,94,15,2026-04-16 03:15:00
2026-04-06,FC008,FRZ-ICE-002,37,15,2026-04-16 03:15:00
2026-04-06,FC008,FRZ-FRI-003,20,15,2026-04-16 03:15:00
2026-04-06,FC008,FRZ-PEA-004,61,15,2026-04-16 03:15:00
2026-04-06,FC008,SNK-CHP-001,81,15,2026-04-16 03:15:00
2026-04-06,FC008,SNK-CHC-002,35,15,2026-04-16 03:15:00
2026-04-06,FC008,SNK-BSC-003,64,15,2026-04-16 03:15:00
2026-04-06,FC008,SNK-NUT-004,72,15,2026-04-16 03:15:00
2026-04-07,FC001,FRS-MLK-001,113,30,2026-04-16 03:15:00
2026-04-07,FC001,FRS-YGT-002,34,30,2026-04-16 03:15:00
2026-04-07,FC001,FRS-CHD-003,54,30,2026-04-16 03:15:00
2026-04-07,FC001,FRS-BTR-004,129,30,2026-04-16 03:15:00
2026-04-07,FC001,BAK-BRD-001,108,30,2026-04-16 03:15:00
2026-04-07,FC001,BAK-CRS-002,25,30,2026-04-16 03:15:00
2026-04-07,FC001,BAK-SRD-003,34,30,2026-04-16 03:15:00
2026-04-07,FC001,BAK-BGL-004,110,30,2026-04-16 03:15:00
2026-04-07,FC001,PRD-BAN-001,69,30,2026-04-16 03:15:00
2026-04-07,FC001,PRD-TOM-002,138,30,2026-04-16 03:15:00
2026-04-07,FC001,PRD-BRC-003,57,30,2026-04-16 03:15:00
2026-04-07,FC001,PRD-APL-004,10,30,2026-04-16 03:15:00
2026-04-07,FC001,BEV-COL-001,31,30,2026-04-16 03:15:00
2026-04-07,FC001,BEV-OJU-002,45,30,2026-04-16 03:15:00
2026-04-07,FC001,BEV-WAT-003,99,30,2026-04-16 03:15:00
2026-04-07,FC001,BEV-BER-004,8,30,2026-04-16 03:15:00
2026-04-07,FC001,FRZ-PIZ-001,49,30,2026-04-16 03:15:00
2026-04-07,FC001,FRZ-ICE-002,24,30,2026-04-16 03:15:00
2026-04-07,FC001,FRZ-FRI-003,6,30,2026-04-16 03:15:00
2026-04-07,FC001,FRZ-PEA-004,101,30,2026-04-16 03:15:00
2026-04-07,FC001,SNK-CHP-001,48,30,2026-04-16 03:15:00
2026-04-07,FC001,SNK-CHC-002,35,30,2026-04-16 03:15:00
2026-04-07,FC001,SNK-BSC-003,56,30,2026-04-16 03:15:00
2026-04-07,FC001,SNK-NUT-004,129,30,2026-04-16 03:15:00
2026-04-07,FC002,FRS-MLK-001,57,30,2026-04-16 03:15:00
2026-04-07,FC002,FRS-YGT-002,92,30,2026-04-16 03:15:00
2026-04-07,FC002,FRS-CHD-003,57,30,2026-04-16 03:15:00
2026-04-07,FC002,FRS-BTR-004,67,30,2026-04-16 03:15:00
2026-04-07,FC002,BAK-BRD-001,28,30,2026-04-16 03:15:00
2026-04-07,FC002,BAK-CRS-002,0,30,2026-04-16 03:15:00
2026-04-07,FC002,BAK-SRD-003,71,30,2026-04-16 03:15:00
2026-04-07,FC002,BAK-BGL-004,0,30,2026-04-16 03:15:00
2026-04-07,FC002,PRD-BAN-001,55,30,2026-04-16 03:15:00
2026-04-07,FC002,PRD-TOM-002,56,30,2026-04-16 03:15:00
2026-04-07,FC002,PRD-BRC-003,87,30,2026-04-16 03:15:00
2026-04-07,FC002,PRD-APL-004,117,30,2026-04-16 03:15:00
2026-04-07,FC002,BEV-COL-001,41,30,2026-04-16 03:15:00
2026-04-07,FC002,BEV-OJU-002,11,30,2026-04-16 03:15:00
2026-04-07,FC002,BEV-WAT-003,55,30,2026-04-16 03:15:00
2026-04-07,FC002,BEV-BER-004,114,30,2026-04-16 03:15:00
2026-04-07,FC002,FRZ-PIZ-001,58,30,2026-04-16 03:15:00
2026-04-07,FC002,FRZ-ICE-002,37,30,2026-04-16 03:15:00
2026-04-07,FC002,FRZ-FRI-003,109,30,2026-04-16 03:15:00
2026-04-07,FC002,FRZ-PEA-004,137,30,2026-04-16 03:15:00
2026-04-07,FC002,SNK-CHP-001,41,30,2026-04-16 03:15:00
2026-04-07,FC002,SNK-CHC-002,53,30,2026-04-16 03:15:00
2026-04-07,FC002,SNK-BSC-003,158,30,2026-04-16 03:15:00
2026-04-07,FC002,SNK-NUT-004,103,30,2026-04-16 03:15:00
2026-04-07,FC003,FRS-MLK-001,75,30,2026-04-16 03:15:00
2026-04-07,FC003,FRS-YGT-002,103,30,2026-04-16 03:15:00
2026-04-07,FC003,FRS-CHD-003,96,30,2026-04-16 03:15:00
2026-04-07,FC003,FRS-BTR-004,78,30,2026-04-16 03:15:00
2026-04-07,FC003,BAK-BRD-001,69,30,2026-04-16 03:15:00
2026-04-07,FC003,BAK-CRS-002,28,30,2026-04-16 03:15:00
2026-04-07,FC003,BAK-SRD-003,81,30,2026-04-16 03:15:00
2026-04-07,FC003,BAK-BGL-004,121,30,2026-04-16 03:15:00
2026-04-07,FC003,PRD-BAN-001,14,30,2026-04-16 03:15:00
2026-04-07,FC003,PRD-TOM-002,44,30,2026-04-16 03:15:00
2026-04-07,FC003,PRD-BRC-003,132,30,2026-04-16 03:15:00
2026-04-07,FC003,PRD-APL-004,32,30,2026-04-16 03:15:00
2026-04-07,FC003,BEV-COL-001,30,30,2026-04-16 03:15:00
2026-04-07,FC003,BEV-OJU-002,130,30,2026-04-16 03:15:00
2026-04-07,FC003,BEV-WAT-003,76,30,2026-04-16 03:15:00
2026-04-07,FC003,BEV-BER-004,94,30,2026-04-16 03:15:00
2026-04-07,FC003,FRZ-PIZ-001,48,30,2026-04-16 03:15:00
2026-04-07,FC003,FRZ-ICE-002,162,30,2026-04-16 03:15:00
2026-04-07,FC003,FRZ-FRI-003,30,30,2026-04-16 03:15:00
2026-04-07,FC003,FRZ-PEA-004,90,30,2026-04-16 03:15:00
2026-04-07,FC003,SNK-CHP-001,83,30,2026-04-16 03:15:00
2026-04-07,FC003,SNK-CHC-002,76,30,2026-04-16 03:15:00
2026-04-07,FC003,SNK-BSC-003,63,30,2026-04-16 03:15:00
2026-04-07,FC003,SNK-NUT-004,108,30,2026-04-16 03:15:00
2026-04-07,FC004,FRS-MLK-001,18,15,2026-04-16 03:15:00
2026-04-07,FC004,FRS-YGT-002,27,15,2026-04-16 03:15:00
2026-04-07,FC004,FRS-CHD-003,74,15,2026-04-16 03:15:00
2026-04-07,FC004,FRS-BTR-004,54,15,2026-04-16 03:15:00
2026-04-07,FC004,BAK-BRD-001,76,15,2026-04-16 03:15:00
2026-04-07,FC004,BAK-CRS-002,35,15,2026-04-16 03:15:00
2026-04-07,FC004,BAK-SRD-003,58,15,2026-04-16 03:15:00
2026-04-07,FC004,BAK-BGL-004,25,15,2026-04-16 03:15:00
2026-04-07,FC004,PRD-BAN-001,24,15,2026-04-16 03:15:00
2026-04-07,FC004,PRD-TOM-002,36,15,2026-04-16 03:15:00
2026-04-07,FC004,PRD-BRC-003,65,15,2026-04-16 03:15:00
2026-04-07,FC004,PRD-APL-004,106,15,2026-04-16 03:15:00
2026-04-07,FC004,BEV-COL-001,43,15,2026-04-16 03:15:00
2026-04-07,FC004,BEV-OJU-002,70,15,2026-04-16 03:15:00
2026-04-07,FC004,BEV-WAT-003,50,15,2026-04-16 03:15:00
2026-04-07,FC004,BEV-BER-004,45,15,2026-04-16 03:15:00
2026-04-07,FC004,FRZ-PIZ-001,111,15,2026-04-16 03:15:00
2026-04-07,FC004,FRZ-ICE-002,74,15,2026-04-16 03:15:00
2026-04-07,FC004,FRZ-FRI-003,103,15,2026-04-16 03:15:00
2026-04-07,FC004,FRZ-PEA-004,57,15,2026-04-16 03:15:00
2026-04-07,FC004,SNK-CHP-001,76,15,2026-04-16 03:15:00
2026-04-07,FC004,SNK-CHC-002,53,15,2026-04-16 03:15:00
2026-04-07,FC004,SNK-BSC-003,32,15,2026-04-16 03:15:00
2026-04-07,FC004,SNK-NUT-004,121,15,2026-04-16 03:15:00
2026-04-07,FC005,FRS-MLK-001,43,30,2026-04-16 03:15:00
2026-04-07,FC005,FRS-YGT-002,33,30,2026-04-16 03:15:00
2026-04-07,FC005,FRS-CHD-003,0,30,2026-04-16 03:15:00
2026-04-07,FC005,FRS-BTR-004,23,30,2026-04-16 03:15:00
2026-04-07,FC005,BAK-BRD-001,24,30,2026-04-16 03:15:00
2026-04-07,FC005,BAK-CRS-002,48,30,2026-04-16 03:15:00
2026-04-07,FC005,BAK-SRD-003,141,30,2026-04-16 03:15:00
2026-04-07,FC005,BAK-BGL-004,126,30,2026-04-16 03:15:00
2026-04-07,FC005,PRD-BAN-001,86,30,2026-04-16 03:15:00
2026-04-07,FC005,PRD-TOM-002,28,30,2026-04-16 03:15:00
2026-04-07,FC005,PRD-BRC-003,51,30,2026-04-16 03:15:00
2026-04-07,FC005,PRD-APL-004,54,30,2026-04-16 03:15:00
2026-04-07,FC005,BEV-COL-001,123,30,2026-04-16 03:15:00
2026-04-07,FC005,BEV-OJU-002,49,30,2026-04-16 03:15:00
2026-04-07,FC005,BEV-WAT-003,41,30,2026-04-16 03:15:00
2026-04-07,FC005,BEV-BER-004,27,30,2026-04-16 03:15:00
2026-04-07,FC005,FRZ-PIZ-001,94,30,2026-04-16 03:15:00
2026-04-07,FC005,FRZ-ICE-002,128,30,2026-04-16 03:15:00
2026-04-07,FC005,FRZ-FRI-003,160,30,2026-04-16 03:15:00
2026-04-07,FC005,FRZ-PEA-004,147,30,2026-04-16 03:15:00
2026-04-07,FC005,SNK-CHP-001,155,30,2026-04-16 03:15:00
2026-04-07,FC005,SNK-CHC-002,78,30,2026-04-16 03:15:00
2026-04-07,FC005,SNK-BSC-003,49,30,2026-04-16 03:15:00
2026-04-07,FC005,SNK-NUT-004,77,30,2026-04-16 03:15:00
2026-04-07,FC006,FRS-MLK-001,92,30,2026-04-16 03:15:00
2026-04-07,FC006,FRS-YGT-002,76,30,2026-04-16 03:15:00
2026-04-07,FC006,FRS-CHD-003,131,30,2026-04-16 03:15:00
2026-04-07,FC006,FRS-BTR-004,55,30,2026-04-16 03:15:00
2026-04-07,FC006,BAK-BRD-001,70,30,2026-04-16 03:15:00
2026-04-07,FC006,BAK-CRS-002,124,30,2026-04-16 03:15:00
2026-04-07,FC006,BAK-SRD-003,5,30,2026-04-16 03:15:00
2026-04-07,FC006,BAK-BGL-004,146,30,2026-04-16 03:15:00
2026-04-07,FC006,PRD-BAN-001,123,30,2026-04-16 03:15:00
2026-04-07,FC006,PRD-TOM-002,47,30,2026-04-16 03:15:00
2026-04-07,FC006,PRD-BRC-003,47,30,2026-04-16 03:15:00
2026-04-07,FC006,PRD-APL-004,155,30,2026-04-16 03:15:00
2026-04-07,FC006,BEV-COL-001,101,30,2026-04-16 03:15:00
2026-04-07,FC006,BEV-OJU-002,122,30,2026-04-16 03:15:00
2026-04-07,FC006,BEV-WAT-003,56,30,2026-04-16 03:15:00
2026-04-07,FC006,BEV-BER-004,28,30,2026-04-16 03:15:00
2026-04-07,FC006,FRZ-PIZ-001,46,30,2026-04-16 03:15:00
2026-04-07,FC006,FRZ-ICE-002,0,30,2026-04-16 03:15:00
2026-04-07,FC006,FRZ-FRI-003,108,30,2026-04-16 03:15:00
2026-04-07,FC006,FRZ-PEA-004,50,30,2026-04-16 03:15:00
2026-04-07,FC006,SNK-CHP-001,47,30,2026-04-16 03:15:00
2026-04-07,FC006,SNK-CHC-002,26,30,2026-04-16 03:15:00
2026-04-07,FC006,SNK-BSC-003,139,30,2026-04-16 03:15:00
2026-04-07,FC006,SNK-NUT-004,40,30,2026-04-16 03:15:00
2026-04-07,FC007,FRS-MLK-001,39,15,2026-04-16 03:15:00
2026-04-07,FC007,FRS-YGT-002,16,15,2026-04-16 03:15:00
2026-04-07,FC007,FRS-CHD-003,77,15,2026-04-16 03:15:00
2026-04-07,FC007,FRS-BTR-004,128,15,2026-04-16 03:15:00
2026-04-07,FC007,BAK-BRD-001,54,15,2026-04-16 03:15:00
2026-04-07,FC007,BAK-CRS-002,93,15,2026-04-16 03:15:00
2026-04-07,FC007,BAK-SRD-003,142,15,2026-04-16 03:15:00
2026-04-07,FC007,BAK-BGL-004,59,15,2026-04-16 03:15:00
2026-04-07,FC007,PRD-BAN-001,97,15,2026-04-16 03:15:00
2026-04-07,FC007,PRD-TOM-002,123,15,2026-04-16 03:15:00
2026-04-07,FC007,PRD-BRC-003,34,15,2026-04-16 03:15:00
2026-04-07,FC007,PRD-APL-004,71,15,2026-04-16 03:15:00
2026-04-07,FC007,BEV-COL-001,126,15,2026-04-16 03:15:00
2026-04-07,FC007,BEV-OJU-002,74,15,2026-04-16 03:15:00
2026-04-07,FC007,BEV-WAT-003,145,15,2026-04-16 03:15:00
2026-04-07,FC007,BEV-BER-004,66,15,2026-04-16 03:15:00
2026-04-07,FC007,FRZ-PIZ-001,51,15,2026-04-16 03:15:00
2026-04-07,FC007,FRZ-ICE-002,58,15,2026-04-16 03:15:00
2026-04-07,FC007,FRZ-FRI-003,153,15,2026-04-16 03:15:00
2026-04-07,FC007,FRZ-PEA-004,37,15,2026-04-16 03:15:00
2026-04-07,FC007,SNK-CHP-001,99,15,2026-04-16 03:15:00
2026-04-07,FC007,SNK-CHC-002,93,15,2026-04-16 03:15:00
2026-04-07,FC007,SNK-BSC-003,40,15,2026-04-16 03:15:00
2026-04-07,FC007,SNK-NUT-004,93,15,2026-04-16 03:15:00
2026-04-07,FC008,FRS-MLK-001,10,15,2026-04-16 03:15:00
2026-04-07,FC008,FRS-YGT-002,87,15,2026-04-16 03:15:00
2026-04-07,FC008,FRS-CHD-003,32,15,2026-04-16 03:15:00
2026-04-07,FC008,FRS-BTR-004,153,15,2026-04-16 03:15:00
2026-04-07,FC008,BAK-BRD-001,98,15,2026-04-16 03:15:00
2026-04-07,FC008,BAK-CRS-002,56,15,2026-04-16 03:15:00
2026-04-07,FC008,BAK-SRD-003,59,15,2026-04-16 03:15:00
2026-04-07,FC008,BAK-BGL-004,29,15,2026-04-16 03:15:00
2026-04-07,FC008,PRD-BAN-001,54,15,2026-04-16 03:15:00
2026-04-07,FC008,PRD-TOM-002,88,15,2026-04-16 03:15:00
2026-04-07,FC008,PRD-BRC-003,36,15,2026-04-16 03:15:00
2026-04-07,FC008,PRD-APL-004,37,15,2026-04-16 03:15:00
2026-04-07,FC008,BEV-COL-001,108,15,2026-04-16 03:15:00
2026-04-07,FC008,BEV-OJU-002,84,15,2026-04-16 03:15:00
2026-04-07,FC008,BEV-WAT-003,27,15,2026-04-16 03:15:00
2026-04-07,FC008,BEV-BER-004,68,15,2026-04-16 03:15:00
2026-04-07,FC008,FRZ-PIZ-001,88,15,2026-04-16 03:15:00
2026-04-07,FC008,FRZ-ICE-002,88,15,2026-04-16 03:15:00
2026-04-07,FC008,FRZ-FRI-003,14,15,2026-04-16 03:15:00
2026-04-07,FC008,FRZ-PEA-004,46,15,2026-04-16 03:15:00
2026-04-07,FC008,SNK-CHP-001,79,15,2026-04-16 03:15:00
2026-04-07,FC008,SNK-CHC-002,134,15,2026-04-16 03:15:00
2026-04-07,FC008,SNK-BSC-003,58,15,2026-04-16 03:15:00
2026-04-07,FC008,SNK-NUT-004,62,15,2026-04-16 03:15:00
2026-04-08,FC001,FRS-MLK-001,100,30,2026-04-16 03:15:00
2026-04-08,FC001,FRS-YGT-002,21,30,2026-04-16 03:15:00
2026-04-08,FC001,FRS-CHD-003,42,30,2026-04-16 03:15:00
2026-04-08,FC001,FRS-BTR-004,109,30,2026-04-16 03:15:00
2026-04-08,FC001,BAK-BRD-001,92,30,2026-04-16 03:15:00
2026-04-08,FC001,BAK-CRS-002,22,30,2026-04-16 03:15:00
2026-04-08,FC001,BAK-SRD-003,22,30,2026-04-16 03:15:00
2026-04-08,FC001,BAK-BGL-004,96,30,2026-04-16 03:15:00
2026-04-08,FC001,PRD-BAN-001,66,30,2026-04-16 03:15:00
2026-04-08,FC001,PRD-TOM-002,127,30,2026-04-16 03:15:00
2026-04-08,FC001,PRD-BRC-003,46,30,2026-04-16 03:15:00
2026-04-08,FC001,PRD-APL-004,106,30,2026-04-16 03:15:00
2026-04-08,FC001,BEV-COL-001,29,30,2026-04-16 03:15:00
2026-04-08,FC001,BEV-OJU-002,39,30,2026-04-16 03:15:00
2026-04-08,FC001,BEV-WAT-003,96,30,2026-04-16 03:15:00
2026-04-08,FC001,BEV-BER-004,86,30,2026-04-16 03:15:00
2026-04-08,FC001,FRZ-PIZ-001,44,30,2026-04-16 03:15:00
2026-04-08,FC001,FRZ-ICE-002,11,30,2026-04-16 03:15:00
2026-04-08,FC001,FRZ-FRI-003,0,30,2026-04-16 03:15:00
2026-04-08,FC001,FRZ-PEA-004,83,30,2026-04-16 03:15:00
2026-04-08,FC001,SNK-CHP-001,30,30,2026-04-16 03:15:00
2026-04-08,FC001,SNK-CHC-002,15,30,2026-04-16 03:15:00
2026-04-08,FC001,SNK-BSC-003,38,30,2026-04-16 03:15:00
2026-04-08,FC001,SNK-NUT-004,111,30,2026-04-16 03:15:00
2026-04-08,FC002,FRS-MLK-001,41,30,2026-04-16 03:15:00
2026-04-08,FC002,FRS-YGT-002,90,30,2026-04-16 03:15:00
2026-04-08,FC002,FRS-CHD-003,52,30,2026-04-16 03:15:00
2026-04-08,FC002,FRS-BTR-004,60,30,2026-04-16 03:15:00
2026-04-08,FC002,BAK-BRD-001,118,30,2026-04-16 03:15:00
2026-04-08,FC002,BAK-CRS-002,111,30,2026-04-16 03:15:00
2026-04-08,FC002,BAK-SRD-003,53,30,2026-04-16 03:15:00
2026-04-08,FC002,BAK-BGL-004,0,30,2026-04-16 03:15:00
2026-04-08,FC002,PRD-BAN-001,39,30,2026-04-16 03:15:00
2026-04-08,FC002,PRD-TOM-002,45,30,2026-04-16 03:15:00
2026-04-08,FC002,PRD-BRC-003,83,30,2026-04-16 03:15:00
2026-04-08,FC002,PRD-APL-004,113,30,2026-04-16 03:15:00
2026-04-08,FC002,BEV-COL-001,33,30,2026-04-16 03:15:00
2026-04-08,FC002,BEV-OJU-002,0,30,2026-04-16 03:15:00
2026-04-08,FC002,BEV-WAT-003,47,30,2026-04-16 03:15:00
2026-04-08,FC002,BEV-BER-004,112,30,2026-04-16 03:15:00
2026-04-08,FC002,FRZ-PIZ-001,39,30,2026-04-16 03:15:00
2026-04-08,FC002,FRZ-ICE-002,30,30,2026-04-16 03:15:00
2026-04-08,FC002,FRZ-FRI-003,96,30,2026-04-16 03:15:00
2026-04-08,FC002,FRZ-PEA-004,134,30,2026-04-16 03:15:00
2026-04-08,FC002,SNK-CHP-001,39,30,2026-04-16 03:15:00
2026-04-08,FC002,SNK-CHC-002,37,30,2026-04-16 03:15:00
2026-04-08,FC002,SNK-BSC-003,154,30,2026-04-16 03:15:00
2026-04-08,FC002,SNK-NUT-004,98,30,2026-04-16 03:15:00
2026-04-08,FC003,FRS-MLK-001,72,30,2026-04-16 03:15:00
2026-04-08,FC003,FRS-YGT-002,100,30,2026-04-16 03:15:00
2026-04-08,FC003,FRS-CHD-003,86,30,2026-04-16 03:15:00
2026-04-08,FC003,FRS-BTR-004,70,30,2026-04-16 03:15:00
2026-04-08,FC003,BAK-BRD-001,51,30,2026-04-16 03:15:00
2026-04-08,FC003,BAK-CRS-002,26,30,2026-04-16 03:15:00
2026-04-08,FC003,BAK-SRD-003,75,30,2026-04-16 03:15:00
2026-04-08,FC003,BAK-BGL-004,116,30,2026-04-16 03:15:00
2026-04-08,FC003,PRD-BAN-001,5,30,2026-04-16 03:15:00
2026-04-08,FC003,PRD-TOM-002,35,30,2026-04-16 03:15:00
2026-04-08,FC003,PRD-BRC-003,114,30,2026-04-16 03:15:00
2026-04-08,FC003,PRD-APL-004,89,30,2026-04-16 03:15:00
2026-04-08,FC003,BEV-COL-001,25,30,2026-04-16 03:15:00
2026-04-08,FC003,BEV-OJU-002,128,30,2026-04-16 03:15:00
2026-04-08,FC003,BEV-WAT-003,69,30,2026-04-16 03:15:00
2026-04-08,FC003,BEV-BER-004,77,30,2026-04-16 03:15:00
2026-04-08,FC003,FRZ-PIZ-001,36,30,2026-04-16 03:15:00
2026-04-08,FC003,FRZ-ICE-002,148,30,2026-04-16 03:15:00
2026-04-08,FC003,FRZ-FRI-003,117,30,2026-04-16 03:15:00
2026-04-08,FC003,FRZ-PEA-004,79,30,2026-04-16 03:15:00
2026-04-08,FC003,SNK-CHP-001,72,30,2026-04-16 03:15:00
2026-04-08,FC003,SNK-CHC-002,74,30,2026-04-16 03:15:00
2026-04-08,FC003,SNK-BSC-003,57,30,2026-04-16 03:15:00
2026-04-08,FC003,SNK-NUT-004,104,30,2026-04-16 03:15:00
2026-04-08,FC004,FRS-MLK-001,137,15,2026-04-16 03:15:00
2026-04-08,FC004,FRS-YGT-002,85,15,2026-04-16 03:15:00
2026-04-08,FC004,FRS-CHD-003,72,15,2026-04-16 03:15:00
2026-04-08,FC004,FRS-BTR-004,45,15,2026-04-16 03:15:00
2026-04-08,FC004,BAK-BRD-001,75,15,2026-04-16 03:15:00
2026-04-08,FC004,BAK-CRS-002,30,15,2026-04-16 03:15:00
2026-04-08,FC004,BAK-SRD-003,54,15,2026-04-16 03:15:00
2026-04-08,FC004,BAK-BGL-004,73,15,2026-04-16 03:15:00
2026-04-08,FC004,PRD-BAN-001,135,15,2026-04-16 03:15:00
2026-04-08,FC004,PRD-TOM-002,35,15,2026-04-16 03:15:00
2026-04-08,FC004,PRD-BRC-003,61,15,2026-04-16 03:15:00
2026-04-08,FC004,PRD-APL-004,105,15,2026-04-16 03:15:00
2026-04-08,FC004,BEV-COL-001,42,15,2026-04-16 03:15:00
2026-04-08,FC004,BEV-OJU-002,60,15,2026-04-16 03:15:00
2026-04-08,FC004,BEV-WAT-003,43,15,2026-04-16 03:15:00
2026-04-08,FC004,BEV-BER-004,41,15,2026-04-16 03:15:00
2026-04-08,FC004,FRZ-PIZ-001,104,15,2026-04-16 03:15:00
2026-04-08,FC004,FRZ-ICE-002,66,15,2026-04-16 03:15:00
2026-04-08,FC004,FRZ-FRI-003,99,15,2026-04-16 03:15:00
2026-04-08,FC004,FRZ-PEA-004,54,15,2026-04-16 03:15:00
2026-04-08,FC004,SNK-CHP-001,70,15,2026-04-16 03:15:00
2026-04-08,FC004,SNK-CHC-002,48,15,2026-04-16 03:15:00
2026-04-08,FC004,SNK-BSC-003,159,15,2026-04-16 03:15:00
2026-04-08,FC004,SNK-NUT-004,114,15,2026-04-16 03:15:00
2026-04-08,FC005,FRS-MLK-001,37,30,2026-04-16 03:15:00
2026-04-08,FC005,FRS-YGT-002,151,30,2026-04-16 03:15:00
2026-04-08,FC005,FRS-CHD-003,0,30,2026-04-16 03:15:00
2026-04-08,FC005,FRS-BTR-004,78,30,2026-04-16 03:15:00
2026-04-08,FC005,BAK-BRD-001,123,30,2026-04-16 03:15:00
2026-04-08,FC005,BAK-CRS-002,37,30,2026-04-16 03:15:00
2026-04-08,FC005,BAK-SRD-003,132,30,2026-04-16 03:15:00
2026-04-08,FC005,BAK-BGL-004,117,30,2026-04-16 03:15:00
2026-04-08,FC005,PRD-BAN-001,71,30,2026-04-16 03:15:00
2026-04-08,FC005,PRD-TOM-002,22,30,2026-04-16 03:15:00
2026-04-08,FC005,PRD-BRC-003,44,30,2026-04-16 03:15:00
2026-04-08,FC005,PRD-APL-004,52,30,2026-04-16 03:15:00
2026-04-08,FC005,BEV-COL-001,104,30,2026-04-16 03:15:00
2026-04-08,FC005,BEV-OJU-002,36,30,2026-04-16 03:15:00
2026-04-08,FC005,BEV-WAT-003,38,30,2026-04-16 03:15:00
2026-04-08,FC005,BEV-BER-004,105,30,2026-04-16 03:15:00
2026-04-08,FC005,FRZ-PIZ-001,77,30,2026-04-16 03:15:00
2026-04-08,FC005,FRZ-ICE-002,126,30,2026-04-16 03:15:00
2026-04-08,FC005,FRZ-FRI-003,150,30,2026-04-16 03:15:00
2026-04-08,FC005,FRZ-PEA-004,136,30,2026-04-16 03:15:00
2026-04-08,FC005,SNK-CHP-001,141,30,2026-04-16 03:15:00
2026-04-08,FC005,SNK-CHC-002,68,30,2026-04-16 03:15:00
2026-04-08,FC005,SNK-BSC-003,40,30,2026-04-16 03:15:00
2026-04-08,FC005,SNK-NUT-004,60,30,2026-04-16 03:15:00
2026-04-08,FC006,FRS-MLK-001,77,30,2026-04-16 03:15:00
2026-04-08,FC006,FRS-YGT-002,74,30,2026-04-16 03:15:00
2026-04-08,FC006,FRS-CHD-003,116,30,2026-04-16 03:15:00
2026-04-08,FC006,FRS-BTR-004,40,30,2026-04-16 03:15:00
2026-04-08,FC006,BAK-BRD-001,55,30,2026-04-16 03:15:00
2026-04-08,FC006,BAK-CRS-002,108,30,2026-04-16 03:15:00
2026-04-08,FC006,BAK-SRD-003,0,30,2026-04-16 03:15:00
2026-04-08,FC006,BAK-BGL-004,132,30,2026-04-16 03:15:00
2026-04-08,FC006,PRD-BAN-001,114,30,2026-04-16 03:15:00
2026-04-08,FC006,PRD-TOM-002,28,30,2026-04-16 03:15:00
2026-04-08,FC006,PRD-BRC-003,35,30,2026-04-16 03:15:00
2026-04-08,FC006,PRD-APL-004,149,30,2026-04-16 03:15:00
2026-04-08,FC006,BEV-COL-001,94,30,2026-04-16 03:15:00
2026-04-08,FC006,BEV-OJU-002,102,30,2026-04-16 03:15:00
2026-04-08,FC006,BEV-WAT-003,41,30,2026-04-16 03:15:00
2026-04-08,FC006,BEV-BER-004,149,30,2026-04-16 03:15:00
2026-04-08,FC006,FRZ-PIZ-001,165,30,2026-04-16 03:15:00
2026-04-08,FC006,FRZ-ICE-002,0,30,2026-04-16 03:15:00
2026-04-08,FC006,FRZ-FRI-003,106,30,2026-04-16 03:15:00
2026-04-08,FC006,FRZ-PEA-004,34,30,2026-04-16 03:15:00
2026-04-08,FC006,SNK-CHP-001,79,30,2026-04-16 03:15:00
2026-04-08,FC006,SNK-CHC-002,24,30,2026-04-16 03:15:00
2026-04-08,FC006,SNK-BSC-003,121,30,2026-04-16 03:15:00
2026-04-08,FC006,SNK-NUT-004,22,30,2026-04-16 03:15:00
2026-04-08,FC007,FRS-MLK-001,32,15,2026-04-16 03:15:00
2026-04-08,FC007,FRS-YGT-002,76,15,2026-04-16 03:15:00
2026-04-08,FC007,FRS-CHD-003,73,15,2026-04-16 03:15:00
2026-04-08,FC007,FRS-BTR-004,125,15,2026-04-16 03:15:00
2026-04-08,FC007,BAK-BRD-001,45,15,2026-04-16 03:15:00
2026-04-08,FC007,BAK-CRS-002,88,15,2026-04-16 03:15:00
2026-04-08,FC007,BAK-SRD-003,135,15,2026-04-16 03:15:00
2026-04-08,FC007,BAK-BGL-004,57,15,2026-04-16 03:15:00
2026-04-08,FC007,PRD-BAN-001,91,15,2026-04-16 03:15:00
2026-04-08,FC007,PRD-TOM-002,119,15,2026-04-16 03:15:00
2026-04-08,FC007,PRD-BRC-003,28,15,2026-04-16 03:15:00
2026-04-08,FC007,PRD-APL-004,67,15,2026-04-16 03:15:00
2026-04-08,FC007,BEV-COL-001,118,15,2026-04-16 03:15:00
2026-04-08,FC007,BEV-OJU-002,71,15,2026-04-16 03:15:00
2026-04-08,FC007,BEV-WAT-003,141,15,2026-04-16 03:15:00
2026-04-08,FC007,BEV-BER-004,56,15,2026-04-16 03:15:00
2026-04-08,FC007,FRZ-PIZ-001,50,15,2026-04-16 03:15:00
2026-04-08,FC007,FRZ-ICE-002,54,15,2026-04-16 03:15:00
2026-04-08,FC007,FRZ-FRI-003,145,15,2026-04-16 03:15:00
2026-04-08,FC007,FRZ-PEA-004,34,15,2026-04-16 03:15:00
2026-04-08,FC007,SNK-CHP-001,92,15,2026-04-16 03:15:00
2026-04-08,FC007,SNK-CHC-002,84,15,2026-04-16 03:15:00
2026-04-08,FC007,SNK-BSC-003,31,15,2026-04-16 03:15:00
2026-04-08,FC007,SNK-NUT-004,89,15,2026-04-16 03:15:00
2026-04-08,FC008,FRS-MLK-001,116,15,2026-04-16 03:15:00
2026-04-08,FC008,FRS-YGT-002,75,15,2026-04-16 03:15:00
2026-04-08,FC008,FRS-CHD-003,78,15,2026-04-16 03:15:00
2026-04-08,FC008,FRS-BTR-004,142,15,2026-04-16 03:15:00
2026-04-08,FC008,BAK-BRD-001,83,15,2026-04-16 03:15:00
2026-04-08,FC008,BAK-CRS-002,41,15,2026-04-16 03:15:00
2026-04-08,FC008,BAK-SRD-003,57,15,2026-04-16 03:15:00
2026-04-08,FC008,BAK-BGL-004,20,15,2026-04-16 03:15:00
2026-04-08,FC008,PRD-BAN-001,44,15,2026-04-16 03:15:00
2026-04-08,FC008,PRD-TOM-002,85,15,2026-04-16 03:15:00
2026-04-08,FC008,PRD-BRC-003,34,15,2026-04-16 03:15:00
2026-04-08,FC008,PRD-APL-004,23,15,2026-04-16 03:15:00
2026-04-08,FC008,BEV-COL-001,98,15,2026-04-16 03:15:00
2026-04-08,FC008,BEV-OJU-002,80,15,2026-04-16 03:15:00
2026-04-08,FC008,BEV-WAT-003,22,15,2026-04-16 03:15:00
2026-04-08,FC008,BEV-BER-004,50,15,2026-04-16 03:15:00
2026-04-08,FC008,FRZ-PIZ-001,80,15,2026-04-16 03:15:00
2026-04-08,FC008,FRZ-ICE-002,86,15,2026-04-16 03:15:00
2026-04-08,FC008,FRZ-FRI-003,0,15,2026-04-16 03:15:00
2026-04-08,FC008,FRZ-PEA-004,27,15,2026-04-16 03:15:00
2026-04-08,FC008,SNK-CHP-001,76,15,2026-04-16 03:15:00
2026-04-08,FC008,SNK-CHC-002,121,15,2026-04-16 03:15:00
2026-04-08,FC008,SNK-BSC-003,53,15,2026-04-16 03:15:00
2026-04-08,FC008,SNK-NUT-004,56,15,2026-04-16 03:15:00
2026-04-09,FC001,FRS-MLK-001,91,30,2026-04-16 03:15:00
2026-04-09,FC001,FRS-YGT-002,146,30,2026-04-16 03:15:00
2026-04-09,FC001,FRS-CHD-003,117,30,2026-04-16 03:15:00
2026-04-09,FC001,FRS-BTR-004,90,30,2026-04-16 03:15:00
2026-04-09,FC001,BAK-BRD-001,84,30,2026-04-16 03:15:00
2026-04-09,FC001,BAK-CRS-002,2,30,2026-04-16 03:15:00
2026-04-09,FC001,BAK-SRD-003,133,30,2026-04-16 03:15:00
2026-04-09,FC001,BAK-BGL-004,83,30,2026-04-16 03:15:00
2026-04-09,FC001,PRD-BAN-001,55,30,2026-04-16 03:15:00
2026-04-09,FC001,PRD-TOM-002,109,30,2026-04-16 03:15:00
2026-04-09,FC001,PRD-BRC-003,27,30,2026-04-16 03:15:00
2026-04-09,FC001,PRD-APL-004,93,30,2026-04-16 03:15:00
2026-04-09,FC001,BEV-COL-001,18,30,2026-04-16 03:15:00
2026-04-09,FC001,BEV-OJU-002,36,30,2026-04-16 03:15:00
2026-04-09,FC001,BEV-WAT-003,81,30,2026-04-16 03:15:00
2026-04-09,FC001,BEV-BER-004,77,30,2026-04-16 03:15:00
2026-04-09,FC001,FRZ-PIZ-001,34,30,2026-04-16 03:15:00
2026-04-09,FC001,FRZ-ICE-002,66,30,2026-04-16 03:15:00
2026-04-09,FC001,FRZ-FRI-003,103,30,2026-04-16 03:15:00
2026-04-09,FC001,FRZ-PEA-004,68,30,2026-04-16 03:15:00
2026-04-09,FC001,SNK-CHP-001,127,30,2026-04-16 03:15:00
2026-04-09,FC001,SNK-CHC-002,74,30,2026-04-16 03:15:00
2026-04-09,FC001,SNK-BSC-003,21,30,2026-04-16 03:15:00
2026-04-09,FC001,SNK-NUT-004,95,30,2026-04-16 03:15:00
2026-04-09,FC002,FRS-MLK-001,25,30,2026-04-16 03:15:00
2026-04-09,FC002,FRS-YGT-002,76,30,2026-04-16 03:15:00
2026-04-09,FC002,FRS-CHD-003,45,30,2026-04-16 03:15:00
2026-04-09,FC002,FRS-BTR-004,51,30,2026-04-16 03:15:00
2026-04-09,FC002,BAK-BRD-001,108,30,2026-04-16 03:15:00
2026-04-09,FC002,BAK-CRS-002,98,30,2026-04-16 03:15:00
2026-04-09,FC002,BAK-SRD-003,34,30,2026-04-16 03:15:00
2026-04-09,FC002,BAK-BGL-004,0,30,2026-04-16 03:15:00
2026-04-09,FC002,PRD-BAN-001,34,30,2026-04-16 03:15:00
2026-04-09,FC002,PRD-TOM-002,25,30,2026-04-16 03:15:00
2026-04-09,FC002,PRD-BRC-003,68,30,2026-04-16 03:15:00
2026-04-09,FC002,PRD-APL-004,94,30,2026-04-16 03:15:00
2026-04-09,FC002,BEV-COL-001,111,30,2026-04-16 03:15:00
2026-04-09,FC002,BEV-OJU-002,77,30,2026-04-16 03:15:00
2026-04-09,FC002,BEV-WAT-003,40,30,2026-04-16 03:15:00
2026-04-09,FC002,BEV-BER-004,100,30,2026-04-16 03:15:00
2026-04-09,FC002,FRZ-PIZ-001,36,30,2026-04-16 03:15:00
2026-04-09,FC002,FRZ-ICE-002,138,30,2026-04-16 03:15:00
2026-04-09,FC002,FRZ-FRI-003,88,30,2026-04-16 03:15:00
2026-04-09,FC002,FRZ-PEA-004,120,30,2026-04-16 03:15:00
2026-04-09,FC002,SNK-CHP-001,36,30,2026-04-16 03:15:00
2026-04-09,FC002,SNK-CHC-002,104,30,2026-04-16 03:15:00
2026-04-09,FC002,SNK-BSC-003,150,30,2026-04-16 03:15:00
2026-04-09,FC002,SNK-NUT-004,88,30,2026-04-16 03:15:00
2026-04-09,FC003,FRS-MLK-001,66,30,2026-04-16 03:15:00
2026-04-09,FC003,FRS-YGT-002,88,30,2026-04-16 03:15:00
2026-04-09,FC003,FRS-CHD-003,81,30,2026-04-16 03:15:00
2026-04-09,FC003,FRS-BTR-004,60,30,2026-04-16 03:15:00
2026-04-09,FC003,BAK-BRD-001,39,30,2026-04-16 03:15:00
2026-04-09,FC003,BAK-CRS-002,19,30,2026-04-16 03:15:00
2026-04-09,FC003,BAK-SRD-003,55,30,2026-04-16 03:15:00
2026-04-09,FC003,BAK-BGL-004,110,30,2026-04-16 03:15:00
2026-04-09,FC003,PRD-BAN-001,0,30,2026-04-16 03:15:00
2026-04-09,FC003,PRD-TOM-002,30,30,2026-04-16 03:15:00
2026-04-09,FC003,PRD-BRC-003,99,30,2026-04-16 03:15:00
2026-04-09,FC003,PRD-APL-004,87,30,2026-04-16 03:15:00
2026-04-09,FC003,BEV-COL-001,150,30,2026-04-16 03:15:00
2026-04-09,FC003,BEV-OJU-002,113,30,2026-04-16 03:15:00
2026-04-09,FC003,BEV-WAT-003,61,30,2026-04-16 03:15:00
2026-04-09,FC003,BEV-BER-004,66,30,2026-04-16 03:15:00
2026-04-09,FC003,FRZ-PIZ-001,19,30,2026-04-16 03:15:00
2026-04-09,FC003,FRZ-ICE-002,146,30,2026-04-16 03:15:00
2026-04-09,FC003,FRZ-FRI-003,98,30,2026-04-16 03:15:00
2026-04-09,FC003,FRZ-PEA-004,69,30,2026-04-16 03:15:00
2026-04-09,FC003,SNK-CHP-001,55,30,2026-04-16 03:15:00
2026-04-09,FC003,SNK-CHC-002,66,30,2026-04-16 03:15:00
2026-04-09,FC003,SNK-BSC-003,55,30,2026-04-16 03:15:00
2026-04-09,FC003,SNK-NUT-004,98,30,2026-04-16 03:15:00
2026-04-09,FC004,FRS-MLK-001,132,15,2026-04-16 03:15:00
2026-04-09,FC004,FRS-YGT-002,76,15,2026-04-16 03:15:00
2026-04-09,FC004,FRS-CHD-003,65,15,2026-04-16 03:15:00
2026-04-09,FC004,FRS-BTR-004,44,15,2026-04-16 03:15:00
2026-04-09,FC004,BAK-BRD-001,73,15,2026-04-16 03:15:00
2026-04-09,FC004,BAK-CRS-002,27,15,2026-04-16 03:15:00
2026-04-09,FC004,BAK-SRD-003,48,15,2026-04-16 03:15:00
2026-04-09,FC004,BAK-BGL-004,70,15,2026-04-16 03:15:00
2026-04-09,FC004,PRD-BAN-001,134,15,2026-04-16 03:15:00
2026-04-09,FC004,PRD-TOM-002,30,15,2026-04-16 03:15:00
2026-04-09,FC004,PRD-BRC-003,55,15,2026-04-16 03:15:00
2026-04-09,FC004,PRD-APL-004,98,15,2026-04-16 03:15:00
2026-04-09,FC004,BEV-COL-001,34,15,2026-04-16 03:15:00
2026-04-09,FC004,BEV-OJU-002,59,15,2026-04-16 03:15:00
2026-04-09,FC004,BEV-WAT-003,40,15,2026-04-16 03:15:00
2026-04-09,FC004,BEV-BER-004,34,15,2026-04-16 03:15:00
2026-04-09,FC004,FRZ-PIZ-001,100,15,2026-04-16 03:15:00
2026-04-09,FC004,FRZ-ICE-002,64,15,2026-04-16 03:15:00
2026-04-09,FC004,FRZ-FRI-003,95,15,2026-04-16 03:15:00
2026-04-09,FC004,FRZ-PEA-004,47,15,2026-04-16 03:15:00
2026-04-09,FC004,SNK-CHP-001,65,15,2026-04-16 03:15:00
2026-04-09,FC004,SNK-CHC-002,43,15,2026-04-16 03:15:00
2026-04-09,FC004,SNK-BSC-003,157,15,2026-04-16 03:15:00
2026-04-09,FC004,SNK-NUT-004,110,15,2026-04-16 03:15:00
2026-04-09,FC005,FRS-MLK-001,24,30,2026-04-16 03:15:00
2026-04-09,FC005,FRS-YGT-002,143,30,2026-04-16 03:15:00
2026-04-09,FC005,FRS-CHD-003,122,30,2026-04-16 03:15:00
2026-04-09,FC005,FRS-BTR-004,64,30,2026-04-16 03:15:00
2026-04-09,FC005,BAK-BRD-001,107,30,2026-04-16 03:15:00
2026-04-09,FC005,BAK-CRS-002,157,30,2026-04-16 03:15:00
2026-04-09,FC005,BAK-SRD-003,125,30,2026-04-16 03:15:00
2026-04-09,FC005,BAK-BGL-004,106,30,2026-04-16 03:15:00
2026-04-09,FC005,PRD-BAN-001,67,30,2026-04-16 03:15:00
2026-04-09,FC005,PRD-TOM-002,16,30,2026-04-16 03:15:00
2026-04-09,FC005,PRD-BRC-003,37,30,2026-04-16 03:15:00
2026-04-09,FC005,PRD-APL-004,49,30,2026-04-16 03:15:00
2026-04-09,FC005,BEV-COL-001,91,30,2026-04-16 03:15:00
2026-04-09,FC005,BEV-OJU-002,19,30,2026-04-16 03:15:00
2026-04-09,FC005,BEV-WAT-003,27,30,2026-04-16 03:15:00
2026-04-09,FC005,BEV-BER-004,102,30,2026-04-16 03:15:00
2026-04-09,FC005,FRZ-PIZ-001,75,30,2026-04-16 03:15:00
2026-04-09,FC005,FRZ-ICE-002,110,30,2026-04-16 03:15:00
2026-04-09,FC005,FRZ-FRI-003,141,30,2026-04-16 03:15:00
2026-04-09,FC005,FRZ-PEA-004,131,30,2026-04-16 03:15:00
2026-04-09,FC005,SNK-CHP-001,130,30,2026-04-16 03:15:00
2026-04-09,FC005,SNK-CHC-002,49,30,2026-04-16 03:15:00
2026-04-09,FC005,SNK-BSC-003,20,30,2026-04-16 03:15:00
2026-04-09,FC005,SNK-NUT-004,43,30,2026-04-16 03:15:00
2026-04-09,FC006,FRS-MLK-001,69,30,2026-04-16 03:15:00
2026-04-09,FC006,FRS-YGT-002,55,30,2026-04-16 03:15:00
2026-04-09,FC006,FRS-CHD-003,100,30,2026-04-16 03:15:00
2026-04-09,FC006,FRS-BTR-004,38,30,2026-04-16 03:15:00
2026-04-09,FC006,BAK-BRD-001,51,30,2026-04-16 03:15:00
2026-04-09,FC006,BAK-CRS-002,102,30,2026-04-16 03:15:00
2026-04-09,FC006,BAK-SRD-003,150,30,2026-04-16 03:15:00
2026-04-09,FC006,BAK-BGL-004,121,30,2026-04-16 03:15:00
2026-04-09,FC006,PRD-BAN-001,105,30,2026-04-16 03:15:00
2026-04-09,FC006,PRD-TOM-002,129,30,2026-04-16 03:15:00
2026-04-09,FC006,PRD-BRC-003,145,30,2026-04-16 03:15:00
2026-04-09,FC006,PRD-APL-004,147,30,2026-04-16 03:15:00
2026-04-09,FC006,BEV-COL-001,82,30,2026-04-16 03:15:00
2026-04-09,FC006,BEV-OJU-002,98,30,2026-04-16 03:15:00
2026-04-09,FC006,BEV-WAT-003,32,30,2026-04-16 03:15:00
2026-04-09,FC006,BEV-BER-004,147,30,2026-04-16 03:15:00
2026-04-09,FC006,FRZ-PIZ-001,163,30,2026-04-16 03:15:00
2026-04-09,FC006,FRZ-ICE-002,126,30,2026-04-16 03:15:00
2026-04-09,FC006,FRZ-FRI-003,88,30,2026-04-16 03:15:00
2026-04-09,FC006,FRZ-PEA-004,71,30,2026-04-16 03:15:00
2026-04-09,FC006,SNK-CHP-001,64,30,2026-04-16 03:15:00
2026-04-09,FC006,SNK-CHC-002,124,30,2026-04-16 03:15:00
2026-04-09,FC006,SNK-BSC-003,110,30,2026-04-16 03:15:00
2026-04-09,FC006,SNK-NUT-004,144,30,2026-04-16 03:15:00
2026-04-09,FC007,FRS-MLK-001,25,15,2026-04-16 03:15:00
2026-04-09,FC007,FRS-YGT-002,70,15,2026-04-16 03:15:00
2026-04-09,FC007,FRS-CHD-003,70,15,2026-04-16 03:15:00
2026-04-09,FC007,FRS-BTR-004,117,15,2026-04-16 03:15:00
2026-04-09,FC007,BAK-BRD-001,37,15,2026-04-16 03:15:00
2026-04-09,FC007,BAK-CRS-002,80,15,2026-04-16 03:15:00
2026-04-09,FC007,BAK-SRD-003,131,15,2026-04-16 03:15:00
2026-04-09,FC007,BAK-BGL-004,55,15,2026-04-16 03:15:00
2026-04-09,FC007,PRD-BAN-001,83,15,2026-04-16 03:15:00
2026-04-09,FC007,PRD-TOM-002,111,15,2026-04-16 03:15:00
2026-04-09,FC007,PRD-BRC-003,146,15,2026-04-16 03:15:00
2026-04-09,FC007,PRD-APL-004,59,15,2026-04-16 03:15:00
2026-04-09,FC007,BEV-COL-001,111,15,2026-04-16 03:15:00
2026-04-09,FC007,BEV-OJU-002,63,15,2026-04-16 03:15:00
2026-04-09,FC007,BEV-WAT-003,134,15,2026-04-16 03:15:00
2026-04-09,FC007,BEV-BER-004,47,15,2026-04-16 03:15:00
2026-04-09,FC007,FRZ-PIZ-001,42,15,2026-04-16 03:15:00
2026-04-09,FC007,FRZ-ICE-002,48,15,2026-04-16 03:15:00
2026-04-09,FC007,FRZ-FRI-003,144,15,2026-04-16 03:15:00
2026-04-09,FC007,FRZ-PEA-004,33,15,2026-04-16 03:15:00
2026-04-09,FC007,SNK-CHP-001,84,15,2026-04-16 03:15:00
2026-04-09,FC007,SNK-CHC-002,83,15,2026-04-16 03:15:00
2026-04-09,FC007,SNK-BSC-003,27,15,2026-04-16 03:15:00
2026-04-09,FC007,SNK-NUT-004,80,15,2026-04-16 03:15:00
2026-04-09,FC008,FRS-MLK-001,106,15,2026-04-16 03:15:00
2026-04-09,FC008,FRS-YGT-002,66,15,2026-04-16 03:15:00
2026-04-09,FC008,FRS-CHD-003,74,15,2026-04-16 03:15:00
2026-04-09,FC008,FRS-BTR-004,135,15,2026-04-16 03:15:00
2026-04-09,FC008,BAK-BRD-001,81,15,2026-04-16 03:15:00
2026-04-09,FC008,BAK-CRS-002,22,15,2026-04-16 03:15:00
2026-04-09,FC008,BAK-SRD-003,48,15,2026-04-16 03:15:00
2026-04-09,FC008,BAK-BGL-004,104,15,2026-04-16 03:15:00
2026-04-09,FC008,PRD-BAN-001,38,15,2026-04-16 03:15:00
2026-04-09,FC008,PRD-TOM-002,81,15,2026-04-16 03:15:00
2026-04-09,FC008,PRD-BRC-003,16,15,2026-04-16 03:15:00
2026-04-09,FC008,PRD-APL-004,21,15,2026-04-16 03:15:00
2026-04-09,FC008,BEV-COL-001,88,15,2026-04-16 03:15:00
2026-04-09,FC008,BEV-OJU-002,72,15,2026-04-16 03:15:00
2026-04-09,FC008,BEV-WAT-003,7,15,2026-04-16 03:15:00
2026-04-09,FC008,BEV-BER-004,48,15,2026-04-16 03:15:00
2026-04-09,FC008,FRZ-PIZ-001,74,15,2026-04-16 03:15:00
2026-04-09,FC008,FRZ-ICE-002,66,15,2026-04-16 03:15:00
2026-04-09,FC008,FRZ-FRI-003,0,15,2026-04-16 03:15:00
2026-04-09,FC008,FRZ-PEA-004,15,15,2026-04-16 03:15:00
2026-04-09,FC008,SNK-CHP-001,56,15,2026-04-16 03:15:00
2026-04-09,FC008,SNK-CHC-002,116,15,2026-04-16 03:15:00
2026-04-09,FC008,SNK-BSC-003,35,15,2026-04-16 03:15:00
2026-04-09,FC008,SNK-NUT-004,38,15,2026-04-16 03:15:00
2026-04-10,FC001,FRS-MLK-001,75,30,2026-04-16 03:15:00
2026-04-10,FC001,FRS-YGT-002,131,30,2026-04-16 03:15:00
2026-04-10,FC001,FRS-CHD-003,114,30,2026-04-16 03:15:00
2026-04-10,FC001,FRS-BTR-004,71,30,2026-04-16 03:15:00
2026-04-10,FC001,BAK-BRD-001,68,30,2026-04-16 03:15:00
2026-04-10,FC001,BAK-CRS-002,0,30,2026-04-16 03:15:00
2026-04-10,FC001,BAK-SRD-003,124,30,2026-04-16 03:15:00
2026-04-10,FC001,BAK-BGL-004,64,30,2026-04-16 03:15:00
2026-04-10,FC001,PRD-BAN-001,52,30,2026-04-16 03:15:00
2026-04-10,FC001,PRD-TOM-002,104,30,2026-04-16 03:15:00
2026-04-10,FC001,PRD-BRC-003,9,30,2026-04-16 03:15:00
2026-04-10,FC001,PRD-APL-004,90,30,2026-04-16 03:15:00
2026-04-10,FC001,BEV-COL-001,157,30,2026-04-16 03:15:00
2026-04-10,FC001,BEV-OJU-002,32,30,2026-04-16 03:15:00
2026-04-10,FC001,BEV-WAT-003,67,30,2026-04-16 03:15:00
2026-04-10,FC001,BEV-BER-004,62,30,2026-04-16 03:15:00
2026-04-10,FC001,FRZ-PIZ-001,121,30,2026-04-16 03:15:00
2026-04-10,FC001,FRZ-ICE-002,48,30,2026-04-16 03:15:00
2026-04-10,FC001,FRZ-FRI-003,91,30,2026-04-16 03:15:00
2026-04-10,FC001,FRZ-PEA-004,51,30,2026-04-16 03:15:00
2026-04-10,FC001,SNK-CHP-001,125,30,2026-04-16 03:15:00
2026-04-10,FC001,SNK-CHC-002,59,30,2026-04-16 03:15:00
2026-04-10,FC001,SNK-BSC-003,141,30,2026-04-16 03:15:00
2026-04-10,FC001,SNK-NUT-004,89,30,2026-04-16 03:15:00
2026-04-10,FC002,FRS-MLK-001,14,30,2026-04-16 03:15:00
2026-04-10,FC002,FRS-YGT-002,68,30,2026-04-16 03:15:00
2026-04-10,FC002,FRS-CHD-003,119,30,2026-04-16 03:15:00
2026-04-10,FC002,FRS-BTR-004,43,30,2026-04-16 03:15:00
2026-04-10,FC002,BAK-BRD-001,91,30,2026-04-16 03:15:00
2026-04-10,FC002,BAK-CRS-002,89,30,2026-04-16 03:15:00
2026-04-10,FC002,BAK-SRD-003,103,30,2026-04-16 03:15:00
2026-04-10,FC002,BAK-BGL-004,57,30,2026-04-16 03:15:00
2026-04-10,FC002,PRD-BAN-001,28,30,2026-04-16 03:15:00
2026-04-10,FC002,PRD-TOM-002,17,30,2026-04-16 03:15:00
2026-04-10,FC002,PRD-BRC-003,53,30,2026-04-16 03:15:00
2026-04-10,FC002,PRD-APL-004,78,30,2026-04-16 03:15:00
2026-04-10,FC002,BEV-COL-001,101,30,2026-04-16 03:15:00
2026-04-10,FC002,BEV-OJU-002,69,30,2026-04-16 03:15:00
2026-04-10,FC002,BEV-WAT-003,33,30,2026-04-16 03:15:00
2026-04-10,FC002,BEV-BER-004,82,30,2026-04-16 03:15:00
2026-04-10,FC002,FRZ-PIZ-001,26,30,2026-04-16 03:15:00
2026-04-10,FC002,FRZ-ICE-002,121,30,2026-04-16 03:15:00
2026-04-10,FC002,FRZ-FRI-003,86,30,2026-04-16 03:15:00
2026-04-10,FC002,FRZ-PEA-004,114,30,2026-04-16 03:15:00
2026-04-10,FC002,SNK-CHP-001,24,30,2026-04-16 03:15:00
2026-04-10,FC002,SNK-CHC-002,99,30,2026-04-16 03:15:00
2026-04-10,FC002,SNK-BSC-003,144,30,2026-04-16 03:15:00
2026-04-10,FC002,SNK-NUT-004,82,30,2026-04-16 03:15:00
2026-04-10,FC003,FRS-MLK-001,64,30,2026-04-16 03:15:00
2026-04-10,FC003,FRS-YGT-002,76,30,2026-04-16 03:15:00
2026-04-10,FC003,FRS-CHD-003,69,30,2026-04-16 03:15:00
2026-04-10,FC003,FRS-BTR-004,51,30,2026-04-16 03:15:00
2026-04-10,FC003,BAK-BRD-001,35,30,2026-04-16 03:15:00
2026-04-10,FC003,BAK-CRS-002,3,30,2026-04-16 03:15:00
2026-04-10,FC003,BAK-SRD-003,46,30,2026-04-16 03:15:00
2026-04-10,FC003,BAK-BGL-004,92,30,2026-04-16 03:15:00
2026-04-10,FC003,PRD-BAN-001,0,30,2026-04-16 03:15:00
2026-04-10,FC003,PRD-TOM-002,148,30,2026-04-16 03:15:00
2026-04-10,FC003,PRD-BRC-003,87,30,2026-04-16 03:15:00
2026-04-10,FC003,PRD-APL-004,73,30,2026-04-16 03:15:00
2026-04-10,FC003,BEV-COL-001,141,30,2026-04-16 03:15:00
2026-04-10,FC003,BEV-OJU-002,93,30,2026-04-16 03:15:00
2026-04-10,FC003,BEV-WAT-003,58,30,2026-04-16 03:15:00
2026-04-10,FC003,BEV-BER-004,48,30,2026-04-16 03:15:00
2026-04-10,FC003,FRZ-PIZ-001,10,30,2026-04-16 03:15:00
2026-04-10,FC003,FRZ-ICE-002,131,30,2026-04-16 03:15:00
2026-04-10,FC003,FRZ-FRI-003,93,30,2026-04-16 03:15:00
2026-04-10,FC003,FRZ-PEA-004,49,30,2026-04-16 03:15:00
2026-04-10,FC003,SNK-CHP-001,44,30,2026-04-16 03:15:00
2026-04-10,FC003,SNK-CHC-002,58,30,2026-04-16 03:15:00
2026-04-10,FC003,SNK-BSC-003,42,30,2026-04-16 03:15:00
2026-04-10,FC003,SNK-NUT-004,93,30,2026-04-16 03:15:00
2026-04-10,FC004,FRS-MLK-001,125,15,2026-04-16 03:15:00
2026-04-10,FC004,FRS-YGT-002,74,15,2026-04-16 03:15:00
2026-04-10,FC004,FRS-CHD-003,62,15,2026-04-16 03:15:00
2026-04-10,FC004,FRS-BTR-004,43,15,2026-04-16 03:15:00
2026-04-10,FC004,BAK-BRD-001,67,15,2026-04-16 03:15:00
2026-04-10,FC004,BAK-CRS-002,21,15,2026-04-16 03:15:00
2026-04-10,FC004,BAK-SRD-003,46,15,2026-04-16 03:15:00
2026-04-10,FC004,BAK-BGL-004,67,15,2026-04-16 03:15:00
2026-04-10,FC004,PRD-BAN-001,131,15,2026-04-16 03:15:00
2026-04-10,FC004,PRD-TOM-002,142,15,2026-04-16 03:15:00
2026-04-10,FC004,PRD-BRC-003,48,15,2026-04-16 03:15:00
2026-04-10,FC004,PRD-APL-004,94,15,2026-04-16 03:15:00
2026-04-10,FC004,BEV-COL-001,27,15,2026-04-16 03:15:00
2026-04-10,FC004,BEV-OJU-002,54,15,2026-04-16 03:15:00
2026-04-10,FC004,BEV-WAT-003,37,15,2026-04-16 03:15:00
2026-04-10,FC004,BEV-BER-004,31,15,2026-04-16 03:15:00
2026-04-10,FC004,FRZ-PIZ-001,93,15,2026-04-16 03:15:00
2026-04-10,FC004,FRZ-ICE-002,57,15,2026-04-16 03:15:00
2026-04-10,FC004,FRZ-FRI-003,88,15,2026-04-16 03:15:00
2026-04-10,FC004,FRZ-PEA-004,38,15,2026-04-16 03:15:00
2026-04-10,FC004,SNK-CHP-001,62,15,2026-04-16 03:15:00
2026-04-10,FC004,SNK-CHC-002,40,15,2026-04-16 03:15:00
2026-04-10,FC004,SNK-BSC-003,155,15,2026-04-16 03:15:00
2026-04-10,FC004,SNK-NUT-004,107,15,2026-04-16 03:15:00
2026-04-10,FC005,FRS-MLK-001,78,30,2026-04-16 03:15:00
2026-04-10,FC005,FRS-YGT-002,140,30,2026-04-16 03:15:00
2026-04-10,FC005,FRS-CHD-003,107,30,2026-04-16 03:15:00
2026-04-10,FC005,FRS-BTR-004,58,30,2026-04-16 03:15:00
2026-04-10,FC005,BAK-BRD-001,87,30,2026-04-16 03:15:00
2026-04-10,FC005,BAK-CRS-002,145,30,2026-04-16 03:15:00
2026-04-10,FC005,BAK-SRD-003,109,30,2026-04-16 03:15:00
2026-04-10,FC005,BAK-BGL-004,98,30,2026-04-16 03:15:00
2026-04-10,FC005,PRD-BAN-001,47,30,2026-04-16 03:15:00
2026-04-10,FC005,PRD-TOM-002,7,30,2026-04-16 03:15:00
2026-04-10,FC005,PRD-BRC-003,20,30,2026-04-16 03:15:00
2026-04-10,FC005,PRD-APL-004,30,30,2026-04-16 03:15:00
2026-04-10,FC005,BEV-COL-001,72,30,2026-04-16 03:15:00
2026-04-10,FC005,BEV-OJU-002,101,30,2026-04-16 03:15:00
2026-04-10,FC005,BEV-WAT-003,119,30,2026-04-16 03:15:00
2026-04-10,FC005,BEV-BER-004,89,30,2026-04-16 03:15:00
2026-04-10,FC005,FRZ-PIZ-001,70,30,2026-04-16 03:15:00
2026-04-10,FC005,FRZ-ICE-002,101,30,2026-04-16 03:15:00
2026-04-10,FC005,FRZ-FRI-003,125,30,2026-04-16 03:15:00
2026-04-10,FC005,FRZ-PEA-004,127,30,2026-04-16 03:15:00
2026-04-10,FC005,SNK-CHP-001,121,30,2026-04-16 03:15:00
2026-04-10,FC005,SNK-CHC-002,142,30,2026-04-16 03:15:00
2026-04-10,FC005,SNK-BSC-003,14,30,2026-04-16 03:15:00
2026-04-10,FC005,SNK-NUT-004,23,30,2026-04-16 03:15:00
2026-04-10,FC006,FRS-MLK-001,60,30,2026-04-16 03:15:00
2026-04-10,FC006,FRS-YGT-002,38,30,2026-04-16 03:15:00
2026-04-10,FC006,FRS-CHD-003,83,30,2026-04-16 03:15:00
2026-04-10,FC006,FRS-BTR-004,30,30,2026-04-16 03:15:00
2026-04-10,FC006,BAK-BRD-001,46,30,2026-04-16 03:15:00
2026-04-10,FC006,BAK-CRS-002,83,30,2026-04-16 03:15:00
2026-04-10,FC006,BAK-SRD-003,147,30,2026-04-16 03:15:00
2026-04-10,FC006,BAK-BGL-004,114,30,2026-04-16 03:15:00
2026-04-10,FC006,PRD-BAN-001,98,30,2026-04-16 03:15:00
2026-04-10,FC006,PRD-TOM-002,110,30,2026-04-16 03:15:00
2026-04-10,FC006,PRD-BRC-003,142,30,2026-04-16 03:15:00
2026-04-10,FC006,PRD-APL-004,133,30,2026-04-16 03:15:00
2026-04-10,FC006,BEV-COL-001,67,30,2026-04-16 03:15:00
2026-04-10,FC006,BEV-OJU-002,84,30,2026-04-16 03:15:00
2026-04-10,FC006,BEV-WAT-003,19,30,2026-04-16 03:15:00
2026-04-10,FC006,BEV-BER-004,145,30,2026-04-16 03:15:00
2026-04-10,FC006,FRZ-PIZ-001,153,30,2026-04-16 03:15:00
2026-04-10,FC006,FRZ-ICE-002,114,30,2026-04-16 03:15:00
2026-04-10,FC006,FRZ-FRI-003,68,30,2026-04-16 03:15:00
2026-04-10,FC006,FRZ-PEA-004,63,30,2026-04-16 03:15:00
2026-04-10,FC006,SNK-CHP-001,53,30,2026-04-16 03:15:00
2026-04-10,FC006,SNK-CHC-002,117,30,2026-04-16 03:15:00
2026-04-10,FC006,SNK-BSC-003,107,30,2026-04-16 03:15:00
2026-04-10,FC006,SNK-NUT-004,127,30,2026-04-16 03:15:00
2026-04-10,FC007,FRS-MLK-001,18,15,2026-04-16 03:15:00
2026-04-10,FC007,FRS-YGT-002,68,15,2026-04-16 03:15:00
2026-04-10,FC007,FRS-CHD-003,66,15,2026-04-16 03:15:00
2026-04-10,FC007,FRS-BTR-004,112,15,2026-04-16 03:15:00
2026-04-10,FC007,BAK-BRD-001,27,15,2026-04-16 03:15:00
2026-04-10,FC007,BAK-CRS-002,71,15,2026-04-16 03:15:00
2026-04-10,FC007,BAK-SRD-003,126,15,2026-04-16 03:15:00
2026-04-10,FC007,BAK-BGL-004,47,15,2026-04-16 03:15:00
2026-04-10,FC007,PRD-BAN-001,74,15,2026-04-16 03:15:00
2026-04-10,FC007,PRD-TOM-002,104,15,2026-04-16 03:15:00
2026-04-10,FC007,PRD-BRC-003,142,15,2026-04-16 03:15:00
2026-04-10,FC007,PRD-APL-004,57,15,2026-04-16 03:15:00
2026-04-10,FC007,BEV-COL-001,105,15,2026-04-16 03:15:00
2026-04-10,FC007,BEV-OJU-002,59,15,2026-04-16 03:15:00
2026-04-10,FC007,BEV-WAT-003,128,15,2026-04-16 03:15:00
2026-04-10,FC007,BEV-BER-004,42,15,2026-04-16 03:15:00
2026-04-10,FC007,FRZ-PIZ-001,38,15,2026-04-16 03:15:00
2026-04-10,FC007,FRZ-ICE-002,40,15,2026-04-16 03:15:00
2026-04-10,FC007,FRZ-FRI-003,137,15,2026-04-16 03:15:00
2026-04-10,FC007,FRZ-PEA-004,163,15,2026-04-16 03:15:00
2026-04-10,FC007,SNK-CHP-001,75,15,2026-04-16 03:15:00
2026-04-10,FC007,SNK-CHC-002,77,15,2026-04-16 03:15:00
2026-04-10,FC007,SNK-BSC-003,22,15,2026-04-16 03:15:00
2026-04-10,FC007,SNK-NUT-004,71,15,2026-04-16 03:15:00
2026-04-10,FC008,FRS-MLK-001,91,15,2026-04-16 03:15:00
2026-04-10,FC008,FRS-YGT-002,57,15,2026-04-16 03:15:00
2026-04-10,FC008,FRS-CHD-003,67,15,2026-04-16 03:15:00
2026-04-10,FC008,FRS-BTR-004,128,15,2026-04-16 03:15:00
2026-04-10,FC008,BAK-BRD-001,64,15,2026-04-16 03:15:00
2026-04-10,FC008,BAK-CRS-002,143,15,2026-04-16 03:15:00
2026-04-10,FC008,BAK-SRD-003,33,15,2026-04-16 03:15:00
2026-04-10,FC008,BAK-BGL-004,96,15,2026-04-16 03:15:00
2026-04-10,FC008,PRD-BAN-001,34,15,2026-04-16 03:15:00
2026-04-10,FC008,PRD-TOM-002,70,15,2026-04-16 03:15:00
2026-04-10,FC008,PRD-BRC-003,0,15,2026-04-16 03:15:00
2026-04-10,FC008,PRD-APL-004,147,15,2026-04-16 03:15:00
2026-04-10,FC008,BEV-COL-001,73,15,2026-04-16 03:15:00
2026-04-10,FC008,BEV-OJU-002,62,15,2026-04-16 03:15:00
2026-04-10,FC008,BEV-WAT-003,89,15,2026-04-16 03:15:00
2026-04-10,FC008,BEV-BER-004,43,15,2026-04-16 03:15:00
2026-04-10,FC008,FRZ-PIZ-001,68,15,2026-04-16 03:15:00
2026-04-10,FC008,FRZ-ICE-002,50,15,2026-04-16 03:15:00
2026-04-10,FC008,FRZ-FRI-003,0,15,2026-04-16 03:15:00
2026-04-10,FC008,FRZ-PEA-004,5,15,2026-04-16 03:15:00
2026-04-10,FC008,SNK-CHP-001,51,15,2026-04-16 03:15:00
2026-04-10,FC008,SNK-CHC-002,113,15,2026-04-16 03:15:00
2026-04-10,FC008,SNK-BSC-003,32,15,2026-04-16 03:15:00
2026-04-10,FC008,SNK-NUT-004,23,15,2026-04-16 03:15:00
2026-04-11,FC001,FRS-MLK-001,61,30,2026-04-16 03:15:00
2026-04-11,FC001,FRS-YGT-002,115,30,2026-04-16 03:15:00
2026-04-11,FC001,FRS-CHD-003,86,30,2026-04-16 03:15:00
2026-04-11,FC001,FRS-BTR-004,63,30,2026-04-16 03:15:00
2026-04-11,FC001,BAK-BRD-001,62,30,2026-04-16 03:15:00
2026-04-11,FC001,BAK-CRS-002,53,30,2026-04-16 03:15:00
2026-04-11,FC001,BAK-SRD-003,113,30,2026-04-16 03:15:00
2026-04-11,FC001,BAK-BGL-004,39,30,2026-04-16 03:15:00
2026-04-11,FC001,PRD-BAN-001,26,30,2026-04-16 03:15:00
2026-04-11,FC001,PRD-TOM-002,74,30,2026-04-16 03:15:00
2026-04-11,FC001,PRD-BRC-003,0,30,2026-04-16 03:15:00
2026-04-11,FC001,PRD-APL-004,65,30,2026-04-16 03:15:00
2026-04-11,FC001,BEV-COL-001,134,30,2026-04-16 03:15:00
2026-04-11,FC001,BEV-OJU-002,74,30,2026-04-16 03:15:00
2026-04-11,FC001,BEV-WAT-003,51,30,2026-04-16 03:15:00
2026-04-11,FC001,BEV-BER-004,45,30,2026-04-16 03:15:00
2026-04-11,FC001,FRZ-PIZ-001,101,30,2026-04-16 03:15:00
2026-04-11,FC001,FRZ-ICE-002,23,30,2026-04-16 03:15:00
2026-04-11,FC001,FRZ-FRI-003,72,30,2026-04-16 03:15:00
2026-04-11,FC001,FRZ-PEA-004,46,30,2026-04-16 03:15:00
2026-04-11,FC001,SNK-CHP-001,104,30,2026-04-16 03:15:00
2026-04-11,FC001,SNK-CHC-002,49,30,2026-04-16 03:15:00
2026-04-11,FC001,SNK-BSC-003,131,30,2026-04-16 03:15:00
2026-04-11,FC001,SNK-NUT-004,68,30,2026-04-16 03:15:00
2026-04-11,FC002,FRS-MLK-001,0,30,2026-04-16 03:15:00
2026-04-11,FC002,FRS-YGT-002,55,30,2026-04-16 03:15:00
2026-04-11,FC002,FRS-CHD-003,101,30,2026-04-16 03:15:00
2026-04-11,FC002,FRS-BTR-004,24,30,2026-04-16 03:15:00
2026-04-11,FC002,BAK-BRD-001,69,30,2026-04-16 03:15:00
2026-04-11,FC002,BAK-CRS-002,78,30,2026-04-16 03:15:00
2026-04-11,FC002,BAK-SRD-003,97,30,2026-04-16 03:15:00
2026-04-11,FC002,BAK-BGL-004,46,30,2026-04-16 03:15:00
2026-04-11,FC002,PRD-BAN-001,22,30,2026-04-16 03:15:00
2026-04-11,FC002,PRD-TOM-002,0,30,2026-04-16 03:15:00
2026-04-11,FC002,PRD-BRC-003,105,30,2026-04-16 03:15:00
2026-04-11,FC002,PRD-APL-004,59,30,2026-04-16 03:15:00
2026-04-11,FC002,BEV-COL-001,75,30,2026-04-16 03:15:00
2026-04-11,FC002,BEV-OJU-002,65,30,2026-04-16 03:15:00
2026-04-11,FC002,BEV-WAT-003,7,30,2026-04-16 03:15:00
2026-04-11,FC002,BEV-BER-004,66,30,2026-04-16 03:15:00
2026-04-11,FC002,FRZ-PIZ-001,0,30,2026-04-16 03:15:00
2026-04-11,FC002,FRZ-ICE-002,113,30,2026-04-16 03:15:00
2026-04-11,FC002,FRZ-FRI-003,63,30,2026-04-16 03:15:00
2026-04-11,FC002,FRZ-PEA-004,89,30,2026-04-16 03:15:00
2026-04-11,FC002,SNK-CHP-001,86,30,2026-04-16 03:15:00
2026-04-11,FC002,SNK-CHC-002,88,30,2026-04-16 03:15:00
2026-04-11,FC002,SNK-BSC-003,137,30,2026-04-16 03:15:00
2026-04-11,FC002,SNK-NUT-004,62,30,2026-04-16 03:15:00
2026-04-11,FC003,FRS-MLK-001,47,30,2026-04-16 03:15:00
2026-04-11,FC003,FRS-YGT-002,58,30,2026-04-16 03:15:00
2026-04-11,FC003,FRS-CHD-003,53,30,2026-04-16 03:15:00
2026-04-11,FC003,FRS-BTR-004,32,30,2026-04-16 03:15:00
2026-04-11,FC003,BAK-BRD-001,13,30,2026-04-16 03:15:00
2026-04-11,FC003,BAK-CRS-002,0,30,2026-04-16 03:15:00
2026-04-11,FC003,BAK-SRD-003,38,30,2026-04-16 03:15:00
2026-04-11,FC003,BAK-BGL-004,62,30,2026-04-16 03:15:00
2026-04-11,FC003,PRD-BAN-001,124,30,2026-04-16 03:15:00
2026-04-11,FC003,PRD-TOM-002,130,30,2026-04-16 03:15:00
2026-04-11,FC003,PRD-BRC-003,74,30,2026-04-16 03:15:00
2026-04-11,FC003,PRD-APL-004,67,30,2026-04-16 03:15:00
2026-04-11,FC003,BEV-COL-001,136,30,2026-04-16 03:15:00
2026-04-11,FC003,BEV-OJU-002,87,30,2026-04-16 03:15:00
2026-04-11,FC003,BEV-WAT-003,36,30,2026-04-16 03:15:00
2026-04-11,FC003,BEV-BER-004,33,30,2026-04-16 03:15:00
2026-04-11,FC003,FRZ-PIZ-001,105,30,2026-04-16 03:15:00
2026-04-11,FC003,FRZ-ICE-002,126,30,2026-04-16 03:15:00
2026-04-11,FC003,FRZ-FRI-003,77,30,2026-04-16 03:15:00
2026-04-11,FC003,FRZ-PEA-004,45,30,2026-04-16 03:15:00
2026-04-11,FC003,SNK-CHP-001,29,30,2026-04-16 03:15:00
2026-04-11,FC003,SNK-CHC-002,31,30,2026-04-16 03:15:00
2026-04-11,FC003,SNK-BSC-003,178,30,2026-04-16 03:15:00
2026-04-11,FC003,SNK-NUT-004,69,30,2026-04-16 03:15:00
2026-04-11,FC004,FRS-MLK-001,121,15,2026-04-16 03:15:00
2026-04-11,FC004,FRS-YGT-002,71,15,2026-04-16 03:15:00
2026-04-11,FC004,FRS-CHD-003,58,15,2026-04-16 03:15:00
2026-04-11,FC004,FRS-BTR-004,37,15,2026-04-16 03:15:00
2026-04-11,FC004,BAK-BRD-001,64,15,2026-04-16 03:15:00
2026-04-11,FC004,BAK-CRS-002,135,15,2026-04-16 03:15:00
2026-04-11,FC004,BAK-SRD-003,40,15,2026-04-16 03:15:00
2026-04-11,FC004,BAK-BGL-004,61,15,2026-04-16 03:15:00
2026-04-11,FC004,PRD-BAN-001,128,15,2026-04-16 03:15:00
2026-04-11,FC004,PRD-TOM-002,138,15,2026-04-16 03:15:00
2026-04-11,FC004,PRD-BRC-003,37,15,2026-04-16 03:15:00
2026-04-11,FC004,PRD-APL-004,89,15,2026-04-16 03:15:00
2026-04-11,FC004,BEV-COL-001,14,15,2026-04-16 03:15:00
2026-04-11,FC004,BEV-OJU-002,49,15,2026-04-16 03:15:00
2026-04-11,FC004,BEV-WAT-003,35,15,2026-04-16 03:15:00
2026-04-11,FC004,BEV-BER-004,27,15,2026-04-16 03:15:00
2026-04-11,FC004,FRZ-PIZ-001,90,15,2026-04-16 03:15:00
2026-04-11,FC004,FRZ-ICE-002,50,15,2026-04-16 03:15:00
2026-04-11,FC004,FRZ-FRI-003,77,15,2026-04-16 03:15:00
2026-04-11,FC004,FRZ-PEA-004,33,15,2026-04-16 03:15:00
2026-04-11,FC004,SNK-CHP-001,50,15,2026-04-16 03:15:00
2026-04-11,FC004,SNK-CHC-002,28,15,2026-04-16 03:15:00
2026-04-11,FC004,SNK-BSC-003,145,15,2026-04-16 03:15:00
2026-04-11,FC004,SNK-NUT-004,102,15,2026-04-16 03:15:00
2026-04-11,FC005,FRS-MLK-001,58,30,2026-04-16 03:15:00
2026-04-11,FC005,FRS-YGT-002,129,30,2026-04-16 03:15:00
2026-04-11,FC005,FRS-CHD-003,86,30,2026-04-16 03:15:00
2026-04-11,FC005,FRS-BTR-004,49,30,2026-04-16 03:15:00
2026-04-11,FC005,BAK-BRD-001,78,30,2026-04-16 03:15:00
2026-04-11,FC005,BAK-CRS-002,118,30,2026-04-16 03:15:00
2026-04-11,FC005,BAK-SRD-003,104,30,2026-04-16 03:15:00
2026-04-11,FC005,BAK-BGL-004,73,30,2026-04-16 03:15:00
2026-04-11,FC005,PRD-BAN-001,31,30,2026-04-16 03:15:00
2026-04-11,FC005,PRD-TOM-002,0,30,2026-04-16 03:15:00
2026-04-11,FC005,PRD-BRC-003,3,30,2026-04-16 03:15:00
2026-04-11,FC005,PRD-APL-004,114,30,2026-04-16 03:15:00
2026-04-11,FC005,BEV-COL-001,47,30,2026-04-16 03:15:00
2026-04-11,FC005,BEV-OJU-002,83,30,2026-04-16 03:15:00
2026-04-11,FC005,BEV-WAT-003,106,30,2026-04-16 03:15:00
2026-04-11,FC005,BEV-BER-004,84,30,2026-04-16 03:15:00
2026-04-11,FC005,FRZ-PIZ-001,57,30,2026-04-16 03:15:00
2026-04-11,FC005,FRZ-ICE-002,90,30,2026-04-16 03:15:00
2026-04-11,FC005,FRZ-FRI-003,107,30,2026-04-16 03:15:00
2026-04-11,FC005,FRZ-PEA-004,118,30,2026-04-16 03:15:00
2026-04-11,FC005,SNK-CHP-001,116,30,2026-04-16 03:15:00
2026-04-11,FC005,SNK-CHC-002,123,30,2026-04-16 03:15:00
2026-04-11,FC005,SNK-BSC-003,0,30,2026-04-16 03:15:00
2026-04-11,FC005,SNK-NUT-004,70,30,2026-04-16 03:15:00
2026-04-11,FC006,FRS-MLK-001,50,30,2026-04-16 03:15:00
2026-04-11,FC006,FRS-YGT-002,68,30,2026-04-16 03:15:00
2026-04-11,FC006,FRS-CHD-003,69,30,2026-04-16 03:15:00
2026-04-11,FC006,FRS-BTR-004,6,30,2026-04-16 03:15:00
2026-04-11,FC006,BAK-BRD-001,38,30,2026-04-16 03:15:00
2026-04-11,FC006,BAK-CRS-002,75,30,2026-04-16 03:15:00
2026-04-11,FC006,BAK-SRD-003,124,30,2026-04-16 03:15:00
2026-04-11,FC006,BAK-BGL-004,86,30,2026-04-16 03:15:00
2026-04-11,FC006,PRD-BAN-001,74,30,2026-04-16 03:15:00
2026-04-11,FC006,PRD-TOM-002,93,30,2026-04-16 03:15:00
2026-04-11,FC006,PRD-BRC-003,131,30,2026-04-16 03:15:00
2026-04-11,FC006,PRD-APL-004,127,30,2026-04-16 03:15:00
2026-04-11,FC006,BEV-COL-001,44,30,2026-04-16 03:15:00
2026-04-11,FC006,BEV-OJU-002,68,30,2026-04-16 03:15:00
2026-04-11,FC006,BEV-WAT-003,10,30,2026-04-16 03:15:00
2026-04-11,FC006,BEV-BER-004,129,30,2026-04-16 03:15:00
2026-04-11,FC006,FRZ-PIZ-001,142,30,2026-04-16 03:15:00
2026-04-11,FC006,FRZ-ICE-002,107,30,2026-04-16 03:15:00
2026-04-11,FC006,FRZ-FRI-003,44,30,2026-04-16 03:15:00
2026-04-11,FC006,FRZ-PEA-004,35,30,2026-04-16 03:15:00
2026-04-11,FC006,SNK-CHP-001,31,30,2026-04-16 03:15:00
2026-04-11,FC006,SNK-CHC-002,98,30,2026-04-16 03:15:00
2026-04-11,FC006,SNK-BSC-003,79,30,2026-04-16 03:15:00
2026-04-11,FC006,SNK-NUT-004,112,30,2026-04-16 03:15:00
2026-04-11,FC007,FRS-MLK-001,81,15,2026-04-16 03:15:00
2026-04-11,FC007,FRS-YGT-002,61,15,2026-04-16 03:15:00
2026-04-11,FC007,FRS-CHD-003,56,15,2026-04-16 03:15:00
2026-04-11,FC007,FRS-BTR-004,101,15,2026-04-16 03:15:00
2026-04-11,FC007,BAK-BRD-001,21,15,2026-04-16 03:15:00
2026-04-11,FC007,BAK-CRS-002,68,15,2026-04-16 03:15:00
2026-04-11,FC007,BAK-SRD-003,117,15,2026-04-16 03:15:00
2026-04-11,FC007,BAK-BGL-004,32,15,2026-04-16 03:15:00
2026-04-11,FC007,PRD-BAN-001,67,15,2026-04-16 03:15:00
2026-04-11,FC007,PRD-TOM-002,94,15,2026-04-16 03:15:00
2026-04-11,FC007,PRD-BRC-003,131,15,2026-04-16 03:15:00
2026-04-11,FC007,PRD-APL-004,45,15,2026-04-16 03:15:00
2026-04-11,FC007,BEV-COL-001,93,15,2026-04-16 03:15:00
2026-04-11,FC007,BEV-OJU-002,56,15,2026-04-16 03:15:00
2026-04-11,FC007,BEV-WAT-003,124,15,2026-04-16 03:15:00
2026-04-11,FC007,BEV-BER-004,32,15,2026-04-16 03:15:00
2026-04-11,FC007,FRZ-PIZ-001,166,15,2026-04-16 03:15:00
2026-04-11,FC007,FRZ-ICE-002,28,15,2026-04-16 03:15:00
2026-04-11,FC007,FRZ-FRI-003,133,15,2026-04-16 03:15:00
2026-04-11,FC007,FRZ-PEA-004,157,15,2026-04-16 03:15:00
2026-04-11,FC007,SNK-CHP-001,72,15,2026-04-16 03:15:00
2026-04-11,FC007,SNK-CHC-002,69,15,2026-04-16 03:15:00
2026-04-11,FC007,SNK-BSC-003,12,15,2026-04-16 03:15:00
2026-04-11,FC007,SNK-NUT-004,67,15,2026-04-16 03:15:00
2026-04-11,FC008,FRS-MLK-001,80,15,2026-04-16 03:15:00
2026-04-11,FC008,FRS-YGT-002,53,15,2026-04-16 03:15:00
2026-04-11,FC008,FRS-CHD-003,44,15,2026-04-16 03:15:00
2026-04-11,FC008,FRS-BTR-004,115,15,2026-04-16 03:15:00
2026-04-11,FC008,BAK-BRD-001,36,15,2026-04-16 03:15:00
2026-04-11,FC008,BAK-CRS-002,135,15,2026-04-16 03:15:00
2026-04-11,FC008,BAK-SRD-003,146,15,2026-04-16 03:15:00
2026-04-11,FC008,BAK-BGL-004,91,15,2026-04-16 03:15:00
2026-04-11,FC008,PRD-BAN-001,157,15,2026-04-16 03:15:00
2026-04-11,FC008,PRD-TOM-002,46,15,2026-04-16 03:15:00
2026-04-11,FC008,PRD-BRC-003,0,15,2026-04-16 03:15:00
2026-04-11,FC008,PRD-APL-004,131,15,2026-04-16 03:15:00
2026-04-11,FC008,BEV-COL-001,63,15,2026-04-16 03:15:00
2026-04-11,FC008,BEV-OJU-002,49,15,2026-04-16 03:15:00
2026-04-11,FC008,BEV-WAT-003,66,15,2026-04-16 03:15:00
2026-04-11,FC008,BEV-BER-004,134,15,2026-04-16 03:15:00
2026-04-11,FC008,FRZ-PIZ-001,44,15,2026-04-16 03:15:00
2026-04-11,FC008,FRZ-ICE-002,30,15,2026-04-16 03:15:00
2026-04-11,FC008,FRZ-FRI-003,0,15,2026-04-16 03:15:00
2026-04-11,FC008,FRZ-PEA-004,58,15,2026-04-16 03:15:00
2026-04-11,FC008,SNK-CHP-001,42,15,2026-04-16 03:15:00
2026-04-11,FC008,SNK-CHC-002,87,15,2026-04-16 03:15:00
2026-04-11,FC008,SNK-BSC-003,6,15,2026-04-16 03:15:00
2026-04-11,FC008,SNK-NUT-004,141,15,2026-04-16 03:15:00
2026-04-12,FC001,FRS-MLK-001,42,30,2026-04-16 03:15:00
2026-04-12,FC001,FRS-YGT-002,109,30,2026-04-16 03:15:00
2026-04-12,FC001,FRS-CHD-003,65,30,2026-04-16 03:15:00
2026-04-12,FC001,FRS-BTR-004,35,30,2026-04-16 03:15:00
2026-04-12,FC001,BAK-BRD-001,36,30,2026-04-16 03:15:00
2026-04-12,FC001,BAK-CRS-002,35,30,2026-04-16 03:15:00
2026-04-12,FC001,BAK-SRD-003,92,30,2026-04-16 03:15:00
2026-04-12,FC001,BAK-BGL-004,11,30,2026-04-16 03:15:00
2026-04-12,FC001,PRD-BAN-001,0,30,2026-04-16 03:15:00
2026-04-12,FC001,PRD-TOM-002,55,30,2026-04-16 03:15:00
2026-04-12,FC001,PRD-BRC-003,93,30,2026-04-16 03:15:00
2026-04-12,FC001,PRD-APL-004,50,30,2026-04-16 03:15:00
2026-04-12,FC001,BEV-COL-001,122,30,2026-04-16 03:15:00
2026-04-12,FC001,BEV-OJU-002,58,30,2026-04-16 03:15:00
2026-04-12,FC001,BEV-WAT-003,46,30,2026-04-16 03:15:00
2026-04-12,FC001,BEV-BER-004,41,30,2026-04-16 03:15:00
2026-04-12,FC001,FRZ-PIZ-001,94,30,2026-04-16 03:15:00
2026-04-12,FC001,FRZ-ICE-002,3,30,2026-04-16 03:15:00
2026-04-12,FC001,FRZ-FRI-003,61,30,2026-04-16 03:15:00
2026-04-12,FC001,FRZ-PEA-004,36,30,2026-04-16 03:15:00
2026-04-12,FC001,SNK-CHP-001,75,30,2026-04-16 03:15:00
2026-04-12,FC001,SNK-CHC-002,38,30,2026-04-16 03:15:00
2026-04-12,FC001,SNK-BSC-003,125,30,2026-04-16 03:15:00
2026-04-12,FC001,SNK-NUT-004,45,30,2026-04-16 03:15:00
2026-04-12,FC002,FRS-MLK-001,0,30,2026-04-16 03:15:00
2026-04-12,FC002,FRS-YGT-002,30,30,2026-04-16 03:15:00
2026-04-12,FC002,FRS-CHD-003,73,30,2026-04-16 03:15:00
2026-04-12,FC002,FRS-BTR-004,11,30,2026-04-16 03:15:00
2026-04-12,FC002,BAK-BRD-001,60,30,2026-04-16 03:15:00
2026-04-12,FC002,BAK-CRS-002,72,30,2026-04-16 03:15:00
2026-04-12,FC002,BAK-SRD-003,83,30,2026-04-16 03:15:00
2026-04-12,FC002,BAK-BGL-004,35,30,2026-04-16 03:15:00
2026-04-12,FC002,PRD-BAN-001,17,30,2026-04-16 03:15:00
2026-04-12,FC002,PRD-TOM-002,99,30,2026-04-16 03:15:00
2026-04-12,FC002,PRD-BRC-003,100,30,2026-04-16 03:15:00
2026-04-12,FC002,PRD-APL-004,47,30,2026-04-16 03:15:00
2026-04-12,FC002,BEV-COL-001,60,30,2026-04-16 03:15:00
2026-04-12,FC002,BEV-OJU-002,48,30,2026-04-16 03:15:00
2026-04-12,FC002,BEV-WAT-003,87,30,2026-04-16 03:15:00
2026-04-12,FC002,BEV-BER-004,36,30,2026-04-16 03:15:00
2026-04-12,FC002,FRZ-PIZ-001,0,30,2026-04-16 03:15:00
2026-04-12,FC002,FRZ-ICE-002,91,30,2026-04-16 03:15:00
2026-04-12,FC002,FRZ-FRI-003,34,30,2026-04-16 03:15:00
2026-04-12,FC002,FRZ-PEA-004,62,30,2026-04-16 03:15:00
2026-04-12,FC002,SNK-CHP-001,75,30,2026-04-16 03:15:00
2026-04-12,FC002,SNK-CHC-002,73,30,2026-04-16 03:15:00
2026-04-12,FC002,SNK-BSC-003,121,30,2026-04-16 03:15:00
2026-04-12,FC002,SNK-NUT-004,55,30,2026-04-16 03:15:00
2026-04-12,FC003,FRS-MLK-001,21,30,2026-04-16 03:15:00
2026-04-12,FC003,FRS-YGT-002,41,30,2026-04-16 03:15:00
2026-04-12,FC003,FRS-CHD-003,38,30,2026-04-16 03:15:00
2026-04-12,FC003,FRS-BTR-004,11,30,2026-04-16 03:15:00
2026-04-12,FC003,BAK-BRD-001,65,30,2026-04-16 03:15:00
2026-04-12,FC003,BAK-CRS-002,145,30,2026-04-16 03:15:00
2026-04-12,FC003,BAK-SRD-003,122,30,2026-04-16 03:15:00
2026-04-12,FC003,BAK-BGL-004,33,30,2026-04-16 03:15:00
2026-04-12,FC003,PRD-BAN-001,102,30,2026-04-16 03:15:00
2026-04-12,FC003,PRD-TOM-002,112,30,2026-04-16 03:15:00
2026-04-12,FC003,PRD-BRC-003,66,30,2026-04-16 03:15:00
2026-04-12,FC003,PRD-APL-004,57,30,2026-04-16 03:15:00
2026-04-12,FC003,BEV-COL-001,119,30,2026-04-16 03:15:00
2026-04-12,FC003,BEV-OJU-002,71,30,2026-04-16 03:15:00
2026-04-12,FC003,BEV-WAT-003,160,30,2026-04-16 03:15:00
2026-04-12,FC003,BEV-BER-004,138,30,2026-04-16 03:15:00
2026-04-12,FC003,FRZ-PIZ-001,93,30,2026-04-16 03:15:00
2026-04-12,FC003,FRZ-ICE-002,106,30,2026-04-16 03:15:00
2026-04-12,FC003,FRZ-FRI-003,59,30,2026-04-16 03:15:00
2026-04-12,FC003,FRZ-PEA-004,39,30,2026-04-16 03:15:00
2026-04-12,FC003,SNK-CHP-001,11,30,2026-04-16 03:15:00
2026-04-12,FC003,SNK-CHC-002,27,30,2026-04-16 03:15:00
2026-04-12,FC003,SNK-BSC-003,158,30,2026-04-16 03:15:00
2026-04-12,FC003,SNK-NUT-004,55,30,2026-04-16 03:15:00
2026-04-12,FC004,FRS-MLK-001,118,15,2026-04-16 03:15:00
2026-04-12,FC004,FRS-YGT-002,63,15,2026-04-16 03:15:00
2026-04-12,FC004,FRS-CHD-003,51,15,2026-04-16 03:15:00
2026-04-12,FC004,FRS-BTR-004,35,15,2026-04-16 03:15:00
2026-04-12,FC004,BAK-BRD-001,50,15,2026-04-16 03:15:00
2026-04-12,FC004,BAK-CRS-002,121,15,2026-04-16 03:15:00
2026-04-12,FC004,BAK-SRD-003,30,15,2026-04-16 03:15:00
2026-04-12,FC004,BAK-BGL-004,47,15,2026-04-16 03:15:00
2026-04-12,FC004,PRD-BAN-001,120,15,2026-04-16 03:15:00
2026-04-12,FC004,PRD-TOM-002,132,15,2026-04-16 03:15:00
2026-04-12,FC004,PRD-BRC-003,168,15,2026-04-16 03:15:00
2026-04-12,FC004,PRD-APL-004,81,15,2026-04-16 03:15:00
2026-04-12,FC004,BEV-COL-001,6,15,2026-04-16 03:15:00
2026-04-12,FC004,BEV-OJU-002,39,15,2026-04-16 03:15:00
2026-04-12,FC004,BEV-WAT-003,24,15,2026-04-16 03:15:00
2026-04-12,FC004,BEV-BER-004,76,15,2026-04-16 03:15:00
2026-04-12,FC004,FRZ-PIZ-001,88,15,2026-04-16 03:15:00
2026-04-12,FC004,FRZ-ICE-002,41,15,2026-04-16 03:15:00
2026-04-12,FC004,FRZ-FRI-003,70,15,2026-04-16 03:15:00
2026-04-12,FC004,FRZ-PEA-004,117,15,2026-04-16 03:15:00
2026-04-12,FC004,SNK-CHP-001,48,15,2026-04-16 03:15:00
2026-04-12,FC004,SNK-CHC-002,100,15,2026-04-16 03:15:00
2026-04-12,FC004,SNK-BSC-003,134,15,2026-04-16 03:15:00
2026-04-12,FC004,SNK-NUT-004,96,15,2026-04-16 03:15:00
2026-04-12,FC005,FRS-MLK-001,49,30,2026-04-16 03:15:00
2026-04-12,FC005,FRS-YGT-002,124,30,2026-04-16 03:15:00
2026-04-12,FC005,FRS-CHD-003,73,30,2026-04-16 03:15:00
2026-04-12,FC005,FRS-BTR-004,130,30,2026-04-16 03:15:00
2026-04-12,FC005,BAK-BRD-001,55,30,2026-04-16 03:15:00
2026-04-12,FC005,BAK-CRS-002,109,30,2026-04-16 03:15:00
2026-04-12,FC005,BAK-SRD-003,87,30,2026-04-16 03:15:00
2026-04-12,FC005,BAK-BGL-004,63,30,2026-04-16 03:15:00
2026-04-12,FC005,PRD-BAN-001,67,30,2026-04-16 03:15:00
2026-04-12,FC005,PRD-TOM-002,0,30,2026-04-16 03:15:00
2026-04-12,FC005,PRD-BRC-003,123,30,2026-04-16 03:15:00
2026-04-12,FC005,PRD-APL-004,98,30,2026-04-16 03:15:00
2026-04-12,FC005,BEV-COL-001,43,30,2026-04-16 03:15:00
2026-04-12,FC005,BEV-OJU-002,76,30,2026-04-16 03:15:00
2026-04-12,FC005,BEV-WAT-003,97,30,2026-04-16 03:15:00
2026-04-12,FC005,BEV-BER-004,59,30,2026-04-16 03:15:00
2026-04-12,FC005,FRZ-PIZ-001,32,30,2026-04-16 03:15:00
2026-04-12,FC005,FRZ-ICE-002,73,30,2026-04-16 03:15:00
2026-04-12,FC005,FRZ-FRI-003,92,30,2026-04-16 03:15:00
2026-04-12,FC005,FRZ-PEA-004,100,30,2026-04-16 03:15:00
2026-04-12,FC005,SNK-CHP-001,110,30,2026-04-16 03:15:00
2026-04-12,FC005,SNK-CHC-002,97,30,2026-04-16 03:15:00
2026-04-12,FC005,SNK-BSC-003,0,30,2026-04-16 03:15:00
2026-04-12,FC005,SNK-NUT-004,55,30,2026-04-16 03:15:00
2026-04-12,FC006,FRS-MLK-001,22,30,2026-04-16 03:15:00
2026-04-12,FC006,FRS-YGT-002,63,30,2026-04-16 03:15:00
2026-04-12,FC006,FRS-CHD-003,63,30,2026-04-16 03:15:00
2026-04-12,FC006,FRS-BTR-004,79,30,2026-04-16 03:15:00
2026-04-12,FC006,BAK-BRD-001,87,30,2026-04-16 03:15:00
2026-04-12,FC006,BAK-CRS-002,49,30,2026-04-16 03:15:00
2026-04-12,FC006,BAK-SRD-003,118,30,2026-04-16 03:15:00
2026-04-12,FC006,BAK-BGL-004,58,30,2026-04-16 03:15:00
2026-04-12,FC006,PRD-BAN-001,66,30,2026-04-16 03:15:00
2026-04-12,FC006,PRD-TOM-002,67,30,2026-04-16 03:15:00
2026-04-12,FC006,PRD-BRC-003,125,30,2026-04-16 03:15:00
2026-04-12,FC006,PRD-APL-004,103,30,2026-04-16 03:15:00
2026-04-12,FC006,BEV-COL-001,23,30,2026-04-16 03:15:00
2026-04-12,FC006,BEV-OJU-002,47,30,2026-04-16 03:15:00
2026-04-12,FC006,BEV-WAT-003,69,30,2026-04-16 03:15:00
2026-04-12,FC006,BEV-BER-004,109,30,2026-04-16 03:15:00
2026-04-12,FC006,FRZ-PIZ-001,137,30,2026-04-16 03:15:00
2026-04-12,FC006,FRZ-ICE-002,95,30,2026-04-16 03:15:00
2026-04-12,FC006,FRZ-FRI-003,36,30,2026-04-16 03:15:00
2026-04-12,FC006,FRZ-PEA-004,94,30,2026-04-16 03:15:00
2026-04-12,FC006,SNK-CHP-001,27,30,2026-04-16 03:15:00
2026-04-12,FC006,SNK-CHC-002,73,30,2026-04-16 03:15:00
2026-04-12,FC006,SNK-BSC-003,67,30,2026-04-16 03:15:00
2026-04-12,FC006,SNK-NUT-004,93,30,2026-04-16 03:15:00
2026-04-12,FC007,FRS-MLK-001,75,15,2026-04-16 03:15:00
2026-04-12,FC007,FRS-YGT-002,52,15,2026-04-16 03:15:00
2026-04-12,FC007,FRS-CHD-003,52,15,2026-04-16 03:15:00
2026-04-12,FC007,FRS-BTR-004,97,15,2026-04-16 03:15:00
2026-04-12,FC007,BAK-BRD-001,13,15,2026-04-16 03:15:00
2026-04-12,FC007,BAK-CRS-002,60,15,2026-04-16 03:15:00
2026-04-12,FC007,BAK-SRD-003,104,15,2026-04-16 03:15:00
2026-04-12,FC007,BAK-BGL-004,80,15,2026-04-16 03:15:00
2026-04-12,FC007,PRD-BAN-001,62,15,2026-04-16 03:15:00
2026-04-12,FC007,PRD-TOM-002,85,15,2026-04-16 03:15:00
2026-04-12,FC007,PRD-BRC-003,117,15,2026-04-16 03:15:00
2026-04-12,FC007,PRD-APL-004,42,15,2026-04-16 03:15:00
2026-04-12,FC007,BEV-COL-001,87,15,2026-04-16 03:15:00
2026-04-12,FC007,BEV-OJU-002,47,15,2026-04-16 03:15:00
2026-04-12,FC007,BEV-WAT-003,113,15,2026-04-16 03:15:00
2026-04-12,FC007,BEV-BER-004,119,15,2026-04-16 03:15:00
2026-04-12,FC007,FRZ-PIZ-001,155,15,2026-04-16 03:15:00
2026-04-12,FC007,FRZ-ICE-002,118,15,2026-04-16 03:15:00
2026-04-12,FC007,FRZ-FRI-003,118,15,2026-04-16 03:15:00
2026-04-12,FC007,FRZ-PEA-004,155,15,2026-04-16 03:15:00
2026-04-12,FC007,SNK-CHP-001,61,15,2026-04-16 03:15:00
2026-04-12,FC007,SNK-CHC-002,57,15,2026-04-16 03:15:00
2026-04-12,FC007,SNK-BSC-003,145,15,2026-04-16 03:15:00
2026-04-12,FC007,SNK-NUT-004,63,15,2026-04-16 03:15:00
2026-04-12,FC008,FRS-MLK-001,69,15,2026-04-16 03:15:00
2026-04-12,FC008,FRS-YGT-002,38,15,2026-04-16 03:15:00
2026-04-12,FC008,FRS-CHD-003,18,15,2026-04-16 03:15:00
2026-04-12,FC008,FRS-BTR-004,102,15,2026-04-16 03:15:00
2026-04-12,FC008,BAK-BRD-001,25,15,2026-04-16 03:15:00
2026-04-12,FC008,BAK-CRS-002,118,15,2026-04-16 03:15:00
2026-04-12,FC008,BAK-SRD-003,123,15,2026-04-16 03:15:00
2026-04-12,FC008,BAK-BGL-004,78,15,2026-04-16 03:15:00
2026-04-12,FC008,PRD-BAN-001,129,15,2026-04-16 03:15:00
2026-04-12,FC008,PRD-TOM-002,23,15,2026-04-16 03:15:00
2026-04-12,FC008,PRD-BRC-003,50,15,2026-04-16 03:15:00
2026-04-12,FC008,PRD-APL-004,111,15,2026-04-16 03:15:00
2026-04-12,FC008,BEV-COL-001,44,15,2026-04-16 03:15:00
2026-04-12,FC008,BEV-OJU-002,42,15,2026-04-16 03:15:00
2026-04-12,FC008,BEV-WAT-003,43,15,2026-04-16 03:15:00
2026-04-12,FC008,BEV-BER-004,108,15,2026-04-16 03:15:00
2026-04-12,FC008,FRZ-PIZ-001,15,15,2026-04-16 03:15:00
2026-04-12,FC008,FRZ-ICE-002,3,15,2026-04-16 03:15:00
2026-04-12,FC008,FRZ-FRI-003,0,15,2026-04-16 03:15:00
2026-04-12,FC008,FRZ-PEA-004,31,15,2026-04-16 03:15:00
2026-04-12,FC008,SNK-CHP-001,38,15,2026-04-16 03:15:00
2026-04-12,FC008,SNK-CHC-002,72,15,2026-04-16 03:15:00
2026-04-12,FC008,SNK-BSC-003,68,15,2026-04-16 03:15:00
2026-04-12,FC008,SNK-NUT-004,117,15,2026-04-16 03:15:00
2026-04-13,FC001,FRS-MLK-001,36,30,2026-04-16 03:15:00
2026-04-13,FC001,FRS-YGT-002,103,30,2026-04-16 03:15:00
2026-04-13,FC001,FRS-CHD-003,60,30,2026-04-16 03:15:00
2026-04-13,FC001,FRS-BTR-004,158,30,2026-04-16 03:15:00
2026-04-13,FC001,BAK-BRD-001,168,30,2026-04-16 03:15:00
2026-04-13,FC001,BAK-CRS-002,33,30,2026-04-16 03:15:00
2026-04-13,FC001,BAK-SRD-003,89,30,2026-04-16 03:15:00
2026-04-13,FC001,BAK-BGL-004,0,30,2026-04-16 03:15:00
2026-04-13,FC001,PRD-BAN-001,0,30,2026-04-16 03:15:00
2026-04-13,FC001,PRD-TOM-002,53,30,2026-04-16 03:15:00
2026-04-13,FC001,PRD-BRC-003,91,30,2026-04-16 03:15:00
2026-04-13,FC001,PRD-APL-004,36,30,2026-04-16 03:15:00
2026-04-13,FC001,BEV-COL-001,120,30,2026-04-16 03:15:00
2026-04-13,FC001,BEV-OJU-002,44,30,2026-04-16 03:15:00
2026-04-13,FC001,BEV-WAT-003,42,30,2026-04-16 03:15:00
2026-04-13,FC001,BEV-BER-004,22,30,2026-04-16 03:15:00
2026-04-13,FC001,FRZ-PIZ-001,92,30,2026-04-16 03:15:00
2026-04-13,FC001,FRZ-ICE-002,130,30,2026-04-16 03:15:00
2026-04-13,FC001,FRZ-FRI-003,48,30,2026-04-16 03:15:00
2026-04-13,FC001,FRZ-PEA-004,33,30,2026-04-16 03:15:00
2026-04-13,FC001,SNK-CHP-001,72,30,2026-04-16 03:15:00
2026-04-13,FC001,SNK-CHC-002,35,30,2026-04-16 03:15:00
2026-04-13,FC001,SNK-BSC-003,111,30,2026-04-16 03:15:00
2026-04-13,FC001,SNK-NUT-004,177,30,2026-04-16 03:15:00
2026-04-13,FC002,FRS-MLK-001,0,30,2026-04-16 03:15:00
2026-04-13,FC002,FRS-YGT-002,136,30,2026-04-16 03:15:00
2026-04-13,FC002,FRS-CHD-003,67,30,2026-04-16 03:15:00
2026-04-13,FC002,FRS-BTR-004,114,30,2026-04-16 03:15:00
2026-04-13,FC002,BAK-BRD-001,43,30,2026-04-16 03:15:00
2026-04-13,FC002,BAK-CRS-002,69,30,2026-04-16 03:15:00
2026-04-13,FC002,BAK-SRD-003,66,30,2026-04-16 03:15:00
2026-04-13,FC002,BAK-BGL-004,15,30,2026-04-16 03:15:00
2026-04-13,FC002,PRD-BAN-001,0,30,2026-04-16 03:15:00
2026-04-13,FC002,PRD-TOM-002,80,30,2026-04-16 03:15:00
2026-04-13,FC002,PRD-BRC-003,98,30,2026-04-16 03:15:00
2026-04-13,FC002,PRD-APL-004,44,30,2026-04-16 03:15:00
2026-04-13,FC002,BEV-COL-001,58,30,2026-04-16 03:15:00
2026-04-13,FC002,BEV-OJU-002,44,30,2026-04-16 03:15:00
2026-04-13,FC002,BEV-WAT-003,85,30,2026-04-16 03:15:00
2026-04-13,FC002,BEV-BER-004,16,30,2026-04-16 03:15:00
2026-04-13,FC002,FRZ-PIZ-001,0,30,2026-04-16 03:15:00
2026-04-13,FC002,FRZ-ICE-002,78,30,2026-04-16 03:15:00
2026-04-13,FC002,FRZ-FRI-003,28,30,2026-04-16 03:15:00
2026-04-13,FC002,FRZ-PEA-004,50,30,2026-04-16 03:15:00
2026-04-13,FC002,SNK-CHP-001,69,30,2026-04-16 03:15:00
2026-04-13,FC002,SNK-CHC-002,69,30,2026-04-16 03:15:00
2026-04-13,FC002,SNK-BSC-003,119,30,2026-04-16 03:15:00
2026-04-13,FC002,SNK-NUT-004,40,30,2026-04-16 03:15:00
2026-04-13,FC003,FRS-MLK-001,8,30,2026-04-16 03:15:00
2026-04-13,FC003,FRS-YGT-002,39,30,2026-04-16 03:15:00
2026-04-13,FC003,FRS-CHD-003,151,30,2026-04-16 03:15:00
2026-04-13,FC003,FRS-BTR-004,8,30,2026-04-16 03:15:00
2026-04-13,FC003,BAK-BRD-001,58,30,2026-04-16 03:15:00
2026-04-13,FC003,BAK-CRS-002,128,30,2026-04-16 03:15:00
2026-04-13,FC003,BAK-SRD-003,102,30,2026-04-16 03:15:00
2026-04-13,FC003,BAK-BGL-004,31,30,2026-04-16 03:15:00
2026-04-13,FC003,PRD-BAN-001,91,30,2026-04-16 03:15:00
2026-04-13,FC003,PRD-TOM-002,106,30,2026-04-16 03:15:00
2026-04-13,FC003,PRD-BRC-003,61,30,2026-04-16 03:15:00
2026-04-13,FC003,PRD-APL-004,46,30,2026-04-16 03:15:00
2026-04-13,FC003,BEV-COL-001,100,30,2026-04-16 03:15:00
2026-04-13,FC003,BEV-OJU-002,58,30,2026-04-16 03:15:00
2026-04-13,FC003,BEV-WAT-003,151,30,2026-04-16 03:15:00
2026-04-13,FC003,BEV-BER-004,127,30,2026-04-16 03:15:00
2026-04-13,FC003,FRZ-PIZ-001,82,30,2026-04-16 03:15:00
2026-04-13,FC003,FRZ-ICE-002,95,30,2026-04-16 03:15:00
2026-04-13,FC003,FRZ-FRI-003,53,30,2026-04-16 03:15:00
2026-04-13,FC003,FRZ-PEA-004,21,30,2026-04-16 03:15:00
2026-04-13,FC003,SNK-CHP-001,118,30,2026-04-16 03:15:00
2026-04-13,FC003,SNK-CHC-002,13,30,2026-04-16 03:15:00
2026-04-13,FC003,SNK-BSC-003,150,30,2026-04-16 03:15:00
2026-04-13,FC003,SNK-NUT-004,45,30,2026-04-16 03:15:00
2026-04-13,FC004,FRS-MLK-001,115,15,2026-04-16 03:15:00
2026-04-13,FC004,FRS-YGT-002,58,15,2026-04-16 03:15:00
2026-04-13,FC004,FRS-CHD-003,44,15,2026-04-16 03:15:00
2026-04-13,FC004,FRS-BTR-004,33,15,2026-04-16 03:15:00
2026-04-13,FC004,BAK-BRD-001,46,15,2026-04-16 03:15:00
2026-04-13,FC004,BAK-CRS-002,115,15,2026-04-16 03:15:00
2026-04-13,FC004,BAK-SRD-003,104,15,2026-04-16 03:15:00
2026-04-13,FC004,BAK-BGL-004,40,15,2026-04-16 03:15:00
2026-04-13,FC004,PRD-BAN-001,111,15,2026-04-16 03:15:00
2026-04-13,FC004,PRD-TOM-002,125,15,2026-04-16 03:15:00
2026-04-13,FC004,PRD-BRC-003,167,15,2026-04-16 03:15:00
2026-04-13,FC004,PRD-APL-004,78,15,2026-04-16 03:15:00
2026-04-13,FC004,BEV-COL-001,123,15,2026-04-16 03:15:00
2026-04-13,FC004,BEV-OJU-002,32,15,2026-04-16 03:15:00
2026-04-13,FC004,BEV-WAT-003,17,15,2026-04-16 03:15:00
2026-04-13,FC004,BEV-BER-004,73,15,2026-04-16 03:15:00
2026-04-13,FC004,FRZ-PIZ-001,81,15,2026-04-16 03:15:00
2026-04-13,FC004,FRZ-ICE-002,39,15,2026-04-16 03:15:00
2026-04-13,FC004,FRZ-FRI-003,62,15,2026-04-16 03:15:00
2026-04-13,FC004,FRZ-PEA-004,116,15,2026-04-16 03:15:00
2026-04-13,FC004,SNK-CHP-001,38,15,2026-04-16 03:15:00
2026-04-13,FC004,SNK-CHC-002,91,15,2026-04-16 03:15:00
2026-04-13,FC004,SNK-BSC-003,125,15,2026-04-16 03:15:00
2026-04-13,FC004,SNK-NUT-004,86,15,2026-04-16 03:15:00
2026-04-13,FC005,FRS-MLK-001,31,30,2026-04-16 03:15:00
2026-04-13,FC005,FRS-YGT-002,116,30,2026-04-16 03:15:00
2026-04-13,FC005,FRS-CHD-003,65,30,2026-04-16 03:15:00
2026-04-13,FC005,FRS-BTR-004,112,30,2026-04-16 03:15:00
2026-04-13,FC005,BAK-BRD-001,36,30,2026-04-16 03:15:00
2026-04-13,FC005,BAK-CRS-002,95,30,2026-04-16 03:15:00
2026-04-13,FC005,BAK-SRD-003,83,30,2026-04-16 03:15:00
2026-04-13,FC005,BAK-BGL-004,55,30,2026-04-16 03:15:00
2026-04-13,FC005,PRD-BAN-001,58,30,2026-04-16 03:15:00
2026-04-13,FC005,PRD-TOM-002,150,30,2026-04-16 03:15:00
2026-04-13,FC005,PRD-BRC-003,121,30,2026-04-16 03:15:00
2026-04-13,FC005,PRD-APL-004,89,30,2026-04-16 03:15:00
2026-04-13,FC005,BEV-COL-001,36,30,2026-04-16 03:15:00
2026-04-13,FC005,BEV-OJU-002,65,30,2026-04-16 03:15:00
2026-04-13,FC005,BEV-WAT-003,88,30,2026-04-16 03:15:00
2026-04-13,FC005,BEV-BER-004,57,30,2026-04-16 03:15:00
2026-04-13,FC005,FRZ-PIZ-001,12,30,2026-04-16 03:15:00
2026-04-13,FC005,FRZ-ICE-002,67,30,2026-04-16 03:15:00
2026-04-13,FC005,FRZ-FRI-003,82,30,2026-04-16 03:15:00
2026-04-13,FC005,FRZ-PEA-004,97,30,2026-04-16 03:15:00
2026-04-13,FC005,SNK-CHP-001,97,30,2026-04-16 03:15:00
2026-04-13,FC005,SNK-CHC-002,79,30,2026-04-16 03:15:00
2026-04-13,FC005,SNK-BSC-003,0,30,2026-04-16 03:15:00
2026-04-13,FC005,SNK-NUT-004,53,30,2026-04-16 03:15:00
2026-04-13,FC006,FRS-MLK-001,13,30,2026-04-16 03:15:00
2026-04-13,FC006,FRS-YGT-002,60,30,2026-04-16 03:15:00
2026-04-13,FC006,FRS-CHD-003,61,30,2026-04-16 03:15:00
2026-04-13,FC006,FRS-BTR-004,68,30,2026-04-16 03:15:00
2026-04-13,FC006,BAK-BRD-001,78,30,2026-04-16 03:15:00
2026-04-13,FC006,BAK-CRS-002,44,30,2026-04-16 03:15:00
2026-04-13,FC006,BAK-SRD-003,110,30,2026-04-16 03:15:00
2026-04-13,FC006,BAK-BGL-004,45,30,2026-04-16 03:15:00
2026-04-13,FC006,PRD-BAN-001,52,30,2026-04-16 03:15:00
2026-04-13,FC006,PRD-TOM-002,50,30,2026-04-16 03:15:00
2026-04-13,FC006,PRD-BRC-003,118,30,2026-04-16 03:15:00
2026-04-13,FC006,PRD-APL-004,99,30,2026-04-16 03:15:00
2026-04-13,FC006,BEV-COL-001,10,30,2026-04-16 03:15:00
2026-04-13,FC006,BEV-OJU-002,36,30,2026-04-16 03:15:00
2026-04-13,FC006,BEV-WAT-003,52,30,2026-04-16 03:15:00
2026-04-13,FC006,BEV-BER-004,103,30,2026-04-16 03:15:00
2026-04-13,FC006,FRZ-PIZ-001,126,30,2026-04-16 03:15:00
2026-04-13,FC006,FRZ-ICE-002,77,30,2026-04-16 03:15:00
2026-04-13,FC006,FRZ-FRI-003,110,30,2026-04-16 03:15:00
2026-04-13,FC006,FRZ-PEA-004,76,30,2026-04-16 03:15:00
2026-04-13,FC006,SNK-CHP-001,18,30,2026-04-16 03:15:00
2026-04-13,FC006,SNK-CHC-002,64,30,2026-04-16 03:15:00
2026-04-13,FC006,SNK-BSC-003,56,30,2026-04-16 03:15:00
2026-04-13,FC006,SNK-NUT-004,80,30,2026-04-16 03:15:00
2026-04-13,FC007,FRS-MLK-001,68,15,2026-04-16 03:15:00
2026-04-13,FC007,FRS-YGT-002,48,15,2026-04-16 03:15:00
2026-04-13,FC007,FRS-CHD-003,48,15,2026-04-16 03:15:00
2026-04-13,FC007,FRS-BTR-004,96,15,2026-04-16 03:15:00
2026-04-13,FC007,BAK-BRD-001,155,15,2026-04-16 03:15:00
2026-04-13,FC007,BAK-CRS-002,58,15,2026-04-16 03:15:00
2026-04-13,FC007,BAK-SRD-003,97,15,2026-04-16 03:15:00
2026-04-13,FC007,BAK-BGL-004,79,15,2026-04-16 03:15:00
2026-04-13,FC007,PRD-BAN-001,59,15,2026-04-16 03:15:00
2026-04-13,FC007,PRD-TOM-002,76,15,2026-04-16 03:15:00
2026-04-13,FC007,PRD-BRC-003,111,15,2026-04-16 03:15:00
2026-04-13,FC007,PRD-APL-004,37,15,2026-04-16 03:15:00
2026-04-13,FC007,BEV-COL-001,80,15,2026-04-16 03:15:00
2026-04-13,FC007,BEV-OJU-002,39,15,2026-04-16 03:15:00
2026-04-13,FC007,BEV-WAT-003,112,15,2026-04-16 03:15:00
2026-04-13,FC007,BEV-BER-004,117,15,2026-04-16 03:15:00
2026-04-13,FC007,FRZ-PIZ-001,147,15,2026-04-16 03:15:00
2026-04-13,FC007,FRZ-ICE-002,108,15,2026-04-16 03:15:00
2026-04-13,FC007,FRZ-FRI-003,110,15,2026-04-16 03:15:00
2026-04-13,FC007,FRZ-PEA-004,148,15,2026-04-16 03:15:00
2026-04-13,FC007,SNK-CHP-001,55,15,2026-04-16 03:15:00
2026-04-13,FC007,SNK-CHC-002,49,15,2026-04-16 03:15:00
2026-04-13,FC007,SNK-BSC-003,138,15,2026-04-16 03:15:00
2026-04-13,FC007,SNK-NUT-004,54,15,2026-04-16 03:15:00
2026-04-13,FC008,FRS-MLK-001,63,15,2026-04-16 03:15:00
2026-04-13,FC008,FRS-YGT-002,32,15,2026-04-16 03:15:00
2026-04-13,FC008,FRS-CHD-003,89,15,2026-04-16 03:15:00
2026-04-13,FC008,FRS-BTR-004,85,15,2026-04-16 03:15:00
2026-04-13,FC008,BAK-BRD-001,17,15,2026-04-16 03:15:00
2026-04-13,FC008,BAK-CRS-002,113,15,2026-04-16 03:15:00
2026-04-13,FC008,BAK-SRD-003,115,15,2026-04-16 03:15:00
2026-04-13,FC008,BAK-BGL-004,73,15,2026-04-16 03:15:00
2026-04-13,FC008,PRD-BAN-001,125,15,2026-04-16 03:15:00
2026-04-13,FC008,PRD-TOM-002,15,15,2026-04-16 03:15:00
2026-04-13,FC008,PRD-BRC-003,42,15,2026-04-16 03:15:00
2026-04-13,FC008,PRD-APL-004,106,15,2026-04-16 03:15:00
2026-04-13,FC008,BEV-COL-001,33,15,2026-04-16 03:15:00
2026-04-13,FC008,BEV-OJU-002,22,15,2026-04-16 03:15:00
2026-04-13,FC008,BEV-WAT-003,36,15,2026-04-16 03:15:00
2026-04-13,FC008,BEV-BER-004,94,15,2026-04-16 03:15:00
2026-04-13,FC008,FRZ-PIZ-001,8,15,2026-04-16 03:15:00
2026-04-13,FC008,FRZ-ICE-002,0,15,2026-04-16 03:15:00
2026-04-13,FC008,FRZ-FRI-003,134,15,2026-04-16 03:15:00
2026-04-13,FC008,FRZ-PEA-004,70,15,2026-04-16 03:15:00
2026-04-13,FC008,SNK-CHP-001,153,15,2026-04-16 03:15:00
2026-04-13,FC008,SNK-CHC-002,70,15,2026-04-16 03:15:00
2026-04-13,FC008,SNK-BSC-003,62,15,2026-04-16 03:15:00
2026-04-13,FC008,SNK-NUT-004,109,15,2026-04-16 03:15:00
2026-04-14,FC001,FRS-MLK-001,23,30,2026-04-16 03:15:00
2026-04-14,FC001,FRS-YGT-002,101,30,2026-04-16 03:15:00
2026-04-14,FC001,FRS-CHD-003,40,30,2026-04-16 03:15:00
2026-04-14,FC001,FRS-BTR-004,155,30,2026-04-16 03:15:00
2026-04-14,FC001,BAK-BRD-001,149,30,2026-04-16 03:15:00
2026-04-14,FC001,BAK-CRS-002,24,30,2026-04-16 03:15:00
2026-04-14,FC001,BAK-SRD-003,73,30,2026-04-16 03:15:00
2026-04-14,FC001,BAK-BGL-004,135,30,2026-04-16 03:15:00
2026-04-14,FC001,PRD-BAN-001,0,30,2026-04-16 03:15:00
2026-04-14,FC001,PRD-TOM-002,40,30,2026-04-16 03:15:00
2026-04-14,FC001,PRD-BRC-003,81,30,2026-04-16 03:15:00
2026-04-14,FC001,PRD-APL-004,134,30,2026-04-16 03:15:00
2026-04-14,FC001,BEV-COL-001,116,30,2026-04-16 03:15:00
2026-04-14,FC001,BEV-OJU-002,38,30,2026-04-16 03:15:00
2026-04-14,FC001,BEV-WAT-003,38,30,2026-04-16 03:15:00
2026-04-14,FC001,BEV-BER-004,5,30,2026-04-16 03:15:00
2026-04-14,FC001,FRZ-PIZ-001,78,30,2026-04-16 03:15:00
2026-04-14,FC001,FRZ-ICE-002,112,30,2026-04-16 03:15:00
2026-04-14,FC001,FRZ-FRI-003,46,30,2026-04-16 03:15:00
2026-04-14,FC001,FRZ-PEA-004,171,30,2026-04-16 03:15:00
2026-04-14,FC001,SNK-CHP-001,63,30,2026-04-16 03:15:00
2026-04-14,FC001,SNK-CHC-002,77,30,2026-04-16 03:15:00
2026-04-14,FC001,SNK-BSC-003,100,30,2026-04-16 03:15:00
2026-04-14,FC001,SNK-NUT-004,174,30,2026-04-16 03:15:00
2026-04-14,FC002,FRS-MLK-001,0,30,2026-04-16 03:15:00
2026-04-14,FC002,FRS-YGT-002,131,30,2026-04-16 03:15:00
2026-04-14,FC002,FRS-CHD-003,59,30,2026-04-16 03:15:00
2026-04-14,FC002,FRS-BTR-004,100,30,2026-04-16 03:15:00
2026-04-14,FC002,BAK-BRD-001,31,30,2026-04-16 03:15:00
2026-04-14,FC002,BAK-CRS-002,59,30,2026-04-16 03:15:00
2026-04-14,FC002,BAK-SRD-003,64,30,2026-04-16 03:15:00
2026-04-14,FC002,BAK-BGL-004,87,30,2026-04-16 03:15:00
2026-04-14,FC002,PRD-BAN-001,86,30,2026-04-16 03:15:00
2026-04-14,FC002,PRD-TOM-002,72,30,2026-04-16 03:15:00
2026-04-14,FC002,PRD-BRC-003,87,30,2026-04-16 03:15:00
2026-04-14,FC002,PRD-APL-004,35,30,2026-04-16 03:15:00
2026-04-14,FC002,BEV-COL-001,44,30,2026-04-16 03:15:00
2026-04-14,FC002,BEV-OJU-002,38,30,2026-04-16 03:15:00
2026-04-14,FC002,BEV-WAT-003,69,30,2026-04-16 03:15:00
2026-04-14,FC002,BEV-BER-004,54,30,2026-04-16 03:15:00
2026-04-14,FC002,FRZ-PIZ-001,0,30,2026-04-16 03:15:00
2026-04-14,FC002,FRZ-ICE-002,61,30,2026-04-16 03:15:00
2026-04-14,FC002,FRZ-FRI-003,19,30,2026-04-16 03:15:00
2026-04-14,FC002,FRZ-PEA-004,33,30,2026-04-16 03:15:00
2026-04-14,FC002,SNK-CHP-001,57,30,2026-04-16 03:15:00
2026-04-14,FC002,SNK-CHC-002,50,30,2026-04-16 03:15:00
2026-04-14,FC002,SNK-BSC-003,103,30,2026-04-16 03:15:00
2026-04-14,FC002,SNK-NUT-004,37,30,2026-04-16 03:15:00
2026-04-14,FC003,FRS-MLK-001,0,30,2026-04-16 03:15:00
2026-04-14,FC003,FRS-YGT-002,31,30,2026-04-16 03:15:00
2026-04-14,FC003,FRS-CHD-003,147,30,2026-04-16 03:15:00
2026-04-14,FC003,FRS-BTR-004,0,30,2026-04-16 03:15:00
2026-04-14,FC003,BAK-BRD-001,50,30,2026-04-16 03:15:00
2026-04-14,FC003,BAK-CRS-002,124,30,2026-04-16 03:15:00
2026-04-14,FC003,BAK-SRD-003,98,30,2026-04-16 03:15:00
2026-04-14,FC003,BAK-BGL-004,169,30,2026-04-16 03:15:00
2026-04-14,FC003,PRD-BAN-001,85,30,2026-04-16 03:15:00
2026-04-14,FC003,PRD-TOM-002,87,30,2026-04-16 03:15:00
2026-04-14,FC003,PRD-BRC-003,52,30,2026-04-16 03:15:00
2026-04-14,FC003,PRD-APL-004,79,30,2026-04-16 03:15:00
2026-04-14,FC003,BEV-COL-001,92,30,2026-04-16 03:15:00
2026-04-14,FC003,BEV-OJU-002,44,30,2026-04-16 03:15:00
2026-04-14,FC003,BEV-WAT-003,149,30,2026-04-16 03:15:00
2026-04-14,FC003,BEV-BER-004,115,30,2026-04-16 03:15:00
2026-04-14,FC003,FRZ-PIZ-001,69,30,2026-04-16 03:15:00
2026-04-14,FC003,FRZ-ICE-002,82,30,2026-04-16 03:15:00
2026-04-14,FC003,FRZ-FRI-003,40,30,2026-04-16 03:15:00
2026-04-14,FC003,FRZ-PEA-004,85,30,2026-04-16 03:15:00
2026-04-14,FC003,SNK-CHP-001,99,30,2026-04-16 03:15:00
2026-04-14,FC003,SNK-CHC-002,7,30,2026-04-16 03:15:00
2026-04-14,FC003,SNK-BSC-003,132,30,2026-04-16 03:15:00
2026-04-14,FC003,SNK-NUT-004,35,30,2026-04-16 03:15:00
2026-04-14,FC004,FRS-MLK-001,114,15,2026-04-16 03:15:00
2026-04-14,FC004,FRS-YGT-002,48,15,2026-04-16 03:15:00
2026-04-14,FC004,FRS-CHD-003,40,15,2026-04-16 03:15:00
2026-04-14,FC004,FRS-BTR-004,27,15,2026-04-16 03:15:00
2026-04-14,FC004,BAK-BRD-001,39,15,2026-04-16 03:15:00
2026-04-14,FC004,BAK-CRS-002,114,15,2026-04-16 03:15:00
2026-04-14,FC004,BAK-SRD-003,99,15,2026-04-16 03:15:00
2026-04-14,FC004,BAK-BGL-004,38,15,2026-04-16 03:15:00
2026-04-14,FC004,PRD-BAN-001,109,15,2026-04-16 03:15:00
2026-04-14,FC004,PRD-TOM-002,116,15,2026-04-16 03:15:00
2026-04-14,FC004,PRD-BRC-003,163,15,2026-04-16 03:15:00
2026-04-14,FC004,PRD-APL-004,73,15,2026-04-16 03:15:00
2026-04-14,FC004,BEV-COL-001,113,15,2026-04-16 03:15:00
2026-04-14,FC004,BEV-OJU-002,138,15,2026-04-16 03:15:00
2026-04-14,FC004,BEV-WAT-003,71,15,2026-04-16 03:15:00
2026-04-14,FC004,BEV-BER-004,66,15,2026-04-16 03:15:00
2026-04-14,FC004,FRZ-PIZ-001,72,15,2026-04-16 03:15:00
2026-04-14,FC004,FRZ-ICE-002,33,15,2026-04-16 03:15:00
2026-04-14,FC004,FRZ-FRI-003,59,15,2026-04-16 03:15:00
2026-04-14,FC004,FRZ-PEA-004,108,15,2026-04-16 03:15:00
2026-04-14,FC004,SNK-CHP-001,29,15,2026-04-16 03:15:00
2026-04-14,FC004,SNK-CHC-002,83,15,2026-04-16 03:15:00
2026-04-14,FC004,SNK-BSC-003,123,15,2026-04-16 03:15:00
2026-04-14,FC004,SNK-NUT-004,83,15,2026-04-16 03:15:00
2026-04-14,FC005,FRS-MLK-001,75,30,2026-04-16 03:15:00
2026-04-14,FC005,FRS-YGT-002,110,30,2026-04-16 03:15:00
2026-04-14,FC005,FRS-CHD-003,47,30,2026-04-16 03:15:00
2026-04-14,FC005,FRS-BTR-004,98,30,2026-04-16 03:15:00
2026-04-14,FC005,BAK-BRD-001,109,30,2026-04-16 03:15:00
2026-04-14,FC005,BAK-CRS-002,90,30,2026-04-16 03:15:00
2026-04-14,FC005,BAK-SRD-003,66,30,2026-04-16 03:15:00
2026-04-14,FC005,BAK-BGL-004,46,30,2026-04-16 03:15:00
2026-04-14,FC005,PRD-BAN-001,42,30,2026-04-16 03:15:00
2026-04-14,FC005,PRD-TOM-002,132,30,2026-04-16 03:15:00
2026-04-14,FC005,PRD-BRC-003,110,30,2026-04-16 03:15:00
2026-04-14,FC005,PRD-APL-004,86,30,2026-04-16 03:15:00
2026-04-14,FC005,BEV-COL-001,113,30,2026-04-16 03:15:00
2026-04-14,FC005,BEV-OJU-002,58,30,2026-04-16 03:15:00
2026-04-14,FC005,BEV-WAT-003,83,30,2026-04-16 03:15:00
2026-04-14,FC005,BEV-BER-004,47,30,2026-04-16 03:15:00
2026-04-14,FC005,FRZ-PIZ-001,140,30,2026-04-16 03:15:00
2026-04-14,FC005,FRZ-ICE-002,52,30,2026-04-16 03:15:00
2026-04-14,FC005,FRZ-FRI-003,69,30,2026-04-16 03:15:00
2026-04-14,FC005,FRZ-PEA-004,89,30,2026-04-16 03:15:00
2026-04-14,FC005,SNK-CHP-001,89,30,2026-04-16 03:15:00
2026-04-14,FC005,SNK-CHC-002,68,30,2026-04-16 03:15:00
2026-04-14,FC005,SNK-BSC-003,0,30,2026-04-16 03:15:00
2026-04-14,FC005,SNK-NUT-004,43,30,2026-04-16 03:15:00
2026-04-14,FC006,FRS-MLK-001,7,30,2026-04-16 03:15:00
2026-04-14,FC006,FRS-YGT-002,42,30,2026-04-16 03:15:00
2026-04-14,FC006,FRS-CHD-003,53,30,2026-04-16 03:15:00
2026-04-14,FC006,FRS-BTR-004,51,30,2026-04-16 03:15:00
2026-04-14,FC006,BAK-BRD-001,66,30,2026-04-16 03:15:00
2026-04-14,FC006,BAK-CRS-002,30,30,2026-04-16 03:15:00
2026-04-14,FC006,BAK-SRD-003,98,30,2026-04-16 03:15:00
2026-04-14,FC006,BAK-BGL-004,30,30,2026-04-16 03:15:00
2026-04-14,FC006,PRD-BAN-001,42,30,2026-04-16 03:15:00
2026-04-14,FC006,PRD-TOM-002,44,30,2026-04-16 03:15:00
2026-04-14,FC006,PRD-BRC-003,104,30,2026-04-16 03:15:00
2026-04-14,FC006,PRD-APL-004,95,30,2026-04-16 03:15:00
2026-04-14,FC006,BEV-COL-001,133,30,2026-04-16 03:15:00
2026-04-14,FC006,BEV-OJU-002,21,30,2026-04-16 03:15:00
2026-04-14,FC006,BEV-WAT-003,46,30,2026-04-16 03:15:00
2026-04-14,FC006,BEV-BER-004,88,30,2026-04-16 03:15:00
2026-04-14,FC006,FRZ-PIZ-001,120,30,2026-04-16 03:15:00
2026-04-14,FC006,FRZ-ICE-002,72,30,2026-04-16 03:15:00
2026-04-14,FC006,FRZ-FRI-003,104,30,2026-04-16 03:15:00
2026-04-14,FC006,FRZ-PEA-004,65,30,2026-04-16 03:15:00
2026-04-14,FC006,SNK-CHP-001,5,30,2026-04-16 03:15:00
2026-04-14,FC006,SNK-CHC-002,49,30,2026-04-16 03:15:00
2026-04-14,FC006,SNK-BSC-003,53,30,2026-04-16 03:15:00
2026-04-14,FC006,SNK-NUT-004,69,30,2026-04-16 03:15:00
2026-04-14,FC007,FRS-MLK-001,65,15,2026-04-16 03:15:00
2026-04-14,FC007,FRS-YGT-002,43,15,2026-04-16 03:15:00
2026-04-14,FC007,FRS-CHD-003,45,15,2026-04-16 03:15:00
2026-04-14,FC007,FRS-BTR-004,91,15,2026-04-16 03:15:00
2026-04-14,FC007,BAK-BRD-001,149,15,2026-04-16 03:15:00
2026-04-14,FC007,BAK-CRS-002,51,15,2026-04-16 03:15:00
2026-04-14,FC007,BAK-SRD-003,94,15,2026-04-16 03:15:00
2026-04-14,FC007,BAK-BGL-004,73,15,2026-04-16 03:15:00
2026-04-14,FC007,PRD-BAN-001,53,15,2026-04-16 03:15:00
2026-04-14,FC007,PRD-TOM-002,69,15,2026-04-16 03:15:00
2026-04-14,FC007,PRD-BRC-003,101,15,2026-04-16 03:15:00
2026-04-14,FC007,PRD-APL-004,36,15,2026-04-16 03:15:00
2026-04-14,FC007,BEV-COL-001,78,15,2026-04-16 03:15:00
2026-04-14,FC007,BEV-OJU-002,33,15,2026-04-16 03:15:00
2026-04-14,FC007,BEV-WAT-003,104,15,2026-04-16 03:15:00
2026-04-14,FC007,BEV-BER-004,114,15,2026-04-16 03:15:00
2026-04-14,FC007,FRZ-PIZ-001,146,15,2026-04-16 03:15:00
2026-04-14,FC007,FRZ-ICE-002,98,15,2026-04-16 03:15:00
2026-04-14,FC007,FRZ-FRI-003,107,15,2026-04-16 03:15:00
2026-04-14,FC007,FRZ-PEA-004,144,15,2026-04-16 03:15:00
2026-04-14,FC007,SNK-CHP-001,50,15,2026-04-16 03:15:00
2026-04-14,FC007,SNK-CHC-002,42,15,2026-04-16 03:15:00
2026-04-14,FC007,SNK-BSC-003,132,15,2026-04-16 03:15:00
2026-04-14,FC007,SNK-NUT-004,49,15,2026-04-16 03:15:00
2026-04-14,FC008,FRS-MLK-001,59,15,2026-04-16 03:15:00
2026-04-14,FC008,FRS-YGT-002,173,15,2026-04-16 03:15:00
2026-04-14,FC008,FRS-CHD-003,74,15,2026-04-16 03:15:00
2026-04-14,FC008,FRS-BTR-004,66,15,2026-04-16 03:15:00
2026-04-14,FC008,BAK-BRD-001,6,15,2026-04-16 03:15:00
2026-04-14,FC008,BAK-CRS-002,106,15,2026-04-16 03:15:00
2026-04-14,FC008,BAK-SRD-003,95,15,2026-04-16 03:15:00
2026-04-14,FC008,BAK-BGL-004,55,15,2026-04-16 03:15:00
2026-04-14,FC008,PRD-BAN-001,106,15,2026-04-16 03:15:00
2026-04-14,FC008,PRD-TOM-002,8,15,2026-04-16 03:15:00
2026-04-14,FC008,PRD-BRC-003,35,15,2026-04-16 03:15:00
2026-04-14,FC008,PRD-APL-004,97,15,2026-04-16 03:15:00
2026-04-14,FC008,BEV-COL-001,14,15,2026-04-16 03:15:00
2026-04-14,FC008,BEV-OJU-002,10,15,2026-04-16 03:15:00
2026-04-14,FC008,BEV-WAT-003,20,15,2026-04-16 03:15:00
2026-04-14,FC008,BEV-BER-004,89,15,2026-04-16 03:15:00
2026-04-14,FC008,FRZ-PIZ-001,0,15,2026-04-16 03:15:00
2026-04-14,FC008,FRZ-ICE-002,0,15,2026-04-16 03:15:00
2026-04-14,FC008,FRZ-FRI-003,124,15,2026-04-16 03:15:00
2026-04-14,FC008,FRZ-PEA-004,59,15,2026-04-16 03:15:00
2026-04-14,FC008,SNK-CHP-001,150,15,2026-04-16 03:15:00
2026-04-14,FC008,SNK-CHC-002,60,15,2026-04-16 03:15:00
2026-04-14,FC008,SNK-BSC-003,56,15,2026-04-16 03:15:00
2026-04-14,FC008,SNK-NUT-004,94,15,2026-04-16 03:15:00
2026-04-15,FC001,FRS-MLK-001,10,30,2026-04-16 03:15:00
2026-04-15,FC001,FRS-YGT-002,92,30,2026-04-16 03:15:00
2026-04-15,FC001,FRS-CHD-003,148,30,2026-04-16 03:15:00
2026-04-15,FC001,FRS-BTR-004,141,30,2026-04-16 03:15:00
2026-04-15,FC001,BAK-BRD-001,138,30,2026-04-16 03:15:00
2026-04-15,FC001,BAK-CRS-002,139,30,2026-04-16 03:15:00
2026-04-15,FC001,BAK-SRD-003,66,30,2026-04-16 03:15:00
2026-04-15,FC001,BAK-BGL-004,116,30,2026-04-16 03:15:00
2026-04-15,FC001,PRD-BAN-001,0,30,2026-04-16 03:15:00
2026-04-15,FC001,PRD-TOM-002,25,30,2026-04-16 03:15:00
2026-04-15,FC001,PRD-BRC-003,75,30,2026-04-16 03:15:00
2026-04-15,FC001,PRD-APL-004,127,30,2026-04-16 03:15:00
2026-04-15,FC001,BEV-COL-001,107,30,2026-04-16 03:15:00
2026-04-15,FC001,BEV-OJU-002,129,30,2026-04-16 03:15:00
2026-04-15,FC001,BEV-WAT-003,31,30,2026-04-16 03:15:00
2026-04-15,FC001,BEV-BER-004,0,30,2026-04-16 03:15:00
2026-04-15,FC001,FRZ-PIZ-001,65,30,2026-04-16 03:15:00
2026-04-15,FC001,FRZ-ICE-002,95,30,2026-04-16 03:15:00
2026-04-15,FC001,FRZ-FRI-003,43,30,2026-04-16 03:15:00
2026-04-15,FC001,FRZ-PEA-004,159,30,2026-04-16 03:15:00
2026-04-15,FC001,SNK-CHP-001,55,30,2026-04-16 03:15:00
2026-04-15,FC001,SNK-CHC-002,72,30,2026-04-16 03:15:00
2026-04-15,FC001,SNK-BSC-003,98,30,2026-04-16 03:15:00
2026-04-15,FC001,SNK-NUT-004,163,30,2026-04-16 03:15:00
2026-04-15,FC002,FRS-MLK-001,0,30,2026-04-16 03:15:00
2026-04-15,FC002,FRS-YGT-002,116,30,2026-04-16 03:15:00
2026-04-15,FC002,FRS-CHD-003,47,30,2026-04-16 03:15:00
2026-04-15,FC002,FRS-BTR-004,89,30,2026-04-16 03:15:00
2026-04-15,FC002,BAK-BRD-001,98,30,2026-04-16 03:15:00
2026-04-15,FC002,BAK-CRS-002,50,30,2026-04-16 03:15:00
2026-04-15,FC002,BAK-SRD-003,46,30,2026-04-16 03:15:00
2026-04-15,FC002,BAK-BGL-004,72,30,2026-04-16 03:15:00
2026-04-15,FC002,PRD-BAN-001,78,30,2026-04-16 03:15:00
2026-04-15,FC002,PRD-TOM-002,59,30,2026-04-16 03:15:00
2026-04-15,FC002,PRD-BRC-003,80,30,2026-04-16 03:15:00
2026-04-15,FC002,PRD-APL-004,90,30,2026-04-16 03:15:00
2026-04-15,FC002,BEV-COL-001,26,30,2026-04-16 03:15:00
2026-04-15,FC002,BEV-OJU-002,28,30,2026-04-16 03:15:00
2026-04-15,FC002,BEV-WAT-003,51,30,2026-04-16 03:15:00
2026-04-15,FC002,BEV-BER-004,49,30,2026-04-16 03:15:00
2026-04-15,FC002,FRZ-PIZ-001,0,30,2026-04-16 03:15:00
2026-04-15,FC002,FRZ-ICE-002,46,30,2026-04-16 03:15:00
2026-04-15,FC002,FRZ-FRI-003,13,30,2026-04-16 03:15:00
2026-04-15,FC002,FRZ-PEA-004,20,30,2026-04-16 03:15:00
2026-04-15,FC002,SNK-CHP-001,55,30,2026-04-16 03:15:00
2026-04-15,FC002,SNK-CHC-002,36,30,2026-04-16 03:15:00
2026-04-15,FC002,SNK-BSC-003,88,30,2026-04-16 03:15:00
2026-04-15,FC002,SNK-NUT-004,98,30,2026-04-16 03:15:00
2026-04-15,FC003,FRS-MLK-001,0,30,2026-04-16 03:15:00
2026-04-15,FC003,FRS-YGT-002,28,30,2026-04-16 03:15:00
2026-04-15,FC003,FRS-CHD-003,133,30,2026-04-16 03:15:00
2026-04-15,FC003,FRS-BTR-004,137,30,2026-04-16 03:15:00
2026-04-15,FC003,BAK-BRD-001,40,30,2026-04-16 03:15:00
2026-04-15,FC003,BAK-CRS-002,114,30,2026-04-16 03:15:00
2026-04-15,FC003,BAK-SRD-003,90,30,2026-04-16 03:15:00
2026-04-15,FC003,BAK-BGL-004,166,30,2026-04-16 03:15:00
2026-04-15,FC003,PRD-BAN-001,79,30,2026-04-16 03:15:00
2026-04-15,FC003,PRD-TOM-002,85,30,2026-04-16 03:15:00
2026-04-15,FC003,PRD-BRC-003,40,30,2026-04-16 03:15:00
2026-04-15,FC003,PRD-APL-004,65,30,2026-04-16 03:15:00
2026-04-15,FC003,BEV-COL-001,78,30,2026-04-16 03:15:00
2026-04-15,FC003,BEV-OJU-002,38,30,2026-04-16 03:15:00
2026-04-15,FC003,BEV-WAT-003,139,30,2026-04-16 03:15:00
2026-04-15,FC003,BEV-BER-004,106,30,2026-04-16 03:15:00
2026-04-15,FC003,FRZ-PIZ-001,51,30,2026-04-16 03:15:00
2026-04-15,FC003,FRZ-ICE-002,78,30,2026-04-16 03:15:00
2026-04-15,FC003,FRZ-FRI-003,25,30,2026-04-16 03:15:00
2026-04-15,FC003,FRZ-PEA-004,83,30,2026-04-16 03:15:00
2026-04-15,FC003,SNK-CHP-001,80,30,2026-04-16 03:15:00
2026-04-15,FC003,SNK-CHC-002,0,30,2026-04-16 03:15:00
2026-04-15,FC003,SNK-BSC-003,112,30,2026-04-16 03:15:00
2026-04-15,FC003,SNK-NUT-004,70,30,2026-04-16 03:15:00
2026-04-15,FC004,FRS-MLK-001,105,15,2026-04-16 03:15:00
2026-04-15,FC004,FRS-YGT-002,46,15,2026-04-16 03:15:00
2026-04-15,FC004,FRS-CHD-003,33,15,2026-04-16 03:15:00
2026-04-15,FC004,FRS-BTR-004,23,15,2026-04-16 03:15:00
2026-04-15,FC004,BAK-BRD-001,38,15,2026-04-16 03:15:00
2026-04-15,FC004,BAK-CRS-002,107,15,2026-04-16 03:15:00
2026-04-15,FC004,BAK-SRD-003,93,15,2026-04-16 03:15:00
2026-04-15,FC004,BAK-BGL-004,33,15,2026-04-16 03:15:00
2026-04-15,FC004,PRD-BAN-001,100,15,2026-04-16 03:15:00
2026-04-15,FC004,PRD-TOM-002,114,15,2026-04-16 03:15:00
2026-04-15,FC004,PRD-BRC-003,162,15,2026-04-16 03:15:00
2026-04-15,FC004,PRD-APL-004,70,15,2026-04-16 03:15:00
2026-04-15,FC004,BEV-COL-001,109,15,2026-04-16 03:15:00
2026-04-15,FC004,BEV-OJU-002,131,15,2026-04-16 03:15:00
2026-04-15,FC004,BEV-WAT-003,65,15,2026-04-16 03:15:00
2026-04-15,FC004,BEV-BER-004,63,15,2026-04-16 03:15:00
2026-04-15,FC004,FRZ-PIZ-001,69,15,2026-04-16 03:15:00
2026-04-15,FC004,FRZ-ICE-002,120,15,2026-04-16 03:15:00
2026-04-15,FC004,FRZ-FRI-003,50,15,2026-04-16 03:15:00
2026-04-15,FC004,FRZ-PEA-004,104,15,2026-04-16 03:15:00
2026-04-15,FC004,SNK-CHP-001,162,15,2026-04-16 03:15:00
2026-04-15,FC004,SNK-CHC-002,82,15,2026-04-16 03:15:00
2026-04-15,FC004,SNK-BSC-003,117,15,2026-04-16 03:15:00
2026-04-15,FC004,SNK-NUT-004,75,15,2026-04-16 03:15:00
2026-04-15,FC005,FRS-MLK-001,64,30,2026-04-16 03:15:00
2026-04-15,FC005,FRS-YGT-002,106,30,2026-04-16 03:15:00
2026-04-15,FC005,FRS-CHD-003,99,30,2026-04-16 03:15:00
2026-04-15,FC005,FRS-BTR-004,96,30,2026-04-16 03:15:00
2026-04-15,FC005,BAK-BRD-001,92,30,2026-04-16 03:15:00
2026-04-15,FC005,BAK-CRS-002,76,30,2026-04-16 03:15:00
2026-04-15,FC005,BAK-SRD-003,47,30,2026-04-16 03:15:00
2026-04-15,FC005,BAK-BGL-004,40,30,2026-04-16 03:15:00
2026-04-15,FC005,PRD-BAN-001,33,30,2026-04-16 03:15:00
2026-04-15,FC005,PRD-TOM-002,117,30,2026-04-16 03:15:00
2026-04-15,FC005,PRD-BRC-003,101,30,2026-04-16 03:15:00
2026-04-15,FC005,PRD-APL-004,77,30,2026-04-16 03:15:00
2026-04-15,FC005,BEV-COL-001,93,30,2026-04-16 03:15:00
2026-04-15,FC005,BEV-OJU-002,40,30,2026-04-16 03:15:00
2026-04-15,FC005,BEV-WAT-003,79,30,2026-04-16 03:15:00
2026-04-15,FC005,BEV-BER-004,27,30,2026-04-16 03:15:00
2026-04-15,FC005,FRZ-PIZ-001,137,30,2026-04-16 03:15:00
2026-04-15,FC005,FRZ-ICE-002,39,30,2026-04-16 03:15:00
2026-04-15,FC005,FRZ-FRI-003,58,30,2026-04-16 03:15:00
2026-04-15,FC005,FRZ-PEA-004,82,30,2026-04-16 03:15:00
2026-04-15,FC005,SNK-CHP-001,79,30,2026-04-16 03:15:00
2026-04-15,FC005,SNK-CHC-002,50,30,2026-04-16 03:15:00
2026-04-15,FC005,SNK-BSC-003,0,30,2026-04-16 03:15:00
2026-04-15,FC005,SNK-NUT-004,37,30,2026-04-16 03:15:00
2026-04-15,FC006,FRS-MLK-001,4,30,2026-04-16 03:15:00
2026-04-15,FC006,FRS-YGT-002,39,30,2026-04-16 03:15:00
2026-04-15,FC006,FRS-CHD-003,51,30,2026-04-16 03:15:00
2026-04-15,FC006,FRS-BTR-004,39,30,2026-04-16 03:15:00
2026-04-15,FC006,BAK-BRD-001,49,30,2026-04-16 03:15:00
2026-04-15,FC006,BAK-CRS-002,12,30,2026-04-16 03:15:00
2026-04-15,FC006,BAK-SRD-003,91,30,2026-04-16 03:15:00
2026-04-15,FC006,BAK-BGL-004,27,30,2026-04-16 03:15:00
2026-04-15,FC006,PRD-BAN-001,24,30,2026-04-16 03:15:00
2026-04-15,FC006,PRD-TOM-002,32,30,2026-04-16 03:15:00
2026-04-15,FC006,PRD-BRC-003,87,30,2026-04-16 03:15:00
2026-04-15,FC006,PRD-APL-004,79,30,2026-04-16 03:15:00
2026-04-15,FC006,BEV-COL-001,121,30,2026-04-16 03:15:00
2026-04-15,FC006,BEV-OJU-002,3,30,2026-04-16 03:15:00
2026-04-15,FC006,BEV-WAT-003,44,30,2026-04-16 03:15:00
2026-04-15,FC006,BEV-BER-004,71,30,2026-04-16 03:15:00
2026-04-15,FC006,FRZ-PIZ-001,104,30,2026-04-16 03:15:00
2026-04-15,FC006,FRZ-ICE-002,62,30,2026-04-16 03:15:00
2026-04-15,FC006,FRZ-FRI-003,101,30,2026-04-16 03:15:00
2026-04-15,FC006,FRZ-PEA-004,51,30,2026-04-16 03:15:00
2026-04-15,FC006,SNK-CHP-001,3,30,2026-04-16 03:15:00
2026-04-15,FC006,SNK-CHC-002,40,30,2026-04-16 03:15:00
2026-04-15,FC006,SNK-BSC-003,34,30,2026-04-16 03:15:00
2026-04-15,FC006,SNK-NUT-004,52,30,2026-04-16 03:15:00
2026-04-15,FC007,FRS-MLK-001,58,15,2026-04-16 03:15:00
2026-04-15,FC007,FRS-YGT-002,37,15,2026-04-16 03:15:00
2026-04-15,FC007,FRS-CHD-003,39,15,2026-04-16 03:15:00
2026-04-15,FC007,FRS-BTR-004,82,15,2026-04-16 03:15:00
2026-04-15,FC007,BAK-BRD-001,143,15,2026-04-16 03:15:00
2026-04-15,FC007,BAK-CRS-002,46,15,2026-04-16 03:15:00
2026-04-15,FC007,BAK-SRD-003,93,15,2026-04-16 03:15:00
2026-04-15,FC007,BAK-BGL-004,72,15,2026-04-16 03:15:00
2026-04-15,FC007,PRD-BAN-001,51,15,2026-04-16 03:15:00
2026-04-15,FC007,PRD-TOM-002,64,15,2026-04-16 03:15:00
2026-04-15,FC007,PRD-BRC-003,93,15,2026-04-16 03:15:00
2026-04-15,FC007,PRD-APL-004,33,15,2026-04-16 03:15:00
2026-04-15,FC007,BEV-COL-001,76,15,2026-04-16 03:15:00
2026-04-15,FC007,BEV-OJU-002,27,15,2026-04-16 03:15:00
2026-04-15,FC007,BEV-WAT-003,102,15,2026-04-16 03:15:00
2026-04-15,FC007,BEV-BER-004,112,15,2026-04-16 03:15:00
2026-04-15,FC007,FRZ-PIZ-001,136,15,2026-04-16 03:15:00
2026-04-15,FC007,FRZ-ICE-002,97,15,2026-04-16 03:15:00
2026-04-15,FC007,FRZ-FRI-003,97,15,2026-04-16 03:15:00
2026-04-15,FC007,FRZ-PEA-004,141,15,2026-04-16 03:15:00
2026-04-15,FC007,SNK-CHP-001,44,15,2026-04-16 03:15:00
2026-04-15,FC007,SNK-CHC-002,34,15,2026-04-16 03:15:00
2026-04-15,FC007,SNK-BSC-003,131,15,2026-04-16 03:15:00
2026-04-15,FC007,SNK-NUT-004,47,15,2026-04-16 03:15:00
2026-04-15,FC008,FRS-MLK-001,39,15,2026-04-16 03:15:00
2026-04-15,FC008,FRS-YGT-002,164,15,2026-04-16 03:15:00
2026-04-15,FC008,FRS-CHD-003,61,15,2026-04-16 03:15:00
2026-04-15,FC008,FRS-BTR-004,56,15,2026-04-16 03:15:00
2026-04-15,FC008,BAK-BRD-001,55,15,2026-04-16 03:15:00
2026-04-15,FC008,BAK-CRS-002,86,15,2026-04-16 03:15:00
2026-04-15,FC008,BAK-SRD-003,83,15,2026-04-16 03:15:00
2026-04-15,FC008,BAK-BGL-004,53,15,2026-04-16 03:15:00
2026-04-15,FC008,PRD-BAN-001,95,15,2026-04-16 03:15:00
2026-04-15,FC008,PRD-TOM-002,152,15,2026-04-16 03:15:00
2026-04-15,FC008,PRD-BRC-003,32,15,2026-04-16 03:15:00
2026-04-15,FC008,PRD-APL-004,83,15,2026-04-16 03:15:00
2026-04-15,FC008,BEV-COL-001,56,15,2026-04-16 03:15:00
2026-04-15,FC008,BEV-OJU-002,0,15,2026-04-16 03:15:00
2026-04-15,FC008,BEV-WAT-003,134,15,2026-04-16 03:15:00
2026-04-15,FC008,BEV-BER-004,79,15,2026-04-16 03:15:00
2026-04-15,FC008,FRZ-PIZ-001,57,15,2026-04-16 03:15:00
2026-04-15,FC008,FRZ-ICE-002,0,15,2026-04-16 03:15:00
2026-04-15,FC008,FRZ-FRI-003,114,15,2026-04-16 03:15:00
2026-04-15,FC008,FRZ-PEA-004,43,15,2026-04-16 03:15:00
2026-04-15,FC008,SNK-CHP-001,130,15,2026-04-16 03:15:00
2026-04-15,FC008,SNK-CHC-002,44,15,2026-04-16 03:15:00
2026-04-15,FC008,SNK-BSC-003,51,15,2026-04-16 03:15:00
2026-04-15,FC008,SNK-NUT-004,86,15,2026-04-16 03:15:00
